repeat,alpha_C,alpha_rho,alpha_F,alpha_Q,alpha_eta,TP,FP,TN,FN,recall,frr,precision,specificity,f1,mcc,balanced_accuracy
0,0.24941804215425473,0.1335951292533616,0.10087363977443363,0.5109901668695779,0.005123021948372288,1385,194,7761,221,0.8623910336239103,0.02438717787554997,0.8771374287523749,0.97561282212445,0.869701726844584,0.8437075833267418,0.9190019278741801
1,0.3652673861753211,0.16195260151983162,0.06370517641034751,0.40608957775126925,0.0029852581432305157,1377,192,7781,231,0.8563432835820896,0.024081274300765083,0.8776290630975143,0.9759187256992349,0.8668555240793202,0.8404889977254104,0.9161310046406622
2,0.3652673861753211,0.16195260151983162,0.06370517641034751,0.40608957775126925,0.0029852581432305157,1372,184,7747,234,0.8542963885429639,0.023200100870003782,0.8817480719794345,0.9767998991299962,0.8678051865907654,0.8416947844691943,0.9155481438364801
3,0.24941804215425473,0.1335951292533616,0.10087363977443363,0.5109901668695779,0.005123021948372288,1376,196,7795,226,0.8589263420724095,0.02452759354273558,0.8753180661577609,0.9754724064572644,0.8670447385003149,0.8407462448353479,0.917199374264837
4,0.3652673861753211,0.16195260151983162,0.06370517641034751,0.40608957775126925,0.0029852581432305157,1383,182,7784,231,0.8568773234200744,0.022847100175746926,0.8837060702875399,0.9771528998242531,0.8700849323686694,0.8443932844348301,0.9170151116221638
5,0.3652673861753211,0.16195260151983162,0.06370517641034751,0.40608957775126925,0.0029852581432305157,1369,188,7752,239,0.8513681592039801,0.02367758186397985,0.8792549775208734,0.9763224181360202,0.8650868878357029,0.8384485401511592,0.9138452886700001
6,0.3652673861753211,0.16195260151983162,0.06370517641034751,0.40608957775126925,0.0029852581432305157,1382,182,7739,226,0.8594527363184079,0.02297689685645752,0.8836317135549873,0.9770231031435425,0.8713745271122321,0.84581457745275,0.9182379197309751
7,0.3652673861753211,0.16195260151983162,0.06370517641034751,0.40608957775126925,0.0029852581432305157,1374,187,7769,234,0.8544776119402985,0.023504273504273504,0.8802049967969251,0.9764957264957265,0.8671505206689807,0.8409102365111379,0.9154866692180125
8,0.3652673861753211,0.16195260151983162,0.06370517641034751,0.40608957775126925,0.0029852581432305157,1387,183,7749,219,0.8636363636363636,0.023071104387291982,0.8834394904458599,0.976928895612708,0.8734256926952142,0.8482250048209453,0.9202826296245359
9,0.3652673861753211,0.16195260151983162,0.06370517641034751,0.40608957775126925,0.0029852581432305157,1379,184,7760,239,0.8522867737948084,0.023162134944612285,0.8822776711452335,0.9768378650553877,0.8670229487582521,0.8406812476907225,0.914562319425098
10,0.3652673861753211,0.16195260151983162,0.06370517641034751,0.40608957775126925,0.0029852581432305157,1389,187,7768,221,0.8627329192546583,0.023507228158390948,0.8813451776649747,0.9764927718416091,0.871939736346516,0.8464230530582758,0.9196128455481337
11,0.3652673861753211,0.16195260151983162,0.06370517641034751,0.40608957775126925,0.0029852581432305157,1384,186,7758,228,0.858560794044665,0.023413897280966767,0.8815286624203822,0.9765861027190332,0.8698931489629164,0.8440157073769088,0.9175734483818492
12,0.3652673861753211,0.16195260151983162,0.06370517641034751,0.40608957775126925,0.0029852581432305157,1386,183,7760,232,0.8566131025957973,0.023039153972050863,0.8833652007648184,0.9769608460279492,0.8697834954502668,0.8438912110727882,0.9167869743118733
13,0.3652673861753211,0.16195260151983162,0.06370517641034751,0.40608957775126925,0.0029852581432305157,1373,189,7763,235,0.8538557213930348,0.023767605633802816,0.8790012804097311,0.9762323943661971,0.8662460567823344,0.8397967496489062,0.915044057879616
14,0.3652673861753211,0.16195260151983162,0.06370517641034751,0.40608957775126925,0.0029852581432305157,1355,188,7791,243,0.8479349186483104,0.023561849855871664,0.8781594296824368,0.9764381501441284,0.8627825533269659,0.8360601790575324,0.9121865343962194
15,0.3652673861753211,0.16195260151983162,0.06370517641034751,0.40608957775126925,0.0029852581432305157,1368,188,7795,240,0.8507462686567164,0.02355004384316673,0.8791773778920309,0.9764499561568333,0.8647281921618205,0.8381792277140478,0.9135981124067749
16,0.3652673861753211,0.16195260151983162,0.06370517641034751,0.40608957775126925,0.0029852581432305157,1365,197,7794,241,0.8499377334993773,0.024652734326116883,0.8738796414852753,0.9753472656738831,0.8617424242424242,0.8345336091426533,0.9126424995866302
17,0.3652673861753211,0.16195260151983162,0.06370517641034751,0.40608957775126925,0.0029852581432305157,1376,195,7785,230,0.8567870485678705,0.02443609022556391,0.875875238701464,0.9755639097744361,0.8662259993704753,0.8397322723441032,0.9161754791711533
18,0.3652673861753211,0.16195260151983162,0.06370517641034751,0.40608957775126925,0.0029852581432305157,1378,190,7744,228,0.8580323785803238,0.023947567431308294,0.8788265306122449,0.9760524325686917,0.8683049779458099,0.8421169464618087,0.9170424055745077
19,0.3652673861753211,0.16195260151983162,0.06370517641034751,0.40608957775126925,0.0029852581432305157,1376,188,7758,230,0.8567870485678705,0.02365970299521772,0.8797953964194374,0.9763402970047823,0.8681388012618296,0.8420173451242485,0.9165636727863264
20,0.3652673861753211,0.16195260151983162,0.06370517641034751,0.40608957775126925,0.0029852581432305157,1375,184,7745,231,0.8561643835616438,0.023205952831378485,0.881975625400898,0.9767940471686215,0.8688783570300157,0.8429264416593281,0.9164792153651327
21,0.3652673861753211,0.16195260151983162,0.06370517641034751,0.40608957775126925,0.0029852581432305157,1365,192,7774,233,0.8541927409261577,0.024102435350238514,0.8766859344894027,0.9758975646497615,0.8652931854199682,0.8387927341979615,0.9150451527879596
22,0.3652673861753211,0.16195260151983162,0.06370517641034751,0.40608957775126925,0.0029852581432305157,1374,192,7763,230,0.8566084788029925,0.024135763670647393,0.8773946360153256,0.9758642363293526,0.8668769716088328,0.8405073135281073,0.9162363575661725
23,0.3652673861753211,0.16195260151983162,0.06370517641034751,0.40608957775126925,0.0029852581432305157,1369,186,7778,241,0.8503105590062112,0.0233550979407333,0.8803858520900322,0.9766449020592667,0.865086887835703,0.8385623893656019,0.913477730532739
24,0.3652673861753211,0.16195260151983162,0.06370517641034751,0.40608957775126925,0.0029852581432305157,1381,185,7749,235,0.8545792079207921,0.023317368288379128,0.8818646232439336,0.9766826317116208,0.8680075424261471,0.8417797562208373,0.9156309198162065
25,0.3652673861753211,0.16195260151983162,0.06370517641034751,0.40608957775126925,0.0029852581432305157,1377,188,7764,233,0.8552795031055901,0.023641851106639838,0.8798722044728434,0.9763581488933601,0.8674015748031496,0.8411327606998595,0.9158188259994751
26,0.3652673861753211,0.16195260151983162,0.06370517641034751,0.40608957775126925,0.0029852581432305157,1389,186,7762,223,0.8616625310173698,0.023402113739305487,0.8819047619047619,0.9765978862606945,0.8716661437088171,0.8460824132880612,0.9191302086390322
27,0.3652673861753211,0.16195260151983162,0.06370517641034751,0.40608957775126925,0.0029852581432305157,1374,192,7782,228,0.8576779026217228,0.024078254326561323,0.8773946360153256,0.9759217456734387,0.8674242424242424,0.8412300101248198,0.9167998241475808
28,0.3652673861753211,0.16195260151983162,0.06370517641034751,0.40608957775126925,0.0029852581432305157,1382,184,7732,224,0.8605230386052304,0.023244062657908033,0.8825031928480205,0.976755937342092,0.8713745271122322,0.8457705978525644,0.9186394879736612
29,0.3652673861753211,0.16195260151983162,0.06370517641034751,0.40608957775126925,0.0029852581432305157,1377,185,7764,233,0.8552795031055901,0.023273367719209962,0.881562099871959,0.97672663228079,0.8682219419924337,0.8421542653507752,0.9160030676931901
30,0.3652673861753211,0.16195260151983162,0.06370517641034751,0.40608957775126925,0.0029852581432305157,1361,197,7799,237,0.8516896120150188,0.024637318659329666,0.8735558408215661,0.9753626813406704,0.8624841571609634,0.8355146317167519,0.9135261466778446
31,0.3652673861753211,0.16195260151983162,0.06370517641034751,0.40608957775126925,0.0029852581432305157,1373,183,7766,237,0.8527950310559006,0.023021763743867153,0.8823907455012854,0.9769782362561329,0.8673404927353127,0.8411964299158803,0.9148866336560167
32,0.3652673861753211,0.16195260151983162,0.06370517641034751,0.40608957775126925,0.0029852581432305157,1382,183,7774,232,0.8562577447335812,0.022998617569435716,0.8830670926517572,0.9770013824305643,0.8694558037118592,0.8436096905360236,0.9166295635820727
33,0.3652673861753211,0.16195260151983162,0.06370517641034751,0.40608957775126925,0.0029852581432305157,1381,191,7792,223,0.8609725685785536,0.023925842415132157,0.878498727735369,0.9760741575848678,0.8696473551637279,0.8438337948865793,0.9185233630817107
34,0.3652673861753211,0.16195260151983162,0.06370517641034751,0.40608957775126925,0.0029852581432305157,1367,187,7768,247,0.8469640644361834,0.023507228158390948,0.8796653796653797,0.9764927718416091,0.8630050505050507,0.836056111704479,0.9117284181388963
35,0.3652673861753211,0.16195260151983162,0.06370517641034751,0.40608957775126925,0.0029852581432305157,1369,193,7785,237,0.8524283935242839,0.024191526698420656,0.8764404609475032,0.9758084733015794,0.8642676767676768,0.8375148204829428,0.9141184334129316
36,0.3652673861753211,0.16195260151983162,0.06370517641034751,0.40608957775126925,0.0029852581432305157,1381,181,7775,231,0.8566997518610422,0.02275012569130216,0.884122919334187,0.9772498743086978,0.8701953371140517,0.8445423194238226,0.91697481308487
37,0.24941804215425473,0.1335951292533616,0.10087363977443363,0.5109901668695779,0.005123021948372288,1385,196,7772,215,0.865625,0.02459839357429719,0.8760278304870335,0.9754016064257028,0.8707953473750393,0.8450581840147766,0.9205133032128514
38,0.3652673861753211,0.16195260151983162,0.06370517641034751,0.40608957775126925,0.0029852581432305157,1367,183,7756,239,0.8511830635118306,0.023050762060712937,0.8819354838709678,0.9769492379392871,0.8662864385297845,0.8400019863253408,0.9140661507255589
39,0.3652673861753211,0.16195260151983162,0.06370517641034751,0.40608957775126925,0.0029852581432305157,1366,184,7776,246,0.847394540942928,0.023115577889447236,0.8812903225806452,0.9768844221105528,0.8640101201771031,0.8373481994152417,0.9121394815267404
40,0.3652673861753211,0.16195260151983162,0.06370517641034751,0.40608957775126925,0.0029852581432305157,1384,188,7761,228,0.858560794044665,0.02365077368222418,0.8804071246819338,0.9763492263177759,0.8693467336683416,0.8433463296472192,0.9174550101812204
41,0.3652673861753211,0.16195260151983162,0.06370517641034751,0.40608957775126925,0.0029852581432305157,1378,185,7741,236,0.8537794299876085,0.023340903356043403,0.8816378758797185,0.9766590966439566,0.867485048788165,0.841176252333819,0.9152192633157825
42,0.3652673861753211,0.16195260151983162,0.06370517641034751,0.40608957775126925,0.0029852581432305157,1367,192,7766,235,0.8533083645443196,0.02412666499120382,0.876844130853111,0.9758733350087961,0.8649161657703258,0.8382773637112024,0.9145908497765578
43,0.3652673861753211,0.16195260151983162,0.06370517641034751,0.40608957775126925,0.0029852581432305157,1367,189,7766,235,0.8533083645443196,0.023758642363293527,0.87853470437018,0.9762413576367065,0.8657378087397087,0.8392992568028333,0.9147748610905131
44,0.3652673861753211,0.16195260151983162,0.06370517641034751,0.40608957775126925,0.0029852581432305157,1372,187,7767,230,0.8564294631710362,0.023510183555443803,0.8800513149454778,0.9764898164445562,0.8680797216070862,0.8420548050456579,0.9164596398077962
45,0.3652673861753211,0.16195260151983162,0.06370517641034751,0.40608957775126925,0.0029852581432305157,1383,188,7774,223,0.861145703611457,0.02361215774930922,0.8803309993634627,0.9763878422506908,0.8706326723323891,0.844956648421206,0.9187667729310739
46,0.3652673861753211,0.16195260151983162,0.06370517641034751,0.40608957775126925,0.0029852581432305157,1376,190,7759,240,0.8514851485148515,0.02390237765756699,0.8786717752234994,0.976097622342433,0.8648648648648649,0.8380590882894031,0.9137913854286422
47,0.3652673861753211,0.16195260151983162,0.06370517641034751,0.40608957775126925,0.0029852581432305157,1369,189,7777,235,0.8534912718204489,0.023725834797891036,0.8786906290115533,0.976274165202109,0.8659076533839343,0.8395053667822856,0.9148827185112789
48,0.3652673861753211,0.16195260151983162,0.06370517641034751,0.40608957775126925,0.0029852581432305157,1385,185,7780,219,0.8634663341645885,0.02322661644695543,0.8821656050955414,0.9767733835530445,0.8727158160050409,0.8474822364972815,0.9201198588588165
49,0.3652673861753211,0.16195260151983162,0.06370517641034751,0.40608957775126925,0.0029852581432305157,1369,186,7748,235,0.8534912718204489,0.02344340811696496,0.8803858520900322,0.976556591883035,0.866729977841089,0.8404331123203219,0.9150239318517419
50,0.3652673861753211,0.16195260151983162,0.06370517641034751,0.40608957775126925,0.0029852581432305157,1364,194,7787,240,0.8503740648379052,0.024307730860794387,0.8754813863928113,0.9756922691392056,0.8627450980392156,0.8357673523097522,0.9130331669885554
51,0.3652673861753211,0.16195260151983162,0.06370517641034751,0.40608957775126925,0.0029852581432305157,1373,188,7769,229,0.8570536828963795,0.023626995098655273,0.8795643818065343,0.9763730049013447,0.8681631362630414,0.8421339708113568,0.9167133438988622
52,0.3652673861753211,0.16195260151983162,0.06370517641034751,0.40608957775126925,0.0029852581432305157,1381,183,7749,231,0.8566997518610422,0.023071104387291982,0.8829923273657289,0.976928895612708,0.8696473551637279,0.8437750553357364,0.9168143237368751
53,0.3652673861753211,0.16195260151983162,0.06370517641034751,0.40608957775126925,0.0029852581432305157,1376,187,7771,230,0.8567870485678705,0.023498366423724555,0.8803582853486884,0.9765016335762754,0.8684127485011045,0.8424004629973584,0.9166443410720729
54,0.3652673861753211,0.16195260151983162,0.06370517641034751,0.40608957775126925,0.0029852581432305157,1371,185,7783,243,0.8494423791821561,0.023217871485943776,0.8811053984575835,0.9767821285140562,0.8649842271293374,0.8384364044306828,0.9131122538481062
55,0.3652673861753211,0.16195260151983162,0.06370517641034751,0.40608957775126925,0.0029852581432305157,1371,187,7766,239,0.8515527950310559,0.02351313969571231,0.87997432605905,0.9764868603042877,0.8655303030303031,0.8390062004219998,0.9140198276676718
56,0.24941804215425473,0.1335951292533616,0.10087363977443363,0.5109901668695779,0.005123021948372288,1377,193,7781,225,0.8595505617977528,0.02420366190117883,0.8770700636942675,0.9757963380988212,0.8682219419924339,0.8421289892484587,0.917673449948287
57,0.24941804215425473,0.1335951292533616,0.10087363977443363,0.5109901668695779,0.005123021948372288,1395,187,7788,217,0.8653846153846154,0.023448275862068966,0.881795195954488,0.976551724137931,0.8735128365685659,0.8482877818391643,0.9209681697612733
58,0.24941804215425473,0.1335951292533616,0.10087363977443363,0.5109901668695779,0.005123021948372288,1383,191,7772,217,0.864375,0.02398593494913977,0.8786531130876747,0.9760140650508602,0.8714555765595463,0.8459217031021129,0.9201945325254302
59,0.24941804215425473,0.1335951292533616,0.10087363977443363,0.5109901668695779,0.005123021948372288,1381,197,7783,225,0.8599003735990037,0.02468671679197995,0.8751584283903675,0.97531328320802,0.8674623115577889,0.8411167303536945,0.9176068284035119
60,0.3652673861753211,0.16195260151983162,0.06370517641034751,0.40608957775126925,0.0029852581432305157,1380,185,7772,232,0.8560794044665012,0.023249968581123538,0.8817891373801917,0.9767500314188765,0.8687440982058545,0.8427573590336351,0.9164147179426889
61,0.3652673861753211,0.16195260151983162,0.06370517641034751,0.40608957775126925,0.0029852581432305157,1375,183,7759,237,0.8529776674937966,0.02304205489801058,0.8825417201540436,0.9769579451019894,0.8675078864353313,0.8413403954780655,0.914967806297893
62,0.3652673861753211,0.16195260151983162,0.06370517641034751,0.40608957775126925,0.0029852581432305157,1373,190,7760,237,0.8527950310559006,0.02389937106918239,0.8784388995521433,0.9761006289308176,0.8654270406555309,0.838790167746358,0.9144478299933592
63,0.3652673861753211,0.16195260151983162,0.06370517641034751,0.40608957775126925,0.0029852581432305157,1387,183,7740,223,0.8614906832298137,0.023097311624384703,0.8834394904458599,0.9769026883756153,0.8723270440251573,0.8468713056297417,0.9191966858027145
64,0.3652673861753211,0.16195260151983162,0.06370517641034751,0.40608957775126925,0.0029852581432305157,1368,189,7762,236,0.8528678304239401,0.02377059489372406,0.8786127167630058,0.976229405106276,0.865548876937678,0.8390416497413088,0.9145486177651081
65,0.3652673861753211,0.16195260151983162,0.06370517641034751,0.40608957775126925,0.0029852581432305157,1372,185,7770,240,0.8511166253101737,0.023255813953488372,0.8811817597944765,0.9767441860465116,0.865888292836857,0.8394587710533281,0.9139304056783426
66,0.3652673861753211,0.16195260151983162,0.06370517641034751,0.40608957775126925,0.0029852581432305157,1386,185,7743,228,0.8587360594795539,0.023335015136226035,0.8822406110757479,0.976664984863774,0.8703296703296703,0.8444697606889903,0.9177005221716639
67,0.3652673861753211,0.16195260151983162,0.06370517641034751,0.40608957775126925,0.0029852581432305157,1384,184,7744,230,0.8574969021065675,0.02320887991927346,0.8826530612244898,0.9767911200807265,0.8698931489629165,0.8439922322662116,0.9171440110936471
68,0.3652673861753211,0.16195260151983162,0.06370517641034751,0.40608957775126925,0.0029852581432305157,1389,187,7737,231,0.8574074074074074,0.023599192327107523,0.8813451776649747,0.9764008076728925,0.8692115143929913,0.843030216322473,0.91690410754015
69,0.24941804215425473,0.1335951292533616,0.10087363977443363,0.5109901668695779,0.005123021948372288,1362,198,7805,234,0.8533834586466166,0.024740722229164062,0.8730769230769231,0.975259277770836,0.8631178707224334,0.8362706718786783,0.9143213682087263
70,0.3652673861753211,0.16195260151983162,0.06370517641034751,0.40608957775126925,0.0029852581432305157,1379,187,7770,233,0.8554590570719603,0.023501319592811362,0.8805874840357599,0.9764986804071887,0.8678414096916299,0.8416590074959136,0.9159788687395745
71,0.3652673861753211,0.16195260151983162,0.06370517641034751,0.40608957775126925,0.0029852581432305157,1361,193,7772,237,0.8516896120150188,0.02423101067168864,0.8758043758043758,0.9757689893283114,0.8635786802030456,0.8367830958153811,0.9137293006716651
72,0.3652673861753211,0.16195260151983162,0.06370517641034751,0.40608957775126925,0.0029852581432305157,1375,188,7772,231,0.8561643835616438,0.023618090452261306,0.8797184900831734,0.9763819095477387,0.8677816345850426,0.8416505243989335,0.9162731465546913
73,0.3652673861753211,0.16195260151983162,0.06370517641034751,0.40608957775126925,0.0029852581432305157,1377,182,7755,235,0.8542183622828784,0.022930578304145143,0.8832584990378448,0.9770694216958549,0.8684957426679281,0.842491756422753,0.9156438919893666
74,0.3652673861753211,0.16195260151983162,0.06370517641034751,0.40608957775126925,0.0029852581432305157,1375,183,7778,235,0.8540372670807453,0.022987061926893607,0.8825417201540436,0.9770129380731064,0.8680555555555555,0.8420593703047162,0.9155251025769259
75,0.3652673861753211,0.16195260151983162,0.06370517641034751,0.40608957775126925,0.0029852581432305157,1371,185,7763,239,0.8515527950310559,0.02327629592350277,0.8811053984575835,0.9767237040764972,0.8660770688566013,0.8396786998681797,0.9141382495537765
76,0.3652673861753211,0.16195260151983162,0.06370517641034751,0.40608957775126925,0.0029852581432305157,1385,186,7767,219,0.8634663341645885,0.023387400980761978,0.8816040738383195,0.976612599019238,0.8724409448818897,0.8471006631215912,0.9200394665919133
77,0.3652673861753211,0.16195260151983162,0.06370517641034751,0.40608957775126925,0.0029852581432305157,1374,189,7779,240,0.8513011152416357,0.02371987951807229,0.8790786948176583,0.9762801204819277,0.8649669499527857,0.8382961415492399,0.9137906178617816
78,0.3652673861753211,0.16195260151983162,0.06370517641034751,0.40608957775126925,0.0029852581432305157,1371,194,7774,233,0.8547381546134664,0.024347389558232933,0.876038338658147,0.9756526104417671,0.8652571789207951,0.8386239674090652,0.9151953825276167
79,0.24941804215425473,0.1335951292533616,0.10087363977443363,0.5109901668695779,0.005123021948372288,1367,192,7773,225,0.8586683417085427,0.024105461393596987,0.876844130853111,0.975894538606403,0.8676610599809583,0.8416077547976525,0.9172814401574728
80,0.3652673861753211,0.16195260151983162,0.06370517641034751,0.40608957775126925,0.0029852581432305157,1376,192,7756,230,0.8567870485678705,0.02415702063412179,0.8775510204081632,0.9758429793658782,0.867044738500315,0.8406516830384464,0.9163150139668743
81,0.3652673861753211,0.16195260151983162,0.06370517641034751,0.40608957775126925,0.0029852581432305157,1376,186,7775,234,0.8546583850931677,0.023363899007662354,0.8809218950064021,0.9766361009923377,0.8675914249684742,0.8414377423894462,0.9156472430427527
82,0.3652673861753211,0.16195260151983162,0.06370517641034751,0.40608957775126925,0.0029852581432305157,1378,185,7741,236,0.8537794299876085,0.023340903356043403,0.8816378758797185,0.9766590966439566,0.867485048788165,0.841176252333819,0.9152192633157825
83,0.3652673861753211,0.16195260151983162,0.06370517641034751,0.40608957775126925,0.0029852581432305157,1373,194,7776,237,0.8527950310559006,0.024341279799247176,0.8761965539246969,0.9756587202007528,0.8643374252439407,0.8374874310303974,0.9142268756283267
84,0.24941804215425473,0.1335951292533616,0.10087363977443363,0.5109901668695779,0.005123021948372288,1376,189,7758,224,0.86,0.02378255945639864,0.8792332268370607,0.9762174405436014,0.8695102685624012,0.8436606366018736,0.9181087202718007
85,0.3652673861753211,0.16195260151983162,0.06370517641034751,0.40608957775126925,0.0029852581432305157,1366,189,7767,246,0.847394540942928,0.023755656108597284,0.8784565916398713,0.9762443438914027,0.8626460372592357,0.8356106756379849,0.9118194424171653
86,0.3652673861753211,0.16195260151983162,0.06370517641034751,0.40608957775126925,0.0029852581432305157,1386,181,7767,234,0.8555555555555555,0.022773024660291897,0.8844926611359285,0.9772269753397081,0.8697834954502666,0.8439396852565635,0.9163912654476318
87,0.3652673861753211,0.16195260151983162,0.06370517641034751,0.40608957775126925,0.0029852581432305157,1373,191,7770,227,0.858125,0.0239919608089436,0.8778772378516624,0.9760080391910564,0.8678887484197219,0.8417772890927302,0.9170665195955282
88,0.3652673861753211,0.16195260151983162,0.06370517641034751,0.40608957775126925,0.0029852581432305157,1384,187,7764,226,0.8596273291925466,0.023519054207017984,0.8809675366008911,0.9764809457929821,0.8701666142722414,0.8443545621072273,0.9180541374927643
89,0.3652673861753211,0.16195260151983162,0.06370517641034751,0.40608957775126925,0.0029852581432305157,1378,189,7786,228,0.8580323785803238,0.023699059561128527,0.8793873643905552,0.9763009404388715,0.8685786322092656,0.8425943380555757,0.9171666595095976
90,0.3652673861753211,0.16195260151983162,0.06370517641034751,0.40608957775126925,0.0029852581432305157,1374,191,7791,236,0.853416149068323,0.023928839889751943,0.8779552715654952,0.9760711601102481,0.8655118110236221,0.8389667384406961,0.9147436545892855
91,0.24941804215425473,0.1335951292533616,0.10087363977443363,0.5109901668695779,0.005123021948372288,1382,192,7769,220,0.8626716604244694,0.02411757316919985,0.8780177890724269,0.9758824268308002,0.8702770780856423,0.8444959542977593,0.9192770436276347
92,0.3652673861753211,0.16195260151983162,0.06370517641034751,0.40608957775126925,0.0029852581432305157,1379,192,7774,231,0.8565217391304348,0.024102435350238514,0.8777848504137492,0.9758975646497615,0.8670229487582521,0.8406330708682871,0.9162096518900982
93,0.3652673861753211,0.16195260151983162,0.06370517641034751,0.40608957775126925,0.0029852581432305157,1367,187,7782,241,0.8501243781094527,0.023465930480612372,0.8796653796653797,0.9765340695193876,0.8646426312460468,0.8380639131797827,0.9133292238144202
94,0.3652673861753211,0.16195260151983162,0.06370517641034751,0.40608957775126925,0.0029852581432305157,1376,188,7768,232,0.8557213930348259,0.023629964806435394,0.8797953964194374,0.9763700351935646,0.8675914249684741,0.8413914407318328,0.9160457141141952
95,0.3652673861753211,0.16195260151983162,0.06370517641034751,0.40608957775126925,0.0029852581432305157,1372,188,7761,244,0.849009900990099,0.02365077368222418,0.8794871794871795,0.9763492263177759,0.8639798488664987,0.8370991823781927,0.9126795636539374
96,0.3652673861753211,0.16195260151983162,0.06370517641034751,0.40608957775126925,0.0029852581432305157,1379,187,7761,237,0.8533415841584159,0.023527931555108204,0.8805874840357599,0.9764720684448918,0.8667504714016342,0.8403178801869547,0.9149068263016538
97,0.3652673861753211,0.16195260151983162,0.06370517641034751,0.40608957775126925,0.0029852581432305157,1370,189,7764,240,0.8509316770186336,0.023764617125612977,0.8787684413085312,0.976235382874387,0.8646260650047335,0.8379055420704683,0.9135835299465103
98,0.3652673861753211,0.16195260151983162,0.06370517641034751,0.40608957775126925,0.0029852581432305157,1355,192,7778,235,0.8522012578616353,0.02409033877038896,0.8758888170652877,0.9759096612296111,0.8638826904686006,0.8372853756632416,0.9140554595456232
99,0.3652673861753211,0.16195260151983162,0.06370517641034751,0.40608957775126925,0.0029852581432305157,1375,191,7801,231,0.8561643835616438,0.023898898898898898,0.8780332056194126,0.9761011011011012,0.8669609079445145,0.8407263581236828,0.9161327423313725
100,0.3652673861753211,0.16195260151983162,0.06370517641034751,0.40608957775126925,0.0029852581432305157,1383,187,7768,225,0.8600746268656716,0.023507228158390948,0.880891719745223,0.9764927718416091,0.8703587161736942,0.844616025783801,0.9182836993536403
101,0.3652673861753211,0.16195260151983162,0.06370517641034751,0.40608957775126925,0.0029852581432305157,1387,187,7763,229,0.8582920792079208,0.02352201257861635,0.8811944091486659,0.9764779874213837,0.8695924764890284,0.8436086197217101,0.9173850333146523
102,0.3652673861753211,0.16195260151983162,0.06370517641034751,0.40608957775126925,0.0029852581432305157,1370,186,7754,238,0.8519900497512438,0.023425692695214106,0.8804627249357326,0.9765743073047859,0.865992414664981,0.8395508129420589,0.9142821785280149
103,0.3652673861753211,0.16195260151983162,0.06370517641034751,0.40608957775126925,0.0029852581432305157,1386,188,7773,226,0.8598014888337469,0.023615123728174852,0.8805590851334181,0.9763848762718251,0.8700564971751413,0.8442074879387902,0.918093182552786
104,0.3652673861753211,0.16195260151983162,0.06370517641034751,0.40608957775126925,0.0029852581432305157,1390,191,7752,220,0.8633540372670807,0.024046330101976585,0.879190385831752,0.9759536698980235,0.871200250705108,0.8454284344906672,0.919653853582552
105,0.3652673861753211,0.16195260151983162,0.06370517641034751,0.40608957775126925,0.0029852581432305157,1376,187,7752,232,0.8557213930348259,0.023554603854389723,0.8803582853486884,0.9764453961456103,0.8678650268054241,0.84167911246639,0.916083394590218
106,0.3652673861753211,0.16195260151983162,0.06370517641034751,0.40608957775126925,0.0029852581432305157,1375,188,7772,231,0.8561643835616438,0.023618090452261306,0.8797184900831734,0.9763819095477387,0.8677816345850426,0.8416505243989335,0.9162731465546913
107,0.24941804215425473,0.1335951292533616,0.10087363977443363,0.5109901668695779,0.005123021948372288,1366,199,7820,230,0.8558897243107769,0.02481606185309889,0.8728434504792332,0.9751839381469011,0.8642834546029736,0.8376468476377549,0.915536831228839
108,0.3652673861753211,0.16195260151983162,0.06370517641034751,0.40608957775126925,0.0029852581432305157,1379,188,7776,231,0.8565217391304348,0.023606228026117528,0.8800255264837269,0.9763937719738824,0.8681145734970098,0.8419961410400558,0.9164577555521587
109,0.3652673861753211,0.16195260151983162,0.06370517641034751,0.40608957775126925,0.0029852581432305157,1385,186,7767,219,0.8634663341645885,0.023387400980761978,0.8816040738383195,0.976612599019238,0.8724409448818897,0.8471006631215912,0.9200394665919133
110,0.3652673861753211,0.16195260151983162,0.06370517641034751,0.40608957775126925,0.0029852581432305157,1382,191,7759,224,0.8605230386052304,0.024025157232704403,0.8785759694850604,0.9759748427672956,0.8694558037118592,0.8434779895212229,0.9182489406862631
111,0.3652673861753211,0.16195260151983162,0.06370517641034751,0.40608957775126925,0.0029852581432305157,1394,185,7769,216,0.8658385093167702,0.023258737742016596,0.882837238758708,0.9767412622579834,0.874255252430229,0.8491574703245857,0.9212898857873768
112,0.24941804215425473,0.1335951292533616,0.10087363977443363,0.5109901668695779,0.005123021948372288,1383,194,7779,219,0.8632958801498127,0.02433212090806472,0.8769816106531388,0.9756678790919353,0.8700849323686695,0.8442650134028987,0.919481879620874
113,0.3652673861753211,0.16195260151983162,0.06370517641034751,0.40608957775126925,0.0029852581432305157,1370,189,7764,240,0.8509316770186336,0.023764617125612977,0.8787684413085312,0.976235382874387,0.8646260650047335,0.8379055420704683,0.9135835299465103
114,0.3652673861753211,0.16195260151983162,0.06370517641034751,0.40608957775126925,0.0029852581432305157,1371,197,7784,235,0.8536737235367372,0.024683623606064402,0.8743622448979592,0.9753163763939356,0.8638941398865785,0.8369849213503441,0.9144950499653364
115,0.3652673861753211,0.16195260151983162,0.06370517641034751,0.40608957775126925,0.0029852581432305157,1361,193,7792,241,0.8495630461922596,0.02417031934877896,0.8758043758043758,0.975829680651221,0.8624841571609632,0.8355356082291532,0.9126963634217403
116,0.3652673861753211,0.16195260151983162,0.06370517641034751,0.40608957775126925,0.0029852581432305157,1387,186,7757,231,0.8572311495673671,0.023416845020773007,0.8817546090273363,0.976583154979227,0.8693199623942337,0.8432716343075823,0.916907152273297
117,0.3652673861753211,0.16195260151983162,0.06370517641034751,0.40608957775126925,0.0029852581432305157,1383,189,7761,223,0.861145703611457,0.023773584905660377,0.8797709923664122,0.9762264150943396,0.8703587161736942,0.8445751446704565,0.9186860593528983
118,0.3652673861753211,0.16195260151983162,0.06370517641034751,0.40608957775126925,0.0029852581432305157,1371,186,7770,243,0.8494423791821561,0.023378582202111614,0.8805394990366089,0.9766214177978884,0.8647114474929044,0.8380518014862228,0.9130318984900223
119,0.3652673861753211,0.16195260151983162,0.06370517641034751,0.40608957775126925,0.0029852581432305157,1374,187,7759,232,0.8555417185554172,0.023533853511200603,0.8802049967969251,0.9764661464887994,0.8676981370382065,0.8415355472418856,0.9160039325221083
120,0.3652673861753211,0.16195260151983162,0.06370517641034751,0.40608957775126925,0.0029852581432305157,1389,189,7749,227,0.8595297029702971,0.023809523809523808,0.8802281368821293,0.9761904761904762,0.8697557921102068,0.8437058145048635,0.9178600895803866
121,0.3652673861753211,0.16195260151983162,0.06370517641034751,0.40608957775126925,0.0029852581432305157,1381,188,7743,227,0.8588308457711443,0.023704450888916907,0.8801784576163161,0.9762955491110831,0.8693736229146994,0.8433708280169732,0.9175631974411137
122,0.3652673861753211,0.16195260151983162,0.06370517641034751,0.40608957775126925,0.0029852581432305157,1380,183,7762,226,0.8592777085927771,0.02303335431088735,0.8829174664107485,0.9769666456891126,0.8709372041653518,0.8453847375522284,0.9181221771409449
123,0.15395925431880594,0.051055431277805804,0.05000241812996646,0.7404488820437004,0.004534014229721322,1368,198,7783,236,0.8528678304239401,0.024808921187821076,0.8735632183908046,0.9751910788121789,0.8630914826498423,0.8360573822191321,0.9140294546180595
124,0.3652673861753211,0.16195260151983162,0.06370517641034751,0.40608957775126925,0.0029852581432305157,1366,187,7776,238,0.8516209476309227,0.02348361170413161,0.8795878943979395,0.9765163882958684,0.8653785239151093,0.8389431026101404,0.9140686679633956
125,0.3652673861753211,0.16195260151983162,0.06370517641034751,0.40608957775126925,0.0029852581432305157,1376,189,7755,232,0.8557213930348259,0.02379154078549849,0.8792332268370607,0.9762084592145015,0.8673179955877719,0.8410084032127242,0.9159649261246636
126,0.24941804215425473,0.1335951292533616,0.10087363977443363,0.5109901668695779,0.005123021948372288,1379,189,7790,219,0.8629536921151439,0.023687178844466725,0.8794642857142857,0.9763128211555333,0.8711307643714467,0.8456688604635225,0.9196332566353387
127,0.3652673861753211,0.16195260151983162,0.06370517641034751,0.40608957775126925,0.0029852581432305157,1365,188,7786,235,0.853125,0.023576624028091298,0.8789439793947199,0.9764233759719088,0.8658420551855376,0.8395369947886633,0.9147741879859543
128,0.3652673861753211,0.16195260151983162,0.06370517641034751,0.40608957775126925,0.0029852581432305157,1377,196,7788,227,0.8584788029925187,0.024549098196392786,0.8753973299427845,0.9754509018036072,0.8668555240793202,0.8404768683298502,0.9169648523980629
129,0.3652673861753211,0.16195260151983162,0.06370517641034751,0.40608957775126925,0.0029852581432305157,1380,188,7766,224,0.8603491271820449,0.023635906462157404,0.8801020408163265,0.9763640935378426,0.8701134930643127,0.8443552104053565,0.9183566103599438
130,0.3652673861753211,0.16195260151983162,0.06370517641034751,0.40608957775126925,0.0029852581432305157,1386,187,7786,226,0.8598014888337469,0.023454157782515993,0.8811188811188811,0.976545842217484,0.8703296703296702,0.8445886570383673,0.9181736655256154
131,0.3652673861753211,0.16195260151983162,0.06370517641034751,0.40608957775126925,0.0029852581432305157,1374,193,7767,238,0.8523573200992556,0.024246231155778893,0.8768347160178686,0.9757537688442212,0.8644227744573766,0.837553362289202,0.9140555444717384
132,0.3652673861753211,0.16195260151983162,0.06370517641034751,0.40608957775126925,0.0029852581432305157,1382,189,7762,234,0.8551980198019802,0.02377059489372406,0.8796944621260344,0.976229405106276,0.8672732977721995,0.8408749511455268,0.9157137124541281
133,0.3652673861753211,0.16195260151983162,0.06370517641034751,0.40608957775126925,0.0029852581432305157,1372,188,7770,240,0.8511166253101737,0.023624026137220408,0.8794871794871795,0.9763759738627796,0.8650693568726356,0.8384362506178547,0.9137462995864767
134,0.3652673861753211,0.16195260151983162,0.06370517641034751,0.40608957775126925,0.0029852581432305157,1371,191,7777,227,0.8579474342928661,0.023970883534136546,0.8777208706786171,0.9760291164658634,0.8677215189873418,0.8416331539090961,0.9169882753793648
135,0.3652673861753211,0.16195260151983162,0.06370517641034751,0.40608957775126925,0.0029852581432305157,1380,190,7789,226,0.8592777085927771,0.023812507833061786,0.8789808917197452,0.9761874921669382,0.8690176322418135,0.8430896903475738,0.9177326003798576
136,0.3652673861753211,0.16195260151983162,0.06370517641034751,0.40608957775126925,0.0029852581432305157,1366,189,7779,238,0.8516209476309227,0.02371987951807229,0.8784565916398713,0.9762801204819277,0.8648306426084205,0.8382704346566551,0.9139505340564251
137,0.24941804215425473,0.1335951292533616,0.10087363977443363,0.5109901668695779,0.005123021948372288,1375,193,7759,225,0.859375,0.024270623742454728,0.8769132653061225,0.9757293762575453,0.8680555555555555,0.8418905665907603,0.9175521881287727
138,0.3652673861753211,0.16195260151983162,0.06370517641034751,0.40608957775126925,0.0029852581432305157,1366,187,7786,240,0.8505603985056039,0.023454157782515993,0.8795878943979395,0.976545842217484,0.8648306426084204,0.8383196473407591,0.9135531203615439
139,0.24941804215425473,0.1335951292533616,0.10087363977443363,0.5109901668695779,0.005123021948372288,1366,199,7806,236,0.8526841448189763,0.02485946283572767,0.8728434504792332,0.9751405371642723,0.8626460372592358,0.8356243554728935,0.9139123409916243
140,0.3652673861753211,0.16195260151983162,0.06370517641034751,0.40608957775126925,0.0029852581432305157,1370,191,7777,234,0.8541147132169576,0.023970883534136546,0.877642536835362,0.9760291164658634,0.8657187993680885,0.8392384471086959,0.9150719148414106
141,0.24941804215425473,0.1335951292533616,0.10087363977443363,0.5109901668695779,0.005123021948372288,1371,198,7794,231,0.8558052434456929,0.024774774774774775,0.8738049713193117,0.9752252252252253,0.8647114474929045,0.8379960047449951,0.9155152343354591
142,0.3652673861753211,0.16195260151983162,0.06370517641034751,0.40608957775126925,0.0029852581432305157,1369,192,7798,237,0.8524283935242839,0.024030037546933666,0.8770019218449712,0.9759699624530663,0.8645405746763499,0.8378976962929235,0.9141991779886751
143,0.3652673861753211,0.16195260151983162,0.06370517641034751,0.40608957775126925,0.0029852581432305157,1375,183,7759,237,0.8529776674937966,0.02304205489801058,0.8825417201540436,0.9769579451019894,0.8675078864353313,0.8413403954780655,0.914967806297893
144,0.24941804215425473,0.1335951292533616,0.10087363977443363,0.5109901668695779,0.005123021948372288,1397,187,7745,211,0.8687810945273632,0.02357539082198689,0.8819444444444444,0.9764246091780131,0.8753132832080199,0.8502992935646893,0.9226028518526881
145,0.3652673861753211,0.16195260151983162,0.06370517641034751,0.40608957775126925,0.0029852581432305157,1380,186,7759,232,0.8560794044665012,0.02341095028319698,0.8812260536398467,0.976589049716803,0.868470736312146,0.8423743551977092,0.9163342270916521
146,0.3652673861753211,0.16195260151983162,0.06370517641034751,0.40608957775126925,0.0029852581432305157,1361,189,7794,249,0.8453416149068324,0.02367531003382187,0.8780645161290322,0.9763246899661782,0.8613924050632912,0.834289152491245,0.9108331524365052
147,0.3652673861753211,0.16195260151983162,0.06370517641034751,0.40608957775126925,0.0029852581432305157,1366,185,7782,236,0.8526841448189763,0.023220785741182377,0.880722114764668,0.9767792142588176,0.866476371709483,0.840304996217081,0.9147316795388969
148,0.3652673861753211,0.16195260151983162,0.06370517641034751,0.40608957775126925,0.0029852581432305157,1371,190,7765,247,0.8473423980222496,0.023884349465744813,0.8782831518257527,0.9761156505342552,0.8625353884869456,0.8353700630949493,0.9117290242782524
149,0.3652673861753211,0.16195260151983162,0.06370517641034751,0.40608957775126925,0.0029852581432305157,1371,190,7767,237,0.8526119402985075,0.023878346110343094,0.8782831518257527,0.9761216538896569,0.8652571789207952,0.8386440185688228,0.9143667970940822
150,0.3652673861753211,0.16195260151983162,0.06370517641034751,0.40608957775126925,0.0029852581432305157,1363,183,7780,241,0.8497506234413965,0.022981288459123447,0.8816300129366106,0.9770187115408766,0.8653968253968254,0.839084883356251,0.9133846674911366
151,0.24941804215425473,0.1335951292533616,0.10087363977443363,0.5109901668695779,0.005123021948372288,1375,195,7773,223,0.860450563204005,0.02447289156626506,0.8757961783439491,0.9755271084337349,0.8680555555555556,0.8419213236026697,0.9179888358188699
152,0.3652673861753211,0.16195260151983162,0.06370517641034751,0.40608957775126925,0.0029852581432305157,1384,185,7760,230,0.8574969021065675,0.02328508495909377,0.8820905035054175,0.9767149150409062,0.8696198554822493,0.8437041632387239,0.9171059085737369
153,0.3652673861753211,0.16195260151983162,0.06370517641034751,0.40608957775126925,0.0029852581432305157,1357,196,7797,237,0.8513174404015057,0.02452145627423996,0.8737926593689633,0.97547854372576,0.8624086431522084,0.8354987067199762,0.9133979920636328
154,0.3652673861753211,0.16195260151983162,0.06370517641034751,0.40608957775126925,0.0029852581432305157,1360,189,7789,244,0.8478802992518704,0.023690147906743543,0.8779857972885733,0.9763098520932565,0.8626704725658104,0.8358185897521777,0.9120950756725634
155,0.3652673861753211,0.16195260151983162,0.06370517641034751,0.40608957775126925,0.0029852581432305157,1364,189,7784,248,0.8461538461538461,0.02370500438981563,0.8783000643915003,0.9762949956101844,0.8619273301737757,0.8348428198962776,0.9112244208820153
156,0.3652673861753211,0.16195260151983162,0.06370517641034751,0.40608957775126925,0.0029852581432305157,1373,186,7776,231,0.8559850374064838,0.023360964581763375,0.8806927517639512,0.9766390354182366,0.8681631362630414,0.8421787127175612,0.9163120364123603
157,0.3652673861753211,0.16195260151983162,0.06370517641034751,0.40608957775126925,0.0029852581432305157,1364,186,7763,246,0.8472049689440994,0.02339916970688137,0.88,0.9766008302931186,0.8632911392405063,0.8364481702468206,0.9119028996186089
158,0.3652673861753211,0.16195260151983162,0.06370517641034751,0.40608957775126925,0.0029852581432305157,1382,188,7768,228,0.8583850931677018,0.023629964806435394,0.8802547770700637,0.9763700351935646,0.869182389937107,0.8432050563500305,0.9173775641806332
159,0.3652673861753211,0.16195260151983162,0.06370517641034751,0.40608957775126925,0.0029852581432305157,1376,183,7755,238,0.8525402726146221,0.02305366591080877,0.8826170622193714,0.9769463340891912,0.8673179955877718,0.8410827509386445,0.9147433033519066
160,0.3652673861753211,0.16195260151983162,0.06370517641034751,0.40608957775126925,0.0029852581432305157,1376,187,7781,232,0.8557213930348259,0.023468875502008033,0.8803582853486884,0.976531124497992,0.8678650268054241,0.8417744546936652,0.916126258766409
161,0.3652673861753211,0.16195260151983162,0.06370517641034751,0.40608957775126925,0.0029852581432305157,1376,188,7768,232,0.8557213930348259,0.023629964806435394,0.8797953964194374,0.9763700351935646,0.8675914249684741,0.8413914407318328,0.9160457141141952
162,0.24941804215425473,0.1335951292533616,0.10087363977443363,0.5109901668695779,0.005123021948372288,1389,194,7783,213,0.8670411985018727,0.024319919769336843,0.8774478837650032,0.9756800802306631,0.8722135007849294,0.8467557642213925,0.9213606393662679
163,0.3652673861753211,0.16195260151983162,0.06370517641034751,0.40608957775126925,0.0029852581432305157,1383,187,7739,225,0.8600746268656716,0.023593237446379006,0.880891719745223,0.976406762553621,0.8703587161736942,0.8445218439160563,0.9182406947096463
164,0.3652673861753211,0.16195260151983162,0.06370517641034751,0.40608957775126925,0.0029852581432305157,1375,188,7781,235,0.8540372670807453,0.023591416739866984,0.8797184900831734,0.976408583260133,0.866687677277025,0.8403647505786024,0.9152229251704391
165,0.3652673861753211,0.16195260151983162,0.06370517641034751,0.40608957775126925,0.0029852581432305157,1375,190,7785,231,0.8561643835616438,0.023824451410658306,0.8785942492012779,0.9761755485893417,0.8672343109429201,0.8410132186329085,0.9161699660754927
166,0.3652673861753211,0.16195260151983162,0.06370517641034751,0.40608957775126925,0.0029852581432305157,1376,190,7749,238,0.8525402726146221,0.023932485199647312,0.8786717752234994,0.9760675148003527,0.8654088050314466,0.8386793610483094,0.9143038937074874
167,0.3652673861753211,0.16195260151983162,0.06370517641034751,0.40608957775126925,0.0029852581432305157,1375,186,7768,235,0.8540372670807453,0.023384460648730197,0.8808456117873158,0.9766155393512698,0.8672343109429201,0.8410027348381907,0.9153264032160076
168,0.3652673861753211,0.16195260151983162,0.06370517641034751,0.40608957775126925,0.0029852581432305157,1391,183,7773,223,0.8618339529120198,0.023001508295625944,0.8837357052096569,0.976998491704374,0.8726474278544541,0.8472968963276052,0.919416222308197
169,0.3652673861753211,0.16195260151983162,0.06370517641034751,0.40608957775126925,0.0029852581432305157,1375,184,7764,237,0.8529776674937966,0.02315047810770005,0.881975625400898,0.9768495218922999,0.8672343109429203,0.8410153366126257,0.9149135946930482
170,0.3652673861753211,0.16195260151983162,0.06370517641034751,0.40608957775126925,0.0029852581432305157,1378,189,7777,232,0.8559006211180125,0.023725834797891036,0.8793873643905552,0.976274165202109,0.8674850487881649,0.8412479078395101,0.9160873931600607
171,0.3652673861753211,0.16195260151983162,0.06370517641034751,0.40608957775126925,0.0029852581432305157,1380,183,7763,232,0.8560794044665012,0.02303045557513214,0.8829174664107485,0.9769695444248678,0.8692913385826772,0.8434097102704426,0.9165244744456845
172,0.3652673861753211,0.16195260151983162,0.06370517641034751,0.40608957775126925,0.0029852581432305157,1383,184,7758,231,0.8568773234200744,0.023167967766305718,0.8825781748564135,0.9768320322336943,0.8695378811694435,0.8436273925057179,0.9168546778268843
173,0.3652673861753211,0.16195260151983162,0.06370517641034751,0.40608957775126925,0.0029852581432305157,1361,188,7779,247,0.8463930348258707,0.02359733902347182,0.8786313750806972,0.9764026609765282,0.8622109597719353,0.835232058443918,0.9113978479011995
174,0.3652673861753211,0.16195260151983162,0.06370517641034751,0.40608957775126925,0.0029852581432305157,1381,191,7753,221,0.8620474406991261,0.02404330312185297,0.878498727735369,0.975956696878147,0.8701953371140517,0.8443697187970067,0.9190020687886366
175,0.3652673861753211,0.16195260151983162,0.06370517641034751,0.40608957775126925,0.0029852581432305157,1376,191,7779,232,0.8557213930348259,0.02396486825595985,0.8781110402042118,0.9760351317440401,0.8667716535433071,0.840408691472201,0.915878262389433
176,0.3652673861753211,0.16195260151983162,0.06370517641034751,0.40608957775126925,0.0029852581432305157,1371,186,7760,241,0.8504962779156328,0.023408004027183488,0.8805394990366089,0.9765919959728165,0.8652571789207953,0.8386721494200914,0.9135441369442246
177,0.3652673861753211,0.16195260151983162,0.06370517641034751,0.40608957775126925,0.0029852581432305157,1373,189,7756,229,0.8570536828963795,0.02378854625550661,0.8790012804097311,0.9762114537444934,0.8678887484197219,0.8417506166178615,0.9166325683204364
178,0.3652673861753211,0.16195260151983162,0.06370517641034751,0.40608957775126925,0.0029852581432305157,1367,188,7757,249,0.8459158415841584,0.023662680931403397,0.8790996784565916,0.9763373190685966,0.8621885840428887,0.8350263706025037,0.9111265803263775
179,0.3652673861753211,0.16195260151983162,0.06370517641034751,0.40608957775126925,0.0029852581432305157,1384,187,7774,228,0.858560794044665,0.023489511367918603,0.8809675366008911,0.9765104886320813,0.8696198554822494,0.8437281005308419,0.9175356413383732
180,0.3652673861753211,0.16195260151983162,0.06370517641034751,0.40608957775126925,0.0029852581432305157,1358,196,7793,238,0.8508771929824561,0.024533733884090626,0.8738738738738738,0.9754662661159094,0.8622222222222221,0.8352431598261371,0.9131717295491828
181,0.24941804215425473,0.1335951292533616,0.10087363977443363,0.5109901668695779,0.005123021948372288,1379,191,7764,219,0.8629536921151439,0.024010056568196103,0.878343949044586,0.9759899434318039,0.8705808080808081,0.8449059574873834,0.919471817773474
182,0.3652673861753211,0.16195260151983162,0.06370517641034751,0.40608957775126925,0.0029852581432305157,1372,191,7773,228,0.8575,0.023982923154193873,0.8777991042866283,0.9760170768458061,0.8675308251659817,0.8413728518357416,0.9167585384229031
183,0.3652673861753211,0.16195260151983162,0.06370517641034751,0.40608957775126925,0.0029852581432305157,1384,188,7751,226,0.8596273291925466,0.023680564302808918,0.8804071246819338,0.976319435697191,0.8698931489629165,0.8439726898689605,0.9179733824448688
184,0.3652673861753211,0.16195260151983162,0.06370517641034751,0.40608957775126925,0.0029852581432305157,1374,183,7782,234,0.8544776119402985,0.022975517890772127,0.882466281310212,0.9770244821092279,0.8682464454976303,0.8423180339797617,0.9157510470247632
185,0.24941804215425473,0.1335951292533616,0.10087363977443363,0.5109901668695779,0.005123021948372288,1371,200,7805,225,0.8590225563909775,0.024984384759525295,0.8726925525143221,0.9750156152404748,0.8658035996210925,0.839338557225559,0.9170190858157261
186,0.3652673861753211,0.16195260151983162,0.06370517641034751,0.40608957775126925,0.0029852581432305157,1373,187,7782,229,0.8570536828963795,0.023465930480612372,0.8801282051282051,0.9765340695193876,0.868437697659709,0.8425173039050756,0.9167938762078836
187,0.3652673861753211,0.16195260151983162,0.06370517641034751,0.40608957775126925,0.0029852581432305157,1378,190,7754,230,0.8569651741293532,0.02391742195367573,0.8788265306122449,0.9760825780463243,0.8677581863979849,0.8414905506098107,0.9165238760878387
188,0.3652673861753211,0.16195260151983162,0.06370517641034751,0.40608957775126925,0.0029852581432305157,1374,192,7782,228,0.8576779026217228,0.024078254326561323,0.8773946360153256,0.9759217456734387,0.8674242424242424,0.8412300101248198,0.9167998241475808
189,0.3652673861753211,0.16195260151983162,0.06370517641034751,0.40608957775126925,0.0029852581432305157,1384,187,7764,226,0.8596273291925466,0.023519054207017984,0.8809675366008911,0.9764809457929821,0.8701666142722414,0.8443545621072273,0.9180541374927643
190,0.3652673861753211,0.16195260151983162,0.06370517641034751,0.40608957775126925,0.0029852581432305157,1393,187,7737,213,0.8673723536737236,0.023599192327107523,0.8816455696202532,0.9764008076728925,0.8744507219083492,0.8492950705384793,0.9218865806733081
191,0.3652673861753211,0.16195260151983162,0.06370517641034751,0.40608957775126925,0.0029852581432305157,1372,185,7753,232,0.8553615960099751,0.023305618543713782,0.8811817597944765,0.9766943814562862,0.8680797216070864,0.8420318278372105,0.9160279887331306
192,0.24941804215425473,0.1335951292533616,0.10087363977443363,0.5109901668695779,0.005123021948372288,1369,193,7788,229,0.8566958698372966,0.024182433279037716,0.8764404609475032,0.9758175667209623,0.8664556962025316,0.8401596847086328,0.9162567182791295
193,0.24941804215425473,0.1335951292533616,0.10087363977443363,0.5109901668695779,0.005123021948372288,1368,196,7796,226,0.8582183186951067,0.024524524524524523,0.8746803069053708,0.9754754754754755,0.8663711209626346,0.8400763560707692,0.9168468970852911
194,0.3652673861753211,0.16195260151983162,0.06370517641034751,0.40608957775126925,0.0029852581432305157,1385,195,7765,223,0.861318407960199,0.024497487437185928,0.8765822784810127,0.9755025125628141,0.8688833124215809,0.8427223527919003,0.9184104602615065
195,0.3652673861753211,0.16195260151983162,0.06370517641034751,0.40608957775126925,0.0029852581432305157,1381,190,7776,223,0.8609725685785536,0.023851368315340196,0.879057924888606,0.9761486316846598,0.8699212598425198,0.8441210544213841,0.9185606001316067
196,0.3652673861753211,0.16195260151983162,0.06370517641034751,0.40608957775126925,0.0029852581432305157,1368,189,7767,240,0.8507462686567164,0.023755656108597284,0.8786127167630058,0.9762443438914027,0.8644549763033175,0.8377448537455819,0.9134953062740596
197,0.3652673861753211,0.16195260151983162,0.06370517641034751,0.40608957775126925,0.0029852581432305157,1378,185,7793,226,0.8591022443890274,0.023188769115066434,0.8816378758797185,0.9768112308849336,0.8702241869276919,0.8446386071970428,0.9179567376369805
198,0.3652673861753211,0.16195260151983162,0.06370517641034751,0.40608957775126925,0.0029852581432305157,1391,182,7757,223,0.8618339529120198,0.022924801612293738,0.8842975206611571,0.9770751983877063,0.8729212425478508,0.8475860321880833,0.9194545756498631
199,0.3652673861753211,0.16195260151983162,0.06370517641034751,0.40608957775126925,0.0029852581432305157,1388,182,7739,222,0.8621118012422361,0.02297689685645752,0.8840764331210191,0.9770231031435425,0.8729559748427674,0.8476197993463661,0.9195674521928893
