topology,architecture,TP,FP,TN,FN,trust_precision,malicious_revocation_recall,false_revocation_rate,malicious_acceptance_rate,specificity,trust_f1,mcc,detection_latency_p95_ms,qualification_latency_p95_ms,consensus_latency_p95_ms,latency_p50_ms,latency_p95_ms,latency_p99_ms,ledger_consistency_delay_p95_ms,messages_total,messages_per_decision,bytes_total,bytes_per_decision,retransmissions,mean_queue_delay_ms,packet_delivery_ratio,consensus_success_rate,consensus_liveness_failures,safety_violations,view_changes,ledger_blocks,ledger_consistent,state_recoveries,false_revocations_from_compromise,runtime_seconds,cpu_time_seconds,peak_memory_kb,seed
smoke,centralized_vpuft,19,2,131,6,0.9047619047619048,0.76,0.0150375939849624,0.24,0.9849624060150376,0.8260869565217391,0.8008667271573939,8000.0,14093.947628142942,0.0,14058.589662801576,14159.383495283775,14176.473363208628,1.0000000000047748,5345,33.82911392405063,3762880,23815.69620253165,93,5921.605463049748,0.9826005612722172,,0,0,0,21,1,0,0,2.329757100029383,2.265625,4813.333984375,1001
smoke,distributed_rsu_vpuft,19,2,131,6,0.9047619047619048,0.76,0.0150375939849624,0.24,0.9849624060150376,0.8260869565217391,0.8008667271573939,8000.0,14273.86527887896,110.2103563903114,14133.414720305853,14310.543026434343,14355.618546542884,14.881529740691237,4815,30.4746835443038,3223168,20399.79746835443,101,5053.337624961936,0.9790238836967808,1.0,0,0,0,21,1,0,0,2.439410099992529,2.390625,4672.26171875,1001
smoke,ahmed_inspired_witness_vpuft,22,4,129,3,0.8461538461538461,0.88,0.0300751879699248,0.12,0.9699248120300752,0.8627450980392156,0.836570783400992,8000.0,14794.730863667895,44.2040350814743,14288.534786614908,14835.08871715971,14972.907610373646,15.92208023756303,33154,209.83544303797467,24901380,157603.67088607594,638,3303.999603727379,0.9807564698075648,1.0,0,0,0,26,1,0,0,9.893317500012929,9.671875,19930.8251953125,1001
smoke,centralized_vpuft,19,2,131,6,0.9047619047619048,0.76,0.0150375939849624,0.24,0.9849624060150376,0.8260869565217391,0.8008667271573939,8000.0,14109.124635603968,0.0,14065.183687977384,14159.621110115537,14180.898009277853,1.0000000000047748,5421,34.31012658227848,3816384,24154.32911392405,119,5870.657030068422,0.978048330566316,,0,0,0,21,1,0,0,2.390755200001877,2.359375,4869.8837890625,1002
smoke,distributed_rsu_vpuft,19,2,131,6,0.9047619047619048,0.76,0.0150375939849624,0.24,0.9849624060150376,0.8260869565217391,0.8008667271573939,8000.0,14278.363313944525,117.99624019928244,14142.185069268904,14313.874651697804,14367.390067077304,15.98382393249409,4909,31.06962025316456,3291200,20830.37974683544,116,4986.490473989995,0.976369932776533,1.0,0,0,0,21,1,0,0,1.7119426999706775,1.6875,4744.2919921875,1002
smoke,ahmed_inspired_witness_vpuft,24,4,129,1,0.8571428571428571,0.96,0.0300751879699248,0.04,0.9699248120300752,0.9056603773584904,0.888777330115168,8000.0,14608.58467837968,44.33754216205035,14263.64832407536,14642.77179875191,14713.140893315169,14.023448518427273,27655,175.03164556962025,20721772,131150.45569620252,553,3183.277062508294,0.9800036159826432,1.0,0,0,0,28,1,0,0,6.288268199947197,6.125,16555.09765625,1002
smoke,centralized_vpuft,19,2,131,6,0.9047619047619048,0.76,0.0150375939849624,0.24,0.9849624060150376,0.8260869565217391,0.8008667271573939,8000.0,14103.111725951483,0.0,14064.08900621324,14160.959823064552,14196.722171738416,1.0000000000047748,5401,34.18354430379747,3802304,24065.21518987342,101,5868.245105721332,0.9812997593038326,,0,0,0,21,1,0,0,1.4603206999599934,1.453125,4835.634765625,1003
smoke,distributed_rsu_vpuft,19,2,131,6,0.9047619047619048,0.76,0.0150375939849624,0.24,0.9849624060150376,0.8260869565217391,0.8008667271573939,8000.0,14279.58312658022,113.1028340382727,14134.338032043906,14323.052777611834,14383.467540826035,14.779793076613146,4871,30.829113924050635,3265376,20666.93670886076,88,5010.675362157135,0.98193389447752,1.0,0,0,0,21,1,0,0,1.4235813999548554,1.4375,4704.75390625,1003
smoke,ahmed_inspired_witness_vpuft,22,4,129,3,0.8461538461538461,0.88,0.0300751879699248,0.12,0.9699248120300752,0.8627450980392156,0.836570783400992,8000.0,14690.917337925688,43.849628258521456,14301.781207135917,14726.89263630313,14872.323445289425,15.7954320778515,29124,184.32911392405063,21854628,138320.43037974683,574,3242.001965818093,0.9802911687954952,1.0,0,0,0,26,1,0,0,9.027307100011967,8.53125,17396.2451171875,1003
smoke,centralized_vpuft,19,2,131,6,0.9047619047619048,0.76,0.0150375939849624,0.24,0.9849624060150376,0.8260869565217391,0.8008667271573939,8000.0,14094.25719040641,0.0,14061.730824064376,14153.414009115077,14164.050574387413,1.0000000000047748,5395,34.14556962025316,3798080,24038.481012658227,116,5844.507781279137,0.978498609823911,,0,0,0,21,1,0,0,1.279097999969963,1.25,4802.0341796875,1004
smoke,distributed_rsu_vpuft,19,2,131,6,0.9047619047619048,0.76,0.0150375939849624,0.24,0.9849624060150376,0.8260869565217391,0.8008667271573939,8000.0,14261.16407469982,109.5587482985465,14127.585172914069,14295.757110628656,14344.021569682607,15.941905117685453,4874,30.848101265822784,3270752,20700.96202531645,89,5025.777682106563,0.9817398440705786,1.0,0,0,0,21,1,0,0,1.3407604999956677,1.328125,4690.8701171875,1004
smoke,ahmed_inspired_witness_vpuft,22,4,129,3,0.8461538461538461,0.88,0.0300751879699248,0.12,0.9699248120300752,0.8627450980392156,0.836570783400992,8000.0,14737.727542504976,41.68784139416459,14295.863931692931,14771.873859738223,14928.456848307926,15.642195256310387,30032,190.0759493670886,22552432,142736.91139240508,617,3327.80604653768,0.9794219499200852,1.0,0,0,0,26,1,0,0,4.533245900005568,4.46875,17942.8330078125,1004
smoke,centralized_vpuft,21,2,131,4,0.9130434782608696,0.84,0.0150375939849624,0.16,0.9849624060150376,0.8749999999999999,0.8536880074557871,8000.0,14094.599000346603,0.0,14068.112633429892,14157.992672600718,14188.734475934163,1.0000000000047748,5387,34.09493670886076,3792448,24002.835443037973,114,5833.833401893611,0.9788379431965843,,0,0,0,23,1,0,0,1.2245455000083894,1.203125,4788.3994140625,1005
smoke,distributed_rsu_vpuft,21,2,131,4,0.9130434782608696,0.84,0.0150375939849624,0.16,0.9849624060150376,0.8749999999999999,0.8536880074557871,8000.0,14252.311553678268,98.8263868019956,14134.327654290904,14298.90645953004,14330.051522599748,14.758758846995688,4882,30.89873417721519,3256320,20609.62025316456,95,4925.776745237876,0.980540761982794,1.0,0,0,0,23,1,0,0,1.2625971999950707,1.234375,4686.4638671875,1005
smoke,ahmed_inspired_witness_vpuft,20,4,129,5,0.8333333333333334,0.8,0.0300751879699248,0.2,0.9699248120300752,0.816326530612245,0.7828636358030346,8000.0,14651.636669954943,43.37102268941244,14262.258095955414,14690.099013553676,14839.600441743703,16.670313924065635,29155,184.5253164556962,21923508,138756.37974683545,561,3293.010446097588,0.9807580174927114,1.0,0,0,0,24,1,0,0,4.643396900035441,4.625,17695.4775390625,1005
smoke,centralized_vpuft,20,2,131,5,0.9090909090909092,0.8,0.0150375939849624,0.2,0.9849624060150376,0.8510638297872342,0.8274921602653108,8000.0,14093.79040075637,0.0,14067.537092216568,14158.638151527584,14170.305166007622,1.0000000000047748,5395,34.14556962025316,3798080,24038.481012658227,102,5853.69591251176,0.9810936051899908,,0,0,0,22,1,0,0,1.2388805000227876,1.234375,4857.384765625,1006
smoke,distributed_rsu_vpuft,20,2,131,5,0.9090909090909092,0.8,0.0150375939849624,0.2,0.9849624060150376,0.8510638297872342,0.8274921602653108,8000.0,14290.402619485389,125.0001182244432,14156.433812384048,14323.849651513496,14368.604249399305,13.679220753110144,4985,31.550632911392405,3335776,21112.506329113923,100,4991.359022044682,0.9799398194583752,1.0,0,0,0,22,1,0,0,1.3154406999819912,1.328125,4760.154296875,1006
smoke,ahmed_inspired_witness_vpuft,22,4,129,3,0.8461538461538461,0.88,0.0300751879699248,0.12,0.9699248120300752,0.8627450980392156,0.836570783400992,8000.0,14804.472108342025,45.42389544937375,14311.39937079706,14843.746513509195,14921.95815301136,15.401607135466122,30086,190.41772151898732,22565284,142818.25316455695,624,3193.570088807485,0.9792594562254868,1.0,0,0,0,26,1,0,0,4.343001899949741,4.328125,17952.4365234375,1006
smoke,centralized_vpuft,19,2,131,6,0.9047619047619048,0.76,0.0150375939849624,0.24,0.9849624060150376,0.8260869565217391,0.8008667271573939,8000.0,14106.333722153324,0.0,14068.956952526289,14164.63591399728,14179.339081202328,1.0000000000047748,5382,34.063291139240505,3788928,23980.556962025315,102,5844.876109996464,0.9810479375696768,,0,0,0,21,1,0,0,1.24763100000564,1.234375,4826.00390625,1007
smoke,distributed_rsu_vpuft,19,2,131,6,0.9047619047619048,0.76,0.0150375939849624,0.24,0.9849624060150376,0.8260869565217391,0.8008667271573939,8000.0,14283.37586996564,123.3795741715582,14145.613614078173,14321.571535518417,14368.682276942383,13.406744280224814,4971,31.462025316455694,3333632,21098.93670886076,106,5017.159243823508,0.9786763226714946,1.0,0,0,0,21,1,0,0,1.2670269000227563,1.25,4725.1669921875,1007
smoke,ahmed_inspired_witness_vpuft,23,4,129,2,0.8518518518518519,0.92,0.0300751879699248,0.08,0.9699248120300752,0.8846153846153846,0.8628426628216331,8000.0,14793.259948417946,44.49698016755832,14284.604487357376,14830.56110628522,14921.211670689108,14.878694051375874,30973,196.03164556962025,23221208,146969.67088607594,605,3224.272816341385,0.9804668582313628,1.0,0,0,0,27,1,0,0,4.422468999982812,4.40625,18360.7939453125,1007
smoke,centralized_vpuft,21,2,131,4,0.9130434782608696,0.84,0.0150375939849624,0.16,0.9849624060150376,0.8749999999999999,0.8536880074557871,8000.0,14092.444802737082,0.0,14067.758988273044,14151.951066149091,14172.491152953007,1.0000000000047748,5370,33.9873417721519,3780480,23927.08860759494,104,5850.969582123075,0.980633147113594,,0,0,0,23,1,0,0,1.2169738999800757,1.234375,4792.654296875,1008
smoke,distributed_rsu_vpuft,21,2,131,4,0.9130434782608696,0.84,0.0150375939849624,0.16,0.9849624060150376,0.8749999999999999,0.8536880074557871,8000.0,14276.487728095972,100.53659761089334,14137.652706599243,14322.346999918858,14362.747727721871,13.871262237108796,4930,31.20253164556962,3288736,20814.78481012658,99,4946.652084817501,0.9799188640973632,1.0,0,0,0,23,1,0,0,1.2592118000029586,1.25,4704.4072265625,1008
smoke,ahmed_inspired_witness_vpuft,24,3,130,1,0.8888888888888888,0.96,0.0225563909774436,0.04,0.9774436090225564,0.923076923076923,0.9089153700625314,8000.0,14811.056889632491,43.42575418746577,14266.0087145157,14849.510035239697,15011.755136451438,16.243843996615226,30501,193.0443037974684,22894224,144900.15189873418,639,3344.140426123121,0.9790498672174682,1.0,0,0,0,27,1,0,0,4.597998699988239,4.546875,18194.43359375,1008
smoke,centralized_vpuft,20,2,131,5,0.9090909090909092,0.8,0.0150375939849624,0.2,0.9849624060150376,0.8510638297872342,0.8274921602653108,8000.0,14095.531245224192,0.0,14067.768410469362,14149.455837228845,14168.297870222632,1.0000000000047748,5368,33.9746835443038,3779072,23918.177215189877,94,5866.224023845182,0.982488822652757,,0,0,0,22,1,0,0,1.2347413999959826,1.234375,4781.41796875,1009
smoke,distributed_rsu_vpuft,20,2,131,5,0.9090909090909092,0.8,0.0150375939849624,0.2,0.9849624060150376,0.8510638297872342,0.8274921602653108,8000.0,14265.19436645833,118.1031526002549,14140.852770324547,14297.070226790123,14354.177356621818,17.060408781419056,4969,31.449367088607595,3324416,21040.607594936708,94,4997.44553156836,0.9810827128194808,1.0,0,0,0,22,1,0,0,1.2672133999876678,1.265625,4701.7841796875,1009
smoke,ahmed_inspired_witness_vpuft,23,4,129,2,0.8518518518518519,0.92,0.0300751879699248,0.08,0.9699248120300752,0.8846153846153846,0.8628426628216331,8000.0,14766.745795876652,43.85367236437325,14291.564725684018,14805.44963500659,14893.033473313566,13.386923897375878,30637,193.90506329113924,22975928,145417.2658227848,578,3188.863912406961,0.9811339230342396,1.0,0,0,0,27,1,0,0,4.899004100007005,4.875,18243.763671875,1009
smoke,centralized_vpuft,19,3,130,6,0.8636363636363636,0.76,0.0225563909774436,0.24,0.9774436090225564,0.8085106382978724,0.7773987651228131,8000.0,14100.968474144973,0.0,14066.95607435003,14168.100062627756,14194.601804410317,1.0000000000047748,5409,34.234177215189874,3807936,24100.86075949367,119,5835.724920687911,0.9779996302458864,,0,0,0,22,1,0,0,1.3556603999459185,1.359375,4859.830078125,1010
smoke,distributed_rsu_vpuft,19,3,130,6,0.8636363636363636,0.76,0.0225563909774436,0.24,0.9774436090225564,0.8085106382978724,0.7773987651228131,8000.0,14254.923733965534,110.99407400548245,14136.838500540098,14297.570837461182,14303.905659316935,13.647682120809534,4875,30.854430379746837,3260768,20637.77215189873,76,4997.188280781134,0.9844102564102564,1.0,0,0,0,22,1,0,0,1.3189999000169337,1.328125,4734.970703125,1010
smoke,ahmed_inspired_witness_vpuft,22,5,128,3,0.8148148148148148,0.88,0.037593984962406,0.12,0.962406015037594,0.8461538461538461,0.8167699555807348,8000.0,14748.434960317749,44.79177052674004,14294.474793180392,14785.818919255116,14891.310636851207,15.355763199737993,30961,195.95569620253164,23238132,147076.78481012658,637,3271.260431483605,0.9794257291431157,1.0,0,0,0,27,1,0,0,4.561447600019164,4.5,18545.5341796875,1010
corridor,centralized_vpuft,21,2,131,4,0.9130434782608696,0.84,0.0150375939849624,0.16,0.9849624060150376,0.8749999999999999,0.8536880074557871,8000.0,14153.197379619822,0.0,14058.376892364226,14198.610294600116,14213.979824544762,1.0000000000047748,6915,43.765822784810126,4868160,30811.13924050633,120,5922.512785538984,0.982646420824295,,0,0,0,23,1,0,0,1.6626414000056684,1.640625,6151.4814453125,1001
corridor,distributed_rsu_vpuft,21,2,131,4,0.9130434782608696,0.84,0.0150375939849624,0.16,0.9849624060150376,0.8749999999999999,0.8536880074557871,8000.0,14366.936337780671,44.15129613337001,14160.37814495556,14399.906817451689,14419.501808860909,14.881716983707348,6841,43.29746835443038,4634528,29332.45569620253,147,5450.03005847616,0.978511913462944,1.0,0,0,0,23,1,0,0,1.6741609000018798,1.671875,6139.302734375,1001
corridor,ahmed_inspired_witness_vpuft,22,4,129,3,0.8461538461538461,0.88,0.0300751879699248,0.12,0.9699248120300752,0.8627450980392156,0.836570783400992,8000.0,14851.988619965943,45.83434079283322,14310.452739108963,14889.909616233124,14931.783252206176,13.198525878185484,34256,216.81012658227849,25590948,161968.0253164557,661,3095.6431937193547,0.9807041102288652,1.0,0,0,0,26,1,0,0,5.425962499983143,5.375,19568.2607421875,1001
corridor,centralized_vpuft,21,2,131,4,0.9130434782608696,0.84,0.0150375939849624,0.16,0.9849624060150376,0.8749999999999999,0.8536880074557871,8000.0,14167.602412851404,0.0,14059.496073395658,14203.621697810631,14221.886686212769,1.0000000000047748,6952,44.0,4894208,30976.0,148,5909.467455696505,0.978711162255466,,0,0,0,23,1,0,0,1.6682330999756232,1.671875,6217.5986328125,1002
corridor,distributed_rsu_vpuft,21,2,131,4,0.9130434782608696,0.84,0.0150375939849624,0.16,0.9849624060150376,0.8749999999999999,0.8536880074557871,8000.0,14395.787866202496,42.47184565684563,14161.1015869803,14430.976315557124,14449.611497296895,13.729673538684748,6850,43.35443037974684,4641920,29379.240506329115,147,5460.27565771434,0.9785401459854016,1.0,0,0,0,23,1,0,0,1.684763600002043,1.65625,6193.6650390625,1002
corridor,ahmed_inspired_witness_vpuft,24,4,129,1,0.8571428571428571,0.96,0.0300751879699248,0.04,0.9699248120300752,0.9056603773584904,0.888777330115168,8000.0,14858.614293847191,42.98645725425523,14315.631441111993,14900.688310439711,14942.792533644284,15.290685469949493,34373,217.5506329113924,25662308,162419.67088607594,701,3091.727793283789,0.979576993570535,1.0,0,0,0,28,1,0,0,4.717794299998786,4.671875,19527.6591796875,1002
corridor,centralized_vpuft,22,2,131,3,0.9166666666666666,0.88,0.0150375939849624,0.12,0.9849624060150376,0.8979591836734694,0.8794983658474717,8000.0,14151.880401849128,0.0,14060.806109343335,14195.63990116953,14212.14584889949,1.0000000000047748,6931,43.86708860759494,4879424,30882.430379746835,138,5917.026750541348,0.9800894531813592,,0,0,0,24,1,0,0,1.6319366999669,1.640625,6157.880859375,1003
corridor,distributed_rsu_vpuft,22,2,131,3,0.9166666666666666,0.88,0.0150375939849624,0.12,0.9849624060150376,0.8979591836734694,0.8794983658474717,8000.0,14370.73538758952,41.44663022205072,14161.159263246976,14404.776456310898,14419.695044887343,18.00420395113988,6853,43.37341772151899,4639648,29364.86075949367,130,5449.399568276911,0.9810302057493068,1.0,0,0,0,24,1,0,0,1.803050299989991,1.796875,6144.1875,1003
corridor,ahmed_inspired_witness_vpuft,22,4,129,3,0.8461538461538461,0.88,0.0300751879699248,0.12,0.9699248120300752,0.8627450980392156,0.836570783400992,8000.0,14845.693203197492,41.76276671858581,14305.129026749128,14887.087553160249,14943.981409857604,15.503058127420031,34308,217.13924050632912,25632932,162233.74683544305,689,3098.3872692074474,0.9799172204733588,1.0,0,0,0,26,1,0,0,4.515772400016431,4.515625,19407.7138671875,1003
corridor,centralized_vpuft,22,2,131,3,0.9166666666666666,0.88,0.0150375939849624,0.12,0.9849624060150376,0.8979591836734694,0.8794983658474717,8000.0,14159.49579781049,0.0,14059.459632441878,14209.400152655197,14238.265604791824,1.0000000000047748,6954,44.0126582278481,4895616,30984.91139240506,148,5907.696424504184,0.9787172850158182,,0,0,0,24,1,0,0,1.5926029000547717,1.59375,6160.4375,1004
corridor,distributed_rsu_vpuft,22,2,131,3,0.9166666666666666,0.88,0.0150375939849624,0.12,0.9849624060150376,0.8979591836734694,0.8794983658474717,8000.0,14362.42625022417,43.461849894895366,14159.729380085317,14398.035951300111,14414.82620230439,15.757098250501398,6857,43.39873417721519,4639456,29363.645569620254,122,5449.05103797484,0.9822079626658888,1.0,0,0,0,24,1,0,0,1.640934599970933,1.640625,6149.4912109375,1004
corridor,ahmed_inspired_witness_vpuft,23,4,129,2,0.8518518518518519,0.92,0.0300751879699248,0.08,0.9699248120300752,0.8846153846153846,0.8628426628216331,8000.0,14871.474893063049,44.30296806964691,14305.815176429476,14906.392845018649,14973.678517663846,13.961644846901322,34350,217.40506329113924,25655628,162377.3924050633,720,3097.4810776393933,0.97901018922853,1.0,0,0,0,27,1,0,0,4.60533900000155,4.5625,19375.373046875,1004
corridor,centralized_vpuft,22,2,131,3,0.9166666666666666,0.88,0.0150375939849624,0.12,0.9849624060150376,0.8979591836734694,0.8794983658474717,8000.0,14162.473210496582,0.0,14064.542761571836,14198.139002090877,14219.012465194826,1.0000000000047748,6954,44.0126582278481,4895616,30984.91139240506,146,5921.405517400359,0.9790048892723612,,0,0,0,24,1,0,0,1.608163099968806,1.625,6146.015625,1005
corridor,distributed_rsu_vpuft,22,2,131,3,0.9166666666666666,0.88,0.0150375939849624,0.12,0.9849624060150376,0.8979591836734694,0.8794983658474717,8000.0,14386.40192639761,42.3777057665168,14177.616128079486,14424.43792320439,14435.406815095894,17.458034776878147,6867,43.462025316455694,4646080,29405.569620253165,135,5455.504542021567,0.980340760157274,1.0,0,0,0,24,1,0,0,1.6263340000296012,1.609375,6142.4345703125,1005
corridor,ahmed_inspired_witness_vpuft,22,4,129,3,0.8461538461538461,0.88,0.0300751879699248,0.12,0.9699248120300752,0.8627450980392156,0.836570783400992,8000.0,14861.649727544793,46.5334676974507,14326.174275779344,14898.013375667497,14968.24314843318,16.235742572130007,34275,216.93037974683543,25606944,162069.2658227848,665,3110.173611251567,0.9805981035740337,1.0,0,0,0,26,1,0,0,5.1816592999966815,5.1875,19522.2998046875,1005
corridor,centralized_vpuft,21,2,131,4,0.9130434782608696,0.84,0.0150375939849624,0.16,0.9849624060150376,0.8749999999999999,0.8536880074557871,8000.0,14144.58914487602,0.0,14060.258079384868,14195.899227756348,14211.593170492522,1.0000000000047748,6923,43.81645569620253,4873792,30846.78481012658,131,5916.909616062701,0.981077567528528,,0,0,0,23,1,0,0,1.59328860003734,1.578125,6201.4423828125,1006
corridor,distributed_rsu_vpuft,21,2,131,4,0.9130434782608696,0.84,0.0150375939849624,0.16,0.9849624060150376,0.8749999999999999,0.8536880074557871,8000.0,14350.20364225498,42.398916162193245,14170.42647526708,14389.089285513388,14413.946333090234,15.174342621074288,6829,43.221518987341774,4628512,29294.37974683544,138,5459.843123162999,0.979792063259628,1.0,0,0,0,23,1,0,0,1.6255623999750242,1.609375,6179.150390625,1006
corridor,ahmed_inspired_witness_vpuft,22,4,129,3,0.8461538461538461,0.88,0.0300751879699248,0.12,0.9699248120300752,0.8627450980392156,0.836570783400992,8000.0,14857.509898125392,45.349221165384535,14325.014191206876,14897.501935066908,14974.065846980297,15.848135449125778,34324,217.2405063291139,25641704,162289.2658227848,705,3099.1377531210223,0.979460435846638,1.0,0,0,0,26,1,0,0,4.979913000017405,4.90625,19501.7353515625,1006
corridor,centralized_vpuft,20,2,131,5,0.9090909090909092,0.8,0.0150375939849624,0.2,0.9849624060150376,0.8510638297872342,0.8274921602653108,8000.0,14153.55577269158,0.0,14064.80268007616,14197.596819489898,14221.52940092323,1.0000000000047748,6930,43.86075949367088,4878720,30877.974683544304,138,5913.408716883417,0.98008658008658,,0,0,0,22,1,0,0,1.683647199999541,1.6875,6159.7451171875,1007
corridor,distributed_rsu_vpuft,20,2,131,5,0.9090909090909092,0.8,0.0150375939849624,0.2,0.9849624060150376,0.8510638297872342,0.8274921602653108,8000.0,14347.28702788144,44.44706605550195,14168.060439824272,14391.215227731776,14420.441278708786,14.635705088199202,6802,43.050632911392405,4614464,29205.46835443038,141,5481.4043779429685,0.9792708027050868,1.0,0,0,0,22,1,0,0,1.716024599969387,1.71875,6133.2275390625,1007
corridor,ahmed_inspired_witness_vpuft,24,4,129,1,0.8571428571428571,0.96,0.0300751879699248,0.04,0.9699248120300752,0.9056603773584904,0.888777330115168,8000.0,14839.028657154531,42.95197038668519,14322.874578065595,14871.093421788437,14995.08803997133,13.673821757966206,34340,217.34177215189877,25635152,162247.79746835443,671,3099.394727085506,0.9804601048340128,1.0,0,0,0,28,1,0,0,4.843543899944052,4.8125,19426.4111328125,1007
corridor,centralized_vpuft,22,2,131,3,0.9166666666666666,0.88,0.0150375939849624,0.12,0.9849624060150376,0.8979591836734694,0.8794983658474717,8000.0,14163.982158107308,0.0,14061.44155431301,14204.026546374922,14236.4698211969,1.0000000000047748,6926,43.83544303797469,4875904,30860.151898734177,135,5913.077590528744,0.9805082298585042,,0,0,0,24,1,0,0,1.6647012999746948,1.65625,6144.8134765625,1008
corridor,distributed_rsu_vpuft,22,2,131,3,0.9166666666666666,0.88,0.0150375939849624,0.12,0.9849624060150376,0.8979591836734694,0.8794983658474717,8000.0,14354.748257321991,44.816419027890205,14170.219793241356,14394.1671770709,14420.640919059302,16.28262738640451,6858,43.40506329113924,4640064,29367.49367088608,138,5433.613430169882,0.9798775153105862,1.0,0,0,0,24,1,0,0,1.6309437999734655,1.609375,6142.6845703125,1008
corridor,ahmed_inspired_witness_vpuft,24,4,129,1,0.8571428571428571,0.96,0.0300751879699248,0.04,0.9699248120300752,0.9056603773584904,0.888777330115168,8000.0,14883.427505261894,46.35609383198318,14313.347617691796,14918.582685639894,15006.940035774827,14.707765113226577,34371,217.5379746835443,25659976,162404.91139240508,710,3100.9733969151725,0.9793430508277328,1.0,0,0,0,28,1,0,0,4.523380400030874,4.484375,19393.3388671875,1008
corridor,centralized_vpuft,22,2,131,3,0.9166666666666666,0.88,0.0150375939849624,0.12,0.9849624060150376,0.8979591836734694,0.8794983658474717,8000.0,14148.44444042139,0.0,14058.08967284976,14208.933446671252,14226.752291568078,1.0000000000047748,6929,43.85443037974684,4878016,30873.518987341773,124,5924.251706162806,0.9821041997402222,,0,0,0,24,1,0,0,1.5920051999855789,1.578125,6139.6240234375,1009
corridor,distributed_rsu_vpuft,22,2,131,3,0.9166666666666666,0.88,0.0150375939849624,0.12,0.9849624060150376,0.8979591836734694,0.8794983658474717,8000.0,14379.05082659625,40.0255977832682,14164.068499826317,14418.799546994664,14433.309526604247,15.24279532788917,6870,43.48101265822785,4652416,29445.67088607595,136,5443.253043995867,0.9802037845705968,1.0,0,0,0,24,1,0,0,1.631070900009945,1.625,6141.10546875,1009
corridor,ahmed_inspired_witness_vpuft,24,4,129,1,0.8571428571428571,0.96,0.0300751879699248,0.04,0.9699248120300752,0.9056603773584904,0.888777330115168,8000.0,14835.036829479104,42.22872513253133,14317.350097551624,14874.285928375031,14992.055687761404,15.809115962814245,34309,217.1455696202532,25614024,162114.07594936708,644,3102.3877027780086,0.9812294150222972,1.0,0,0,0,28,1,0,0,5.0997672000085,5.109375,19623.5625,1009
corridor,centralized_vpuft,22,3,130,3,0.88,0.88,0.0225563909774436,0.12,0.9774436090225564,0.88,0.8574436090225563,8000.0,14147.89332161448,0.0,14060.104116684988,14201.989491410244,14222.900593366336,1.0000000000047748,6947,43.96835443037975,4890688,30953.721518987342,151,5901.518587016278,0.97812005182093,,0,0,0,25,1,0,0,1.582369200012181,1.546875,6211.7177734375,1010
corridor,distributed_rsu_vpuft,22,3,130,3,0.88,0.88,0.0225563909774436,0.12,0.9774436090225564,0.88,0.8574436090225563,8000.0,14355.540402678656,40.83447941534217,14157.121121145,14392.449303759851,14411.35216472699,12.828033551787142,6869,43.4746835443038,4642432,29382.481012658227,114,5431.919307186128,0.9834036977726016,1.0,0,0,0,25,1,0,0,1.7308591000037268,1.703125,6193.607421875,1010
corridor,ahmed_inspired_witness_vpuft,23,5,128,2,0.8214285714285714,0.92,0.037593984962406,0.08,0.962406015037594,0.8679245283018867,0.8433611534792701,8000.0,14856.07805616775,43.12109599638792,14310.7616023099,14897.518879931647,14943.732318661976,15.787079745232187,34373,217.5506329113924,25664968,162436.50632911394,716,3090.3303646008494,0.9791696971460158,1.0,0,0,0,28,1,0,0,4.65313839999726,4.59375,19477.8916015625,1010
intersection,centralized_vpuft,20,2,116,5,0.9090909090909092,0.8,0.0169491525423728,0.2,0.9830508474576272,0.8510638297872342,0.8243221055778025,8000.0,14152.260197663927,0.0,14086.547910962452,14224.054178117887,14258.3633868369,1.0000000000047748,10743,75.12587412587412,7563072,52888.61538461538,198,6445.977574979281,0.9815693940240156,,0,0,0,22,1,0,0,3.227817699953448,3.21875,9467.22265625,1001
intersection,distributed_rsu_vpuft,20,2,116,5,0.9090909090909092,0.8,0.0169491525423728,0.2,0.9830508474576272,0.8510638297872342,0.8243221055778025,8000.0,14331.299743585818,40.02449587203429,14170.172638657124,14370.752408039574,14434.250008961042,17.22288122100579,9735,68.07692307692308,6681568,46724.25174825175,209,6055.357218353182,0.9785310734463276,1.0,0,0,0,22,1,0,0,2.8512174999923445,2.828125,9233.251953125,1001
intersection,ahmed_inspired_witness_vpuft,23,4,114,2,0.8518518518518519,0.92,0.0338983050847457,0.08,0.9661016949152542,0.8846153846153846,0.8599707868951425,8000.0,14542.17109177978,196.38355173828757,14205.59641411727,14579.587463428075,14623.206435887834,15.519638329251606,24267,169.6993006993007,18054740,126256.92307692308,459,3176.1764011487585,0.9810854246507604,1.0,0,0,0,27,1,0,0,4.863512100011576,4.734375,13714.4716796875,1001
intersection,centralized_vpuft,19,2,117,6,0.9047619047619048,0.76,0.0168067226890756,0.24,0.9831932773109244,0.8260869565217391,0.797596160087009,8000.0,14155.57239180538,0.0,14077.318631556693,14228.121513082831,14255.61719121203,1.0000000000047748,10749,74.64583333333333,7567296,52550.66666666666,223,6440.46045957785,0.9792538840822402,,0,0,0,21,1,0,0,3.2954784000176005,3.25,9440.537109375,1002
intersection,distributed_rsu_vpuft,19,2,117,6,0.9047619047619048,0.76,0.0168067226890756,0.24,0.9831932773109244,0.8260869565217391,0.797596160087009,8000.0,14313.218958482876,42.68706410033474,14162.176960716068,14354.070445744625,14369.702559644182,15.92837980731332,9677,67.20138888888889,6648128,46167.55555555556,196,6088.61760585651,0.9797457889841892,1.0,0,0,0,21,1,0,0,4.339779100031592,4.296875,9428.0048828125,1002
intersection,ahmed_inspired_witness_vpuft,23,5,112,2,0.8214285714285714,0.92,0.0427350427350427,0.08,0.9572649572649572,0.8679245283018867,0.8397737119755241,8000.0,14463.332073358451,131.66490090372156,14198.361213410592,14496.00329876035,14553.233528624934,15.211764966358386,22673,159.66901408450704,16837712,118575.43661971833,455,3158.3584009779333,0.9799320778017908,1.0,0,0,0,28,1,0,0,3.69409619999351,3.65625,12845.2626953125,1002
intersection,centralized_vpuft,21,2,114,5,0.9130434782608696,0.8076923076923077,0.0172413793103448,0.1923076923076923,0.9827586206896552,0.8571428571428572,0.8297613157787037,8000.0,14143.719410868727,0.0,14078.82297747047,14215.72315332891,14238.320588875882,1.0000000000047748,10625,74.82394366197182,7480000,52676.05633802817,217,6436.596065882572,0.9795764705882352,,0,0,0,23,1,0,0,2.649843299994245,2.625,9441.38671875,1003
intersection,distributed_rsu_vpuft,21,2,114,5,0.9130434782608696,0.8076923076923077,0.0172413793103448,0.1923076923076923,0.9827586206896552,0.8571428571428572,0.8297613157787037,8000.0,14324.995788010614,43.00048471895295,14171.028868632651,14360.170656655457,14394.624166926902,13.47844327381793,9623,67.76760563380282,6593568,46433.57746478873,182,6058.995334154739,0.9810869791125428,1.0,0,0,0,23,1,0,0,2.956288899993524,2.8125,9201.4130859375,1003
intersection,ahmed_inspired_witness_vpuft,22,5,109,4,0.8148148148148148,0.8461538461538461,0.043859649122807,0.1538461538461538,0.956140350877193,0.830188679245283,0.7907726620184067,8049.999999999983,14512.58997718243,107.5051490955612,14208.962570586322,14553.969583444985,14591.6934487341,15.705573309096367,22094,157.81428571428572,16407156,117193.97142857144,428,3187.8614800221744,0.9806282248574274,1.0,0,0,0,27,1,0,0,4.62893060001079,4.53125,12491.291015625,1003
intersection,centralized_vpuft,21,2,115,5,0.9130434782608696,0.8076923076923077,0.017094017094017,0.1923076923076923,0.9829059829059827,0.8571428571428572,0.8300054323396717,8000.0,14161.602059223102,0.0,14085.334604489866,14245.641750519007,14263.115940261214,1.0000000000047748,10720,74.96503496503496,7546880,52775.38461538462,219,6442.487247015141,0.979570895522388,,0,0,0,23,1,0,0,3.5344219999969937,3.484375,9437.439453125,1004
intersection,distributed_rsu_vpuft,21,2,115,5,0.9130434782608696,0.8076923076923077,0.017094017094017,0.1923076923076923,0.9829059829059827,0.8571428571428572,0.8300054323396717,8000.0,14322.91936367026,40.99478239326508,14175.05428902509,14366.562128666988,14405.610842486152,15.652388665517948,9690,67.76223776223776,6641856,46446.545454545456,175,6064.32205713137,0.981940144478844,1.0,0,0,0,23,1,0,0,3.4411440000403672,3.328125,9215.6171875,1004
intersection,ahmed_inspired_witness_vpuft,24,4,112,2,0.8571428571428571,0.9230769230769232,0.0344827586206896,0.0769230769230769,0.9655172413793104,0.888888888888889,0.8637492516096532,8000.0,14569.749190601442,137.4433049894771,14219.969603259204,14603.4018307857,14658.99755333007,13.52322861275912,23146,163.0,17197840,121111.54929577465,440,3172.3087303352345,0.9809470318845588,1.0,0,0,0,28,1,0,0,4.197812400001567,4.109375,13095.884765625,1004
intersection,centralized_vpuft,19,2,117,6,0.9047619047619048,0.76,0.0168067226890756,0.24,0.9831932773109244,0.8260869565217391,0.797596160087009,8000.0,14136.573464806104,0.0,14081.703328307884,14231.06991541038,14248.166995524904,1.0000000000047748,11180,77.63888888888889,7870720,54657.77777777778,215,6450.920707692587,0.9807692307692308,,0,0,0,21,1,0,0,3.497316299995873,3.453125,9843.9052734375,1005
intersection,distributed_rsu_vpuft,19,2,117,6,0.9047619047619048,0.76,0.0168067226890756,0.24,0.9831932773109244,0.8260869565217391,0.797596160087009,8000.0,14296.148483129386,45.53147797138735,14175.353284898923,14342.225647762149,14342.997054366717,14.102373248221056,10017,69.5625,6888480,47836.66666666666,204,6091.884248131119,0.9796346211440552,1.0,0,0,0,21,1,0,0,3.17988409998361,3.109375,9585.962890625,1005
intersection,ahmed_inspired_witness_vpuft,22,4,114,3,0.8461538461538461,0.88,0.0338983050847457,0.12,0.9661016949152542,0.8627450980392156,0.8332090302772728,8000.0,14468.28910212137,102.69251978063564,14195.795248708224,14501.329284272852,14623.624364532554,16.020105910083515,23694,165.69230769230768,17617060,123196.22377622378,451,3144.0934948119207,0.9809656453110492,1.0,0,0,0,26,1,0,0,3.546348800009582,3.46875,13314.0244140625,1005
intersection,centralized_vpuft,20,2,113,5,0.9090909090909092,0.8,0.017391304347826,0.2,0.982608695652174,0.8510638297872342,0.8235903503465148,8049.999999999983,14144.47971998036,0.0,14084.427512017355,14223.75579991954,14241.314946524795,1.0000000000047748,10409,74.35,7327936,52342.4,206,6427.10224767047,0.9802094341435296,,0,0,0,22,1,0,0,2.663933100004215,2.609375,9136.2666015625,1006
intersection,distributed_rsu_vpuft,20,2,113,5,0.9090909090909092,0.8,0.017391304347826,0.2,0.982608695652174,0.8510638297872342,0.8235903503465148,8049.999999999983,14331.84682176906,44.95346263723956,14168.104638586134,14367.605113510912,14382.108146827744,15.238694532742514,9425,67.32142857142857,6461792,46155.65714285714,188,6068.056442498807,0.980053050397878,1.0,0,0,0,22,1,0,0,3.2531844000332057,3.234375,9104.9501953125,1006
intersection,ahmed_inspired_witness_vpuft,21,4,111,4,0.84,0.84,0.0347826086956521,0.16,0.9652173913043478,0.8399999999999999,0.8052173913043478,8049.999999999983,14519.122831641698,102.93769579134126,14210.643252958293,14560.54209579851,14616.728603191486,14.711154593751983,22220,158.71428571428572,16525808,118041.4857142857,455,3211.381910062049,0.9795229522952296,1.0,0,0,0,25,1,0,0,3.678341899998486,3.65625,12621.7529296875,1006
intersection,centralized_vpuft,18,2,114,7,0.9,0.72,0.0172413793103448,0.28,0.9827586206896552,0.7999999999999999,0.7693031270087366,8000.0,14133.479011193116,0.0,14081.150231189567,14218.139408596642,14236.10764640041,1.0000000000047748,10474,74.28368794326241,7373696,52295.716312056735,208,6444.6085659730725,0.9801413022722932,,0,0,0,20,1,0,0,2.881706700020004,2.796875,9298.0185546875,1007
intersection,distributed_rsu_vpuft,18,2,114,7,0.9,0.72,0.0172413793103448,0.28,0.9827586206896552,0.7999999999999999,0.7693031270087366,8000.0,14286.036958990451,42.580738666446656,14171.212814896857,14323.540756535112,14350.206886184536,13.26712968103543,9420,66.80851063829788,6474304,45917.04964539007,194,6108.530398583507,0.9794055201698514,1.0,0,0,0,20,1,0,0,3.1182722000521608,3.046875,9045.974609375,1007
intersection,ahmed_inspired_witness_vpuft,22,4,112,3,0.8461538461538461,0.88,0.0344827586206896,0.12,0.9655172413793104,0.8627450980392156,0.8326948386223194,8000.0,14542.701263949204,140.16270371126626,14208.949107422564,14584.922704141574,14636.738960138186,13.754293372334914,22417,158.98581560283688,16665608,118195.80141843972,439,3191.0356305066643,0.9804166480795824,1.0,0,0,0,26,1,0,0,3.47630909999134,3.40625,12744.9287109375,1007
intersection,centralized_vpuft,19,2,116,7,0.9047619047619048,0.7307692307692307,0.0169491525423728,0.2692307692307692,0.9830508474576272,0.8085106382978723,0.7779545659888272,8000.0,14126.756932651304,0.0,14079.832937865458,14223.061693115837,14246.767010310228,1.0000000000047748,10881,75.5625,7660224,53196.0,231,6424.937831449553,0.9787703336090432,,0,0,0,21,1,0,0,3.397971400001552,3.328125,9575.666015625,1008
intersection,distributed_rsu_vpuft,19,2,116,7,0.9047619047619048,0.7307692307692307,0.0169491525423728,0.2692307692307692,0.9830508474576272,0.8085106382978723,0.7779545659888272,8000.0,14303.390399970482,43.84655578297725,14186.5262073849,14342.330717180552,14354.464495783834,14.708138050639974,9790,67.98611111111111,6728096,46722.88888888889,207,6084.376776274532,0.978855975485189,1.0,0,0,0,21,1,0,0,3.876179000013508,3.78125,9332.982421875,1008
intersection,ahmed_inspired_witness_vpuft,23,4,112,3,0.8518518518518519,0.8846153846153846,0.0344827586206896,0.1153846153846153,0.9655172413793104,0.8679245283018868,0.8378601786224378,8000.0,14550.235690211788,228.18277185456952,14212.217951171731,14592.25515032445,14628.607952130287,15.043902347260738,23542,165.7887323943662,17500820,123245.21126760564,503,3178.948231220815,0.9786339308469968,1.0,0,0,0,27,1,0,0,5.788675300020259,5.609375,13305.1201171875,1008
intersection,centralized_vpuft,19,2,112,7,0.9047619047619048,0.7307692307692307,0.0175438596491228,0.2692307692307692,0.9824561403508772,0.8085106382978723,0.776752670870107,8049.999999999983,14138.469659246546,0.0,14081.47773589944,14223.644629065644,14244.154338592693,1.0000000000047748,10307,73.62142857142857,7256128,51829.485714285714,202,6440.957534879385,0.980401668768798,,0,0,0,21,1,0,0,3.661694800015539,3.625,9055.98046875,1009
intersection,distributed_rsu_vpuft,19,2,112,7,0.9047619047619048,0.7307692307692307,0.0175438596491228,0.2692307692307692,0.9824561403508772,0.8085106382978723,0.776752670870107,8049.999999999983,14327.304606488617,42.76814355270631,14176.923615159069,14369.943250337785,14383.483119228713,15.966147611898409,9302,66.44285714285714,6382720,45590.857142857145,186,6103.4150364735215,0.9800043001505052,1.0,0,0,0,21,1,0,0,3.6827542999526486,3.6875,8830.76953125,1009
intersection,ahmed_inspired_witness_vpuft,22,4,110,4,0.8461538461538461,0.8461538461538461,0.0350877192982456,0.1538461538461538,0.9649122807017544,0.8461538461538461,0.8110661268556005,8049.999999999983,14517.726238198056,142.04479495452293,14200.782881016052,14559.37600205006,14583.074493532687,14.152457509904792,22223,158.7357142857143,16517736,117983.82857142856,423,3206.5241783596007,0.9809656662016828,1.0,0,0,0,26,1,0,0,4.355153399985284,4.296875,12595.6201171875,1009
intersection,centralized_vpuft,21,2,115,5,0.9130434782608696,0.8076923076923077,0.017094017094017,0.1923076923076923,0.9829059829059827,0.8571428571428572,0.8300054323396717,8000.0,14149.247135606513,0.0,14081.442215925928,14229.14442578657,14247.013008785429,1.0000000000047748,10935,76.46853146853147,7698240,53833.84615384616,237,6408.995709922502,0.9782350251486054,,0,0,0,23,1,0,0,2.974789100000635,2.890625,9587.2109375,1010
intersection,distributed_rsu_vpuft,21,2,115,5,0.9130434782608696,0.8076923076923077,0.017094017094017,0.1923076923076923,0.9829059829059827,0.8571428571428572,0.8300054323396717,8000.0,14329.802680926548,45.73342409935748,14182.366263800062,14363.20618665824,14420.964497254374,15.05883685318281,9857,68.93006993006993,6759424,47268.6993006993,172,6042.709545471495,0.9825504717459672,1.0,0,0,0,23,1,0,0,3.4108996000140905,3.328125,9354.0751953125,1010
intersection,ahmed_inspired_witness_vpuft,23,4,113,3,0.8518518518518519,0.8846153846153846,0.0341880341880341,0.1153846153846153,0.9658119658119658,0.8679245283018868,0.8381195037344543,8000.0,14560.436927984303,147.8624906319812,14216.610778036738,14596.309285302792,14633.743390111753,13.767817777998914,23525,164.51048951048952,17492308,122323.83216783217,485,3131.396630882348,0.979383634431456,1.0,0,0,0,27,1,0,0,4.33674440003233,4.21875,13535.32421875,1010
grid,centralized_vpuft,20,2,115,5,0.9090909090909092,0.8,0.017094017094017,0.2,0.9829059829059827,0.8510638297872342,0.824082295108704,8000.0,14103.274755343682,0.0,14060.994902784623,14159.602905301084,14186.5800075592,1.0000000000047748,5591,39.37323943661972,3936064,27718.76056338028,97,6009.152877124077,0.9826506886066894,,0,0,0,22,1,0,0,2.3712934000068344,2.3125,5005.576171875,1001
grid,distributed_rsu_vpuft,20,2,115,5,0.9090909090909092,0.8,0.017094017094017,0.2,0.9829059829059827,0.8510638297872342,0.824082295108704,8000.0,14310.248578308445,47.648257750818594,14153.630275791826,14351.44803208378,14360.609575688472,14.257516877373533,5613,39.5281690140845,3778912,26612.056338028167,122,5382.96401433934,0.97826474256191,1.0,0,0,0,22,1,0,0,2.2600071000051685,2.265625,5011.689453125,1001
grid,ahmed_inspired_witness_vpuft,23,3,112,2,0.8846153846153846,0.92,0.0260869565217391,0.08,0.9739130434782608,0.9019607843137256,0.8803899964197276,11000.0,14459.597078151386,58.84056107482927,14200.714255562929,14500.38112583684,14554.880230510298,14.580789817337347,15624,111.6,11533384,82381.31428571428,299,2949.872162714095,0.980862775217614,1.0,0,0,0,26,1,0,0,3.317516200011596,3.3125,8753.974609375,1001
grid,centralized_vpuft,22,2,114,4,0.9166666666666666,0.8461538461538461,0.0172413793103448,0.1538461538461538,0.9827586206896552,0.8799999999999999,0.8554166822375315,8000.0,14125.32356132232,0.0,14061.072914863453,14148.861429597337,14176.311752857107,1.0000000000047748,5554,39.11267605633803,3910016,27535.323943661973,121,6025.630555275598,0.9782138998919696,,0,0,0,24,1,0,0,1.535638100001961,1.5,5074.5810546875,1002
grid,distributed_rsu_vpuft,22,2,114,4,0.9166666666666666,0.8461538461538461,0.0172413793103448,0.1538461538461538,0.9827586206896552,0.8799999999999999,0.8554166822375315,8000.0,14362.963690892071,45.13465740651731,14158.88015103193,14397.335254209738,14414.46340824093,18.00151950020563,5646,39.76056338028169,3788928,26682.591549295776,127,5368.6658970538365,0.977506199078994,1.0,0,0,0,24,1,0,0,1.3549165000440553,1.3125,5031.8974609375,1002
grid,ahmed_inspired_witness_vpuft,22,3,109,4,0.88,0.8461538461538461,0.0267857142857142,0.1538461538461538,0.9732142857142856,0.8627450980392156,0.8318892801238078,11000.0,14440.25973752078,42.18053160909107,14193.94751598658,14477.46252932097,14526.779213095846,15.28121476393238,13505,97.8623188405797,9947980,72086.8115942029,272,2790.776125572267,0.9798593113661608,1.0,0,0,0,25,1,0,0,1.898049599956721,1.890625,7645.0703125,1002
grid,centralized_vpuft,21,2,113,4,0.9130434782608696,0.84,0.017391304347826,0.16,0.982608695652174,0.8749999999999999,0.8502670936332695,8049.999999999983,14108.688988906766,0.0,14059.420324820649,14137.725548276669,14149.352925199282,1.0000000000047748,5462,39.01428571428571,3845248,27466.057142857146,101,6064.063232515679,0.9815086049066276,,0,0,0,23,1,0,0,1.713919600006193,1.640625,4939.119140625,1003
grid,distributed_rsu_vpuft,21,2,113,4,0.9130434782608696,0.84,0.017391304347826,0.16,0.982608695652174,0.8749999999999999,0.8502670936332695,8049.999999999983,14329.851536075295,44.00805337948128,14158.016164978457,14371.715169716654,14395.104141246373,14.656770665629182,5511,39.364285714285714,3699200,26422.85714285714,105,5395.730566282738,0.9809471965160588,1.0,0,0,0,23,1,0,0,2.0109849000000395,1.96875,4953.130859375,1003
grid,ahmed_inspired_witness_vpuft,18,3,109,7,0.8571428571428571,0.72,0.0267857142857142,0.28,0.9732142857142856,0.782608695652174,0.7432037250429142,11000.0,14444.999825478511,46.68595176403301,14177.476062798229,14480.13089839393,14508.731616280716,16.08271816849438,12742,93.007299270073,9411868,68699.76642335767,241,2870.9195168693536,0.9810861717155862,1.0,0,0,0,21,1,0,0,2.19236289995024,2.1875,7234.693359375,1003
grid,centralized_vpuft,21,2,112,5,0.9130434782608696,0.8076923076923077,0.0175438596491228,0.1923076923076923,0.9824561403508772,0.8571428571428572,0.8292604293282203,8049.999999999983,14093.722952802927,0.0,14061.423419651705,14141.423928494456,14156.34111586648,1.0000000000047748,5351,38.22142857142857,3767104,26907.88571428572,116,5974.001971967971,0.978321809007662,,0,0,0,23,1,0,0,1.547453100036364,1.484375,4805.5380859375,1004
grid,distributed_rsu_vpuft,21,2,112,5,0.9130434782608696,0.8076923076923077,0.0175438596491228,0.1923076923076923,0.9824561403508772,0.8571428571428572,0.8292604293282203,8049.999999999983,14308.446937218663,47.3763453726633,14166.052148016704,14345.655636119694,14376.74977851597,16.47943394275231,5391,38.50714285714286,3615072,25821.942857142854,94,5333.351992532524,0.9825635318122796,1.0,0,0,0,23,1,0,0,1.4901253000134602,1.453125,4811.572265625,1004
grid,ahmed_inspired_witness_vpuft,21,3,107,5,0.875,0.8076923076923077,0.0272727272727272,0.1923076923076923,0.9727272727272728,0.8400000000000001,0.8050012254816592,11000.0,14443.092720793062,1766.75390362601,14186.690808600364,14474.230098462329,14516.20968090509,14.92114774652613,13053,95.9779411764706,9613184,70685.17647058824,250,2982.309540574033,0.9807707040527082,1.0,0,0,0,24,1,0,0,1.8734019999974407,1.859375,7343.5927734375,1004
grid,centralized_vpuft,22,2,113,4,0.9166666666666666,0.8461538461538461,0.017391304347826,0.1538461538461538,0.982608695652174,0.8799999999999999,0.8551989444231628,8000.0,14139.980599122917,0.0,14064.432149316875,14172.36417972929,14187.006689058397,1.0000000000047748,5593,39.66666666666666,3937472,27925.33333333333,117,6099.93692544265,0.9790809940997676,,0,0,0,24,1,0,0,1.3624624999938533,1.359375,4994.7548828125,1005
grid,distributed_rsu_vpuft,22,2,113,4,0.9166666666666666,0.8461538461538461,0.017391304347826,0.1538461538461538,0.982608695652174,0.8799999999999999,0.8551989444231628,8000.0,14360.601024987089,45.03362756211224,14163.57054881279,14399.369122199028,14412.988783577488,14.516699853462177,5667,40.191489361702125,3798944,26942.86524822695,109,5453.162754137066,0.980765837303688,1.0,0,0,0,24,1,0,0,1.6267003000248224,1.578125,5027.1318359375,1005
grid,ahmed_inspired_witness_vpuft,21,3,109,5,0.875,0.8076923076923077,0.0267857142857142,0.1923076923076923,0.9732142857142856,0.8400000000000001,0.8056320376240443,11000.0,14479.056018158895,44.42079775827068,14208.451978812838,14511.914523166295,14546.055409229955,15.719558464757451,14738,106.79710144927536,10879808,78839.1884057971,263,2876.1377092162484,0.9821549735377936,1.0,0,0,0,24,1,0,0,2.6975638999720104,2.625,8268.0625,1005
grid,centralized_vpuft,19,2,114,5,0.9047619047619048,0.7916666666666666,0.0172413793103448,0.2083333333333333,0.9827586206896552,0.8444444444444444,0.8173931859663852,8049.999999999983,14107.879095226266,0.0,14062.715556920724,14139.53362590559,14154.73231513017,1.0000000000047748,5509,39.35,3878336,27702.4,104,6035.824291886112,0.9811218006897804,,0,0,0,21,1,0,0,1.6241240999661386,1.59375,4900.5771484375,1006
grid,distributed_rsu_vpuft,19,2,114,5,0.9047619047619048,0.7916666666666666,0.0172413793103448,0.2083333333333333,0.9827586206896552,0.8444444444444444,0.8173931859663852,8049.999999999983,14282.00118942314,44.94735784048487,14158.10578532546,14325.560765987357,14367.907327727577,19.23356792822517,5524,39.457142857142856,3723904,26599.314285714285,111,5426.418451766163,0.9799058653149892,1.0,0,0,0,21,1,0,0,1.8353358000167648,1.734375,4912.9755859375,1006
grid,ahmed_inspired_witness_vpuft,24,3,109,0,0.8888888888888888,1.0,0.0267857142857142,0.0,0.9732142857142856,0.9411764705882352,0.930096427839267,11250.0,14486.85380325694,44.66256027997417,14202.234540424985,14523.797734975467,14529.621865083309,15.159489858921305,13929,102.41911764705884,10247068,75346.08823529411,272,2892.8755409040136,0.9804723957211572,1.0,0,0,0,27,1,0,0,2.8625691999914125,2.765625,7943.9833984375,1006
grid,centralized_vpuft,18,2,112,7,0.9,0.72,0.0175438596491228,0.28,0.9824561403508772,0.7999999999999999,0.7686934219071898,8099.999999999994,14121.567963019392,0.0,14062.951249146296,14160.017527690909,14176.658614904678,1.0000000000047748,5342,38.431654676258994,3760768,27055.88489208633,100,6007.987673530623,0.9812804193186072,,0,0,0,20,1,0,0,1.7357847999664957,1.71875,4826.1162109375,1007
grid,distributed_rsu_vpuft,18,2,112,7,0.9,0.72,0.0175438596491228,0.28,0.9824561403508772,0.7999999999999999,0.7686934219071898,8099.999999999994,14241.829887361078,45.05712127352679,14145.180182915208,14276.256246831945,14307.310298250371,13.67853505285197,5350,38.489208633093526,3608416,25959.827338129497,115,5410.365227724728,0.9785046728971962,1.0,0,0,0,20,1,0,0,1.5584162000450306,1.453125,4822.4404296875,1007
grid,ahmed_inspired_witness_vpuft,23,3,109,2,0.8846153846153846,0.92,0.0267857142857142,0.08,0.9732142857142856,0.9019607843137256,0.8798051760515778,11000.0,14440.38086334424,45.96060501316046,14185.246691889652,14479.482890056608,14514.680650435614,14.221558291103165,13456,98.21897810218978,9898976,72255.299270073,245,2827.933373629104,0.9817925089179548,1.0,0,0,0,26,1,0,0,2.141586299985647,2.0625,7615.9150390625,1007
grid,centralized_vpuft,22,2,114,3,0.9166666666666666,0.88,0.0172413793103448,0.12,0.9827586206896552,0.8979591836734694,0.8767782234125103,8000.0,14119.515189882515,0.0,14061.006831589822,14146.157025471552,14175.025863666357,1.0000000000047748,5484,38.8936170212766,3860736,27381.106382978724,105,6084.081824945416,0.9808533916849016,,0,0,0,24,1,0,0,1.6010853000334464,1.578125,4967.2939453125,1008
grid,distributed_rsu_vpuft,22,2,114,3,0.9166666666666666,0.88,0.0172413793103448,0.12,0.9827586206896552,0.8979591836734694,0.8767782234125103,8000.0,14339.172374433265,48.640033672703694,14164.177093598531,14377.702088681664,14407.240149890124,15.124795397061774,5572,39.5177304964539,3735616,26493.7304964539,111,5388.92382592818,0.9800789662598708,1.0,0,0,0,24,1,0,0,1.6977044999948705,1.65625,4988.1611328125,1008
grid,ahmed_inspired_witness_vpuft,21,3,110,4,0.875,0.84,0.0265486725663716,0.16,0.9734513274336284,0.8571428571428572,0.8265759249244127,11000.0,14464.487048617611,158.45992020284896,14196.976518608522,14499.38049026018,14518.777718627189,15.233242863937411,13673,99.07971014492752,10080088,73044.11594202899,277,2881.6501276098106,0.9797410955898486,1.0,0,0,0,24,1,0,0,2.6759720999980345,2.578125,7712.564453125,1008
grid,centralized_vpuft,21,2,111,4,0.9130434782608696,0.84,0.0176991150442477,0.16,0.9823008849557522,0.8749999999999999,0.8498203870615759,8150.000000000005,14116.172551959744,0.0,14060.81067577185,14142.606917711457,14152.028908486836,1.0000000000047748,5386,39.028985507246375,3791744,27476.405797101448,94,6040.056883772849,0.9825473449684368,,0,0,0,23,1,0,0,1.6137532999855466,1.578125,4815.09765625,1009
grid,distributed_rsu_vpuft,21,2,111,4,0.9130434782608696,0.84,0.0176991150442477,0.16,0.9823008849557522,0.8749999999999999,0.8498203870615759,8150.000000000005,14329.517486243649,41.8086741089148,14144.970692402578,14367.769508513647,14374.128173355608,17.1295370085744,5451,39.5,3658528,26511.07246376812,103,5353.158707181038,0.9811043845166024,1.0,0,0,0,23,1,0,0,1.5040684000123292,1.515625,4837.453125,1009
grid,ahmed_inspired_witness_vpuft,25,3,107,0,0.8928571428571429,1.0,0.0272727272727272,0.0,0.9727272727272728,0.9433962264150944,0.931936957903534,11000.0,14466.540341739495,56.70025781560887,14202.169576452685,14503.0858073051,14540.35602064082,16.425601677623717,14059,104.14074074074074,10334408,76551.17037037037,254,2934.11487743909,0.9819332811722028,1.0,0,0,0,28,1,0,0,2.108137500006705,2.078125,7863.935546875,1009
grid,centralized_vpuft,19,2,120,4,0.9047619047619048,0.8260869565217391,0.0163934426229508,0.1739130434782608,0.9836065573770492,0.8636363636363636,0.8405121654674543,8000.0,14103.585239560722,0.0,14062.651943554638,14145.331614591516,14170.885415937564,1.0000000000047748,5743,39.60689655172414,4043072,27883.255172413792,130,5981.258714957474,0.9771896221487028,,0,0,0,21,1,0,0,1.5964538000407629,1.5625,5096.0322265625,1010
grid,distributed_rsu_vpuft,19,2,120,4,0.9047619047619048,0.8260869565217391,0.0163934426229508,0.1739130434782608,0.9836065573770492,0.8636363636363636,0.8405121654674543,8000.0,14287.493755532068,54.9104027606333,14157.445687321137,14342.404158292702,14364.949875771845,14.912587691561896,5670,39.10344827586207,3828544,26403.75172413793,90,5456.638296325638,0.984126984126984,1.0,0,0,0,21,1,0,0,1.4733786000288092,1.46875,5088.8173828125,1010
grid,ahmed_inspired_witness_vpuft,21,3,116,2,0.875,0.9130434782608696,0.0252100840336134,0.0869565217391304,0.9747899159663864,0.8936170212765957,0.872815098584963,10949.999999999987,14475.977115162952,163.61609733602893,14197.99561773532,14509.509620959952,14559.596469540556,15.050355812119063,14902,104.943661971831,11003224,77487.49295774648,303,2931.9546600844706,0.9796671587706348,1.0,0,0,0,24,1,0,0,2.216529499972239,2.171875,8345.3359375,1010
