architecture,seed,case_id,committed,view,leader,prepare_votes,commit_votes,started_at,committed_at,view_changes,reason,message_count,bytes_sent,safety_violation
distributed_rsu_vpuft,1001,case-1001-veh_002-w0001,True,0,rsu-1,4,4,29.01733136210306,29.05718624891484,0,committed,27,10080,False
distributed_rsu_vpuft,1001,case-1001-veh_004-w0001,True,0,rsu-1,4,4,29.055043012488664,29.100627822599986,0,committed,27,10080,False
distributed_rsu_vpuft,1001,case-1001-veh_008-w0001,True,0,rsu-1,4,4,29.09471024379943,29.13341472030585,0,committed,28,10432,False
distributed_rsu_vpuft,1001,case-1001-veh_002-w0002,True,0,rsu-1,4,4,44.017539678343915,44.05536964947331,0,committed,28,10432,False
distributed_rsu_vpuft,1001,case-1001-veh_004-w0002,True,0,rsu-1,4,4,44.05910005068475,44.100629480601185,0,committed,27,10080,False
distributed_rsu_vpuft,1001,case-1001-veh_006-w0002,True,0,rsu-1,4,4,44.03206704949201,44.14227740588232,0,committed,29,10784,False
distributed_rsu_vpuft,1001,case-1001-veh_008-w0002,True,0,rsu-1,4,4,44.149337938983074,44.18514416609226,0,committed,27,10080,False
distributed_rsu_vpuft,1001,case-1001-veh_010-w0002,True,0,rsu-1,4,4,44.2143561147765,44.250135449853126,0,committed,28,10432,False
distributed_rsu_vpuft,1001,case-1001-veh_002-w0003,True,0,rsu-1,4,4,59.01537573028789,59.055464124574776,0,committed,28,10432,False
distributed_rsu_vpuft,1001,case-1001-veh_004-w0003,True,0,rsu-1,4,4,59.05910473835742,59.09184848224601,0,committed,28,10432,False
distributed_rsu_vpuft,1001,case-1001-veh_006-w0003,True,0,rsu-1,4,4,59.02804965896158,59.12991182933473,0,committed,28,10432,False
distributed_rsu_vpuft,1001,case-1001-veh_008-w0003,True,0,rsu-1,4,4,59.13286742612824,59.1708584809424,0,committed,27,10080,False
distributed_rsu_vpuft,1001,case-1001-veh_010-w0003,True,0,rsu-1,4,4,59.210935722896735,59.25761822316946,0,committed,28,10624,False
distributed_rsu_vpuft,1001,case-1001-veh_002-w0004,True,0,rsu-1,4,4,74.01956554474062,74.0544486292794,0,committed,28,10432,False
distributed_rsu_vpuft,1001,case-1001-veh_004-w0004,True,0,rsu-1,4,4,74.06527526513013,74.10008762616683,0,committed,28,10432,False
distributed_rsu_vpuft,1001,case-1001-veh_006-w0004,True,0,rsu-1,4,4,74.02738868121835,74.14142190509075,0,committed,27,10080,False
distributed_rsu_vpuft,1001,case-1001-veh_008-w0004,True,0,rsu-1,4,4,74.14587551345537,74.18252834161505,0,committed,28,10432,False
distributed_rsu_vpuft,1001,case-1001-veh_010-w0004,True,0,rsu-1,4,4,74.23106025446265,74.26496101056492,0,committed,27,10080,False
distributed_rsu_vpuft,1001,case-1001-veh_012-w0004,True,0,rsu-1,4,4,74.27386527887896,74.31054302643435,0,committed,28,10432,False
distributed_rsu_vpuft,1001,case-1001-veh_014-w0004,True,0,rsu-1,4,4,74.33108172518398,74.36688742657002,0,committed,30,11136,False
distributed_rsu_vpuft,1001,case-1001-veh_008-w0005,True,0,rsu-1,4,4,89.03981977531092,89.07921256397093,0,committed,29,10784,False
ahmed_inspired_witness_vpuft,1001,case-1001-veh_002-w0001,True,0,rsu-1,4,4,29.02281008914044,29.066161566931907,0,committed,27,10080,False
ahmed_inspired_witness_vpuft,1001,case-1001-veh_008-w0001,True,0,rsu-1,4,4,29.169939958631403,29.20357757109329,0,committed,27,10080,False
ahmed_inspired_witness_vpuft,1001,case-1001-veh_012-w0001,True,0,rsu-1,4,4,29.283497710536153,29.32130762668971,0,committed,28,10432,False
ahmed_inspired_witness_vpuft,1001,case-1001-veh_002-w0002,True,0,rsu-1,4,4,44.0346524185161,44.07407186067996,0,committed,29,10784,False
ahmed_inspired_witness_vpuft,1001,case-1001-veh_004-w0002,True,0,rsu-1,4,4,44.07557481710545,44.11981493129461,0,committed,27,10080,False
ahmed_inspired_witness_vpuft,1001,case-1001-veh_006-w0002,True,0,rsu-1,4,4,44.03152420260833,44.15506133640429,0,committed,28,10432,False
ahmed_inspired_witness_vpuft,1001,case-1001-veh_008-w0002,True,0,rsu-1,4,4,44.16361830976048,44.20208576579101,0,committed,28,10624,False
ahmed_inspired_witness_vpuft,1001,case-1001-veh_010-w0002,True,0,rsu-1,4,4,44.222117105266655,44.25709191932908,0,committed,28,10432,False
ahmed_inspired_witness_vpuft,1001,case-1001-veh_012-w0002,True,0,rsu-1,4,4,44.25589960894111,44.296486163146405,0,committed,29,10784,False
ahmed_inspired_witness_vpuft,1001,case-1001-veh_014-w0002,True,0,rsu-1,4,4,44.30120559420368,44.33998548398448,0,committed,28,10432,False
ahmed_inspired_witness_vpuft,1001,case-1001-veh_002-w0003,True,0,rsu-1,4,4,59.07083058696951,59.107474028285836,0,committed,27,10080,False
ahmed_inspired_witness_vpuft,1001,case-1001-veh_004-w0003,True,0,rsu-1,4,4,59.163274026577284,59.19966586961333,0,committed,28,10432,False
ahmed_inspired_witness_vpuft,1001,case-1001-veh_006-w0003,True,0,rsu-1,4,4,59.22683850725935,59.26379664991899,0,committed,27,10080,False
ahmed_inspired_witness_vpuft,1001,case-1001-veh_008-w0003,True,0,rsu-1,4,4,59.31406953085331,59.349494841765676,0,committed,29,10784,False
ahmed_inspired_witness_vpuft,1001,case-1001-veh_010-w0003,True,0,rsu-1,4,4,59.553583918471745,59.59490392542248,0,committed,27,10080,False
ahmed_inspired_witness_vpuft,1001,case-1001-veh_012-w0003,True,0,rsu-1,4,4,59.63496611997915,59.671206855993425,0,committed,27,10080,False
ahmed_inspired_witness_vpuft,1001,case-1001-veh_014-w0003,True,0,rsu-1,4,4,59.81846763413346,59.85757950620308,0,committed,27,10080,False
ahmed_inspired_witness_vpuft,1001,case-1001-veh_004-w0004,True,0,rsu-1,4,4,74.14581237945649,74.17875467348743,0,committed,27,10080,False
ahmed_inspired_witness_vpuft,1001,case-1001-veh_006-w0004,True,0,rsu-1,4,4,74.24417536395167,74.28058341008341,0,committed,27,10080,False
ahmed_inspired_witness_vpuft,1001,case-1001-veh_008-w0004,True,0,rsu-1,4,4,74.32463298268871,74.35852103709408,0,committed,27,10080,False
ahmed_inspired_witness_vpuft,1001,case-1001-veh_010-w0004,True,0,rsu-1,4,4,74.6423369297413,74.68178525691636,0,committed,27,10080,False
ahmed_inspired_witness_vpuft,1001,case-1001-veh_012-w0004,True,0,rsu-1,4,4,74.7235205522712,74.7676163500296,0,committed,27,10080,False
ahmed_inspired_witness_vpuft,1001,case-1001-veh_014-w0004,True,0,rsu-1,4,4,74.98084684703748,75.01135031176383,0,committed,27,10080,False
ahmed_inspired_witness_vpuft,1001,case-1001-veh_008-w0005,True,0,rsu-1,4,4,89.14478986129093,89.1793862234626,0,committed,27,10080,False
ahmed_inspired_witness_vpuft,1001,case-1001-veh_012-w0005,True,0,rsu-1,4,4,89.30519188180128,89.33924337135369,0,committed,28,10432,False
ahmed_inspired_witness_vpuft,1001,case-1001-veh_014-w0005,True,0,rsu-1,4,4,89.4698708146148,89.51072804445091,0,committed,27,10080,False
distributed_rsu_vpuft,1002,case-1002-veh_002-w0001,True,0,rsu-1,4,4,29.017193252236012,29.04414088615704,0,committed,27,10080,False
distributed_rsu_vpuft,1002,case-1002-veh_008-w0001,True,0,rsu-1,4,4,29.057067510117562,29.096020713977055,0,committed,27,10080,False
distributed_rsu_vpuft,1002,case-1002-veh_002-w0002,True,0,rsu-1,4,4,44.019307757408875,44.05964939958013,0,committed,28,10432,False
distributed_rsu_vpuft,1002,case-1002-veh_004-w0002,True,0,rsu-1,4,4,44.06420413994247,44.10062506563189,0,committed,27,10080,False
distributed_rsu_vpuft,1002,case-1002-veh_006-w0002,True,0,rsu-1,4,4,44.03834937009818,44.13760934922383,0,committed,28,10432,False
distributed_rsu_vpuft,1002,case-1002-veh_008-w0002,True,0,rsu-1,4,4,44.140174895068874,44.18279460423247,0,committed,29,10784,False
distributed_rsu_vpuft,1002,case-1002-veh_010-w0002,True,0,rsu-1,4,4,44.2163395901813,44.25337076116988,0,committed,27,10080,False
distributed_rsu_vpuft,1002,case-1002-veh_012-w0002,True,0,rsu-1,4,4,44.25581527402712,44.291251869277744,0,committed,27,10080,False
distributed_rsu_vpuft,1002,case-1002-veh_002-w0003,True,0,rsu-1,4,4,59.02081447404116,59.059136294247566,0,committed,27,10080,False
distributed_rsu_vpuft,1002,case-1002-veh_004-w0003,True,0,rsu-1,4,4,59.066544868210315,59.105732023115124,0,committed,27,10080,False
distributed_rsu_vpuft,1002,case-1002-veh_006-w0003,True,0,rsu-1,4,4,59.02676503942432,59.1447612796236,0,committed,28,10432,False
distributed_rsu_vpuft,1002,case-1002-veh_008-w0003,True,0,rsu-1,4,4,59.159681176916564,59.196274229778425,0,committed,27,10080,False
distributed_rsu_vpuft,1002,case-1002-veh_010-w0003,True,0,rsu-1,4,4,59.232866535148794,59.27149217765452,0,committed,28,10432,False
distributed_rsu_vpuft,1002,case-1002-veh_002-w0004,True,0,rsu-1,4,4,74.01763462807023,74.06056448093089,0,committed,27,10080,False
distributed_rsu_vpuft,1002,case-1002-veh_004-w0004,True,0,rsu-1,4,4,74.06516845755228,74.10728451569642,0,committed,29,10784,False
distributed_rsu_vpuft,1002,case-1002-veh_006-w0004,True,0,rsu-1,4,4,74.0152211396268,74.1421850692689,0,committed,28,10432,False
distributed_rsu_vpuft,1002,case-1002-veh_008-w0004,True,0,rsu-1,4,4,74.15214445500575,74.18510123137209,0,committed,27,10080,False
distributed_rsu_vpuft,1002,case-1002-veh_010-w0004,True,0,rsu-1,4,4,74.23230024917238,74.2753422426622,0,committed,28,10432,False
distributed_rsu_vpuft,1002,case-1002-veh_012-w0004,True,0,rsu-1,4,4,74.27836331394452,74.3138746516978,0,committed,27,10080,False
distributed_rsu_vpuft,1002,case-1002-veh_014-w0004,True,0,rsu-1,4,4,74.34467635989212,74.38076892092218,0,committed,27,10080,False
distributed_rsu_vpuft,1002,case-1002-veh_008-w0005,True,0,rsu-1,4,4,89.06298750533252,89.10598698413446,0,committed,28,10432,False
ahmed_inspired_witness_vpuft,1002,case-1002-veh_002-w0001,True,0,rsu-1,4,4,29.02596737111482,29.06116713562216,0,committed,28,10432,False
ahmed_inspired_witness_vpuft,1002,case-1002-veh_004-w0001,True,0,rsu-1,4,4,29.088896578871736,29.129487385804673,0,committed,27,10080,False
ahmed_inspired_witness_vpuft,1002,case-1002-veh_008-w0001,True,0,rsu-1,4,4,29.19123126134342,29.236564425003884,0,committed,28,10432,False
ahmed_inspired_witness_vpuft,1002,case-1002-veh_012-w0001,True,0,rsu-1,4,4,29.300547104360344,29.34361709673184,0,committed,28,10432,False
ahmed_inspired_witness_vpuft,1002,case-1002-veh_002-w0002,True,0,rsu-1,4,4,44.03419171014021,44.07193744226224,0,committed,27,10080,False
ahmed_inspired_witness_vpuft,1002,case-1002-veh_004-w0002,True,0,rsu-1,4,4,44.08980009278775,44.12593353306739,0,committed,30,11136,False
ahmed_inspired_witness_vpuft,1002,case-1002-veh_006-w0002,True,0,rsu-1,4,4,44.12417620945559,44.162066301127844,0,committed,27,10080,False
ahmed_inspired_witness_vpuft,1002,case-1002-veh_008-w0002,True,0,rsu-1,4,4,44.17409574508165,44.20802401278723,0,committed,28,10432,False
ahmed_inspired_witness_vpuft,1002,case-1002-veh_010-w0002,True,0,rsu-1,4,4,44.29570513125419,44.33122511231562,0,committed,28,10432,False
ahmed_inspired_witness_vpuft,1002,case-1002-veh_012-w0002,True,0,rsu-1,4,4,44.33519148807204,44.3769207727512,0,committed,31,11488,False
ahmed_inspired_witness_vpuft,1002,case-1002-veh_014-w0002,True,0,rsu-1,4,4,44.39092661953312,44.43074062012352,0,committed,27,10080,False
ahmed_inspired_witness_vpuft,1002,case-1002-veh_002-w0003,True,0,rsu-1,4,4,59.05531611041173,59.092915293020546,0,committed,27,10080,False
ahmed_inspired_witness_vpuft,1002,case-1002-veh_004-w0003,True,0,rsu-1,4,4,59.11602082898462,59.15551505868377,0,committed,27,10080,False
ahmed_inspired_witness_vpuft,1002,case-1002-veh_006-w0003,True,0,rsu-1,4,4,59.19798938933604,59.232025329059844,0,committed,27,10080,False
ahmed_inspired_witness_vpuft,1002,case-1002-veh_008-w0003,True,0,rsu-1,4,4,59.27774943185397,59.31916668798923,0,committed,28,10432,False
ahmed_inspired_witness_vpuft,1002,case-1002-veh_010-w0003,True,0,rsu-1,4,4,59.51996612478834,59.56021007073562,0,committed,28,10432,False
ahmed_inspired_witness_vpuft,1002,case-1002-veh_012-w0003,True,0,rsu-1,4,4,59.573147916890655,59.605534003599516,0,committed,27,10080,False
ahmed_inspired_witness_vpuft,1002,case-1002-veh_014-w0003,True,0,rsu-1,4,4,59.68673158188539,59.73175165085774,0,committed,29,10784,False
ahmed_inspired_witness_vpuft,1002,case-1002-veh_002-w0004,True,0,rsu-1,4,4,74.04877987724173,74.0875539524877,0,committed,28,10432,False
ahmed_inspired_witness_vpuft,1002,case-1002-veh_004-w0004,True,0,rsu-1,4,4,74.1222629848047,74.16019907173214,0,committed,27,10080,False
ahmed_inspired_witness_vpuft,1002,case-1002-veh_006-w0004,True,0,rsu-1,4,4,74.19464404813633,74.23541036233591,0,committed,28,10432,False
ahmed_inspired_witness_vpuft,1002,case-1002-veh_008-w0004,True,0,rsu-1,4,4,74.25350424721633,74.29073222314683,0,committed,27,10080,False
ahmed_inspired_witness_vpuft,1002,case-1002-veh_010-w0004,True,0,rsu-1,4,4,74.38703726040843,74.42890150086569,0,committed,27,10080,False
ahmed_inspired_witness_vpuft,1002,case-1002-veh_012-w0004,True,0,rsu-1,4,4,74.45729154819863,74.49552729336844,0,committed,27,10080,False
ahmed_inspired_witness_vpuft,1002,case-1002-veh_014-w0004,True,0,rsu-1,4,4,74.62766601148915,74.66282291921858,0,committed,27,10080,False
ahmed_inspired_witness_vpuft,1002,case-1002-veh_008-w0005,True,0,rsu-1,4,4,89.15942031112513,89.1981464696208,0,committed,27,10080,False
ahmed_inspired_witness_vpuft,1002,case-1002-veh_012-w0005,True,0,rsu-1,4,4,89.26651618823786,89.30677238293045,0,committed,27,10080,False
ahmed_inspired_witness_vpuft,1002,case-1002-veh_014-w0005,True,0,rsu-1,4,4,89.37685255709948,89.41625271611085,0,committed,27,10080,False
distributed_rsu_vpuft,1003,case-1003-veh_002-w0001,True,0,rsu-1,4,4,29.029828974271197,29.068902481181645,0,committed,28,10432,False
distributed_rsu_vpuft,1003,case-1003-veh_004-w0001,True,0,rsu-1,4,4,29.064518492941914,29.102600495926453,0,committed,27,10080,False
distributed_rsu_vpuft,1003,case-1003-veh_008-w0001,True,0,rsu-1,4,4,29.10184227798906,29.134338032043907,0,committed,27,10080,False
distributed_rsu_vpuft,1003,case-1003-veh_002-w0002,True,0,rsu-1,4,4,44.01472747024294,44.06309828326885,0,committed,27,10080,False
distributed_rsu_vpuft,1003,case-1003-veh_004-w0002,True,0,rsu-1,4,4,44.06025865032784,44.09718402575465,0,committed,28,10432,False
distributed_rsu_vpuft,1003,case-1003-veh_006-w0002,True,0,rsu-1,4,4,44.026782364429444,44.13383919824092,0,committed,27,10080,False
distributed_rsu_vpuft,1003,case-1003-veh_008-w0002,True,0,rsu-1,4,4,44.137797520599435,44.175216242217886,0,committed,29,10784,False
distributed_rsu_vpuft,1003,case-1003-veh_010-w0002,True,0,rsu-1,4,4,44.19964989571104,44.24472098694136,0,committed,28,10624,False
distributed_rsu_vpuft,1003,case-1003-veh_002-w0003,True,0,rsu-1,4,4,59.024414850201424,59.06266813589501,0,committed,27,10080,False
distributed_rsu_vpuft,1003,case-1003-veh_004-w0003,True,0,rsu-1,4,4,59.06977669189048,59.10401064771394,0,committed,27,10080,False
distributed_rsu_vpuft,1003,case-1003-veh_006-w0003,True,0,rsu-1,4,4,59.027265876021325,59.1403687100596,0,committed,28,10432,False
distributed_rsu_vpuft,1003,case-1003-veh_008-w0003,True,0,rsu-1,4,4,59.14717784373558,59.18457743469427,0,committed,28,10624,False
distributed_rsu_vpuft,1003,case-1003-veh_010-w0003,True,0,rsu-1,4,4,59.22171079934475,59.261819094441435,0,committed,27,10080,False
distributed_rsu_vpuft,1003,case-1003-veh_002-w0004,True,0,rsu-1,4,4,74.01655138565067,74.04855735552616,0,committed,27,10080,False
distributed_rsu_vpuft,1003,case-1003-veh_004-w0004,True,0,rsu-1,4,4,74.05848192009883,74.0952552427517,0,committed,27,10080,False
distributed_rsu_vpuft,1003,case-1003-veh_006-w0004,True,0,rsu-1,4,4,74.00990453432371,74.13699422631706,0,committed,28,10432,False
distributed_rsu_vpuft,1003,case-1003-veh_008-w0004,True,0,rsu-1,4,4,74.14078976176515,74.1877111300716,0,committed,28,10624,False
distributed_rsu_vpuft,1003,case-1003-veh_010-w0004,True,0,rsu-1,4,4,74.23985458665268,74.27189791439942,0,committed,27,10080,False
distributed_rsu_vpuft,1003,case-1003-veh_012-w0004,True,0,rsu-1,4,4,74.27958312658022,74.32305277761184,0,committed,28,10432,False
distributed_rsu_vpuft,1003,case-1003-veh_014-w0004,True,0,rsu-1,4,4,74.3547960313827,74.39857123162959,0,committed,27,10080,False
distributed_rsu_vpuft,1003,case-1003-veh_008-w0005,True,0,rsu-1,4,4,89.05303890646557,89.09431805002521,0,committed,27,10080,False
ahmed_inspired_witness_vpuft,1003,case-1003-veh_002-w0001,True,0,rsu-1,4,4,29.02255134295687,29.06408327725213,0,committed,29,10784,False
ahmed_inspired_witness_vpuft,1003,case-1003-veh_008-w0001,True,0,rsu-1,4,4,29.203674552080557,29.248042335448215,0,committed,28,10432,False
ahmed_inspired_witness_vpuft,1003,case-1003-veh_012-w0001,True,0,rsu-1,4,4,29.33292363318894,29.373888256357755,0,committed,27,10080,False
ahmed_inspired_witness_vpuft,1003,case-1003-veh_002-w0002,True,0,rsu-1,4,4,44.030623395342026,44.063284539930045,0,committed,27,10080,False
ahmed_inspired_witness_vpuft,1003,case-1003-veh_004-w0002,True,0,rsu-1,4,4,44.07559079248582,44.111350518548456,0,committed,27,10080,False
ahmed_inspired_witness_vpuft,1003,case-1003-veh_006-w0002,True,0,rsu-1,4,4,44.02707021301561,44.15999546753258,0,committed,28,10432,False
ahmed_inspired_witness_vpuft,1003,case-1003-veh_008-w0002,True,0,rsu-1,4,4,44.17029740371938,44.20367447667585,0,committed,27,10080,False
ahmed_inspired_witness_vpuft,1003,case-1003-veh_010-w0002,True,0,rsu-1,4,4,44.26619332477028,44.30586037359178,0,committed,27,10080,False
ahmed_inspired_witness_vpuft,1003,case-1003-veh_012-w0002,True,0,rsu-1,4,4,44.307646346506765,44.343165681453804,0,committed,27,10080,False
ahmed_inspired_witness_vpuft,1003,case-1003-veh_014-w0002,True,0,rsu-1,4,4,44.359053222927145,44.39861623175876,0,committed,28,10432,False
ahmed_inspired_witness_vpuft,1003,case-1003-veh_002-w0003,True,0,rsu-1,4,4,59.057093447114994,59.09320089673599,0,committed,28,10432,False
ahmed_inspired_witness_vpuft,1003,case-1003-veh_004-w0003,True,0,rsu-1,4,4,59.122028557765624,59.15490517995011,0,committed,27,10080,False
ahmed_inspired_witness_vpuft,1003,case-1003-veh_006-w0003,True,0,rsu-1,4,4,59.18142673612062,59.22101389367827,0,committed,27,10080,False
ahmed_inspired_witness_vpuft,1003,case-1003-veh_008-w0003,True,0,rsu-1,4,4,59.26777423609293,59.30245893224536,0,committed,27,10080,False
ahmed_inspired_witness_vpuft,1003,case-1003-veh_010-w0003,True,0,rsu-1,4,4,59.501638546617876,59.54341959363103,0,committed,29,10784,False
ahmed_inspired_witness_vpuft,1003,case-1003-veh_012-w0003,True,0,rsu-1,4,4,59.561836736273825,59.59733147667142,0,committed,28,10432,False
ahmed_inspired_witness_vpuft,1003,case-1003-veh_014-w0003,True,0,rsu-1,4,4,59.713501340484434,59.74858104949531,0,committed,27,10080,False
ahmed_inspired_witness_vpuft,1003,case-1003-veh_004-w0004,True,0,rsu-1,4,4,74.09474161810063,74.13270845437425,0,committed,27,10080,False
ahmed_inspired_witness_vpuft,1003,case-1003-veh_006-w0004,True,0,rsu-1,4,4,74.17282677008998,74.2060267202464,0,committed,27,10080,False
ahmed_inspired_witness_vpuft,1003,case-1003-veh_008-w0004,True,0,rsu-1,4,4,74.25907566285947,74.30110348202648,0,committed,28,10624,False
ahmed_inspired_witness_vpuft,1003,case-1003-veh_010-w0004,True,0,rsu-1,4,4,74.52888982596332,74.57118498889443,0,committed,30,11520,False
ahmed_inspired_witness_vpuft,1003,case-1003-veh_012-w0004,True,0,rsu-1,4,4,74.62316533024945,74.6618273967266,0,committed,28,10432,False
ahmed_inspired_witness_vpuft,1003,case-1003-veh_014-w0004,True,0,rsu-1,4,4,74.87549357418683,74.91357091055413,0,committed,27,10080,False
ahmed_inspired_witness_vpuft,1003,case-1003-veh_008-w0005,True,0,rsu-1,4,4,89.1791935624606,89.2184704491814,0,committed,27,10080,False
ahmed_inspired_witness_vpuft,1003,case-1003-veh_012-w0005,True,0,rsu-1,4,4,89.30945710156227,89.34349881125424,0,committed,27,10080,False
ahmed_inspired_witness_vpuft,1003,case-1003-veh_014-w0005,True,0,rsu-1,4,4,89.44426891859841,89.4859186443616,0,committed,27,10080,False
distributed_rsu_vpuft,1004,case-1004-veh_002-w0001,True,0,rsu-1,4,4,29.01815696168523,29.0536081155602,0,committed,27,10080,False
distributed_rsu_vpuft,1004,case-1004-veh_004-w0001,True,0,rsu-1,4,4,29.053383308838402,29.091933907497836,0,committed,27,10080,False
distributed_rsu_vpuft,1004,case-1004-veh_008-w0001,True,0,rsu-1,4,4,29.057009573741382,29.123545380206295,0,committed,27,10080,False
distributed_rsu_vpuft,1004,case-1004-veh_002-w0002,True,0,rsu-1,4,4,44.01656028450714,44.046322079723325,0,committed,28,10432,False
distributed_rsu_vpuft,1004,case-1004-veh_004-w0002,True,0,rsu-1,4,4,44.05212115251827,44.08704438591648,0,committed,27,10080,False
distributed_rsu_vpuft,1004,case-1004-veh_006-w0002,True,0,rsu-1,4,4,44.03146855172365,44.12758517291407,0,committed,27,10080,False
distributed_rsu_vpuft,1004,case-1004-veh_008-w0002,True,0,rsu-1,4,4,44.13694078057456,44.173792324502664,0,committed,27,10080,False
distributed_rsu_vpuft,1004,case-1004-veh_010-w0002,True,0,rsu-1,4,4,44.21016516616539,44.250313693224626,0,committed,28,10624,False
distributed_rsu_vpuft,1004,case-1004-veh_002-w0003,True,0,rsu-1,4,4,59.01609263993957,59.0545700156574,0,committed,27,10080,False
distributed_rsu_vpuft,1004,case-1004-veh_004-w0003,True,0,rsu-1,4,4,59.061032289729305,59.09876364401462,0,committed,27,10080,False
distributed_rsu_vpuft,1004,case-1004-veh_006-w0003,True,0,rsu-1,4,4,59.02279584957677,59.13235459787531,0,committed,27,10080,False
distributed_rsu_vpuft,1004,case-1004-veh_008-w0003,True,0,rsu-1,4,4,59.137661678401614,59.17255153698618,0,committed,27,10080,False
distributed_rsu_vpuft,1004,case-1004-veh_010-w0003,True,0,rsu-1,4,4,59.2063313281549,59.24153686071504,0,committed,27,10080,False
distributed_rsu_vpuft,1004,case-1004-veh_002-w0004,True,0,rsu-1,4,4,74.01938583859356,74.05397890408825,0,committed,27,10080,False
distributed_rsu_vpuft,1004,case-1004-veh_004-w0004,True,0,rsu-1,4,4,74.06039588209521,74.09967198742733,0,committed,27,10080,False
distributed_rsu_vpuft,1004,case-1004-veh_006-w0004,True,0,rsu-1,4,4,74.010110138607,74.14581156148155,0,committed,27,10080,False
distributed_rsu_vpuft,1004,case-1004-veh_008-w0004,True,0,rsu-1,4,4,74.15073664077501,74.18543967177791,0,committed,27,10080,False
distributed_rsu_vpuft,1004,case-1004-veh_010-w0004,True,0,rsu-1,4,4,74.22415842113709,74.25830954733709,0,committed,27,10080,False
distributed_rsu_vpuft,1004,case-1004-veh_012-w0004,True,0,rsu-1,4,4,74.26116407469982,74.29575711062866,0,committed,27,10080,False
distributed_rsu_vpuft,1004,case-1004-veh_014-w0004,True,0,rsu-1,4,4,74.32036297416374,74.3560876844461,0,committed,27,10080,False
distributed_rsu_vpuft,1004,case-1004-veh_008-w0005,True,0,rsu-1,4,4,89.05280702233011,89.0888094805798,0,committed,27,10080,False
ahmed_inspired_witness_vpuft,1004,case-1004-veh_002-w0001,True,0,rsu-1,4,4,29.02379659952714,29.063367011180247,0,committed,27,10080,False
ahmed_inspired_witness_vpuft,1004,case-1004-veh_008-w0001,True,0,rsu-1,4,4,29.18326265771916,29.22015970723043,0,committed,27,10080,False
ahmed_inspired_witness_vpuft,1004,case-1004-veh_012-w0001,True,0,rsu-1,4,4,29.315672175945636,29.35057534008131,0,committed,27,10080,False
ahmed_inspired_witness_vpuft,1004,case-1004-veh_002-w0002,True,0,rsu-1,4,4,44.031757536791616,44.06789417983592,0,committed,27,10080,False
ahmed_inspired_witness_vpuft,1004,case-1004-veh_004-w0002,True,0,rsu-1,4,4,44.08302726216827,44.12225549957483,0,committed,27,10080,False
ahmed_inspired_witness_vpuft,1004,case-1004-veh_006-w0002,True,0,rsu-1,4,4,44.11760494133406,44.162158173054486,0,committed,28,10432,False
ahmed_inspired_witness_vpuft,1004,case-1004-veh_008-w0002,True,0,rsu-1,4,4,44.182399473067214,44.218981428196486,0,committed,29,10784,False
ahmed_inspired_witness_vpuft,1004,case-1004-veh_010-w0002,True,0,rsu-1,4,4,44.26041980413193,44.2943524247627,0,committed,30,11136,False
ahmed_inspired_witness_vpuft,1004,case-1004-veh_012-w0002,True,0,rsu-1,4,4,44.29603307019756,44.333660770745425,0,committed,27,10080,False
ahmed_inspired_witness_vpuft,1004,case-1004-veh_014-w0002,True,0,rsu-1,4,4,44.334219306908324,44.37461417164474,0,committed,28,10432,False
ahmed_inspired_witness_vpuft,1004,case-1004-veh_002-w0003,True,0,rsu-1,4,4,59.05405429722505,59.094099072367264,0,committed,27,10080,False
ahmed_inspired_witness_vpuft,1004,case-1004-veh_004-w0003,True,0,rsu-1,4,4,59.12589098178992,59.1546588462253,0,committed,27,10080,False
ahmed_inspired_witness_vpuft,1004,case-1004-veh_006-w0003,True,0,rsu-1,4,4,59.18991890136005,59.228693039887425,0,committed,28,10432,False
ahmed_inspired_witness_vpuft,1004,case-1004-veh_008-w0003,True,0,rsu-1,4,4,59.26757115813342,59.30063626030963,0,committed,27,10080,False
ahmed_inspired_witness_vpuft,1004,case-1004-veh_010-w0003,True,0,rsu-1,4,4,59.49982875580529,59.54006958606527,0,committed,27,10080,False
ahmed_inspired_witness_vpuft,1004,case-1004-veh_012-w0003,True,0,rsu-1,4,4,59.574708228650564,59.61378554716631,0,committed,27,10080,False
ahmed_inspired_witness_vpuft,1004,case-1004-veh_014-w0003,True,0,rsu-1,4,4,59.75134188130791,59.78538258309772,0,committed,28,10432,False
ahmed_inspired_witness_vpuft,1004,case-1004-veh_004-w0004,True,0,rsu-1,4,4,74.1104509161067,74.149551677478,0,committed,27,10080,False
ahmed_inspired_witness_vpuft,1004,case-1004-veh_006-w0004,True,0,rsu-1,4,4,74.20533593303982,74.24195068663849,0,committed,27,10080,False
ahmed_inspired_witness_vpuft,1004,case-1004-veh_008-w0004,True,0,rsu-1,4,4,74.29279793317407,74.32922927166487,0,committed,27,10080,False
ahmed_inspired_witness_vpuft,1004,case-1004-veh_010-w0004,True,0,rsu-1,4,4,74.5878642834355,74.62267446967053,0,committed,27,10080,False
ahmed_inspired_witness_vpuft,1004,case-1004-veh_012-w0004,True,0,rsu-1,4,4,74.69688452609618,74.73134768965973,0,committed,27,10080,False
ahmed_inspired_witness_vpuft,1004,case-1004-veh_014-w0004,True,0,rsu-1,4,4,74.93933356821861,74.97614827004466,0,committed,28,10624,False
ahmed_inspired_witness_vpuft,1004,case-1004-veh_008-w0005,True,0,rsu-1,4,4,89.09018027683838,89.12918993982282,0,committed,29,10976,False
ahmed_inspired_witness_vpuft,1004,case-1004-veh_012-w0005,True,0,rsu-1,4,4,89.25976360921054,89.29737543862316,0,committed,27,10080,False
ahmed_inspired_witness_vpuft,1004,case-1004-veh_014-w0005,True,0,rsu-1,4,4,89.40503505953173,89.44715389314514,0,committed,30,11136,False
distributed_rsu_vpuft,1005,case-1005-veh_002-w0001,True,0,rsu-1,4,4,29.0151709433151,29.057511396342314,0,committed,27,10080,False
distributed_rsu_vpuft,1005,case-1005-veh_004-w0001,True,0,rsu-1,4,4,29.056442278620306,29.0949361706797,0,committed,28,10432,False
distributed_rsu_vpuft,1005,case-1005-veh_008-w0001,True,0,rsu-1,4,4,29.05847196053925,29.134327654290903,0,committed,29,10784,False
distributed_rsu_vpuft,1005,case-1005-veh_002-w0002,True,0,rsu-1,4,4,44.01787013367321,44.052324755957024,0,committed,27,10080,False
distributed_rsu_vpuft,1005,case-1005-veh_004-w0002,True,0,rsu-1,4,4,44.054501703192564,44.090713703926326,0,committed,27,10080,False
distributed_rsu_vpuft,1005,case-1005-veh_006-w0002,True,0,rsu-1,4,4,44.033933909744846,44.12499748970266,0,committed,27,10080,False
distributed_rsu_vpuft,1005,case-1005-veh_008-w0002,True,0,rsu-1,4,4,44.1302688837778,44.167649509788596,0,committed,27,10080,False
distributed_rsu_vpuft,1005,case-1005-veh_010-w0002,True,0,rsu-1,4,4,44.19612153779645,44.23545962020292,0,committed,28,10624,False
distributed_rsu_vpuft,1005,case-1005-veh_012-w0002,True,0,rsu-1,4,4,44.23870184303379,44.270739875425825,0,committed,28,10432,False
distributed_rsu_vpuft,1005,case-1005-veh_002-w0003,True,0,rsu-1,4,4,59.02577126665518,59.065130173546144,0,committed,29,10784,False
distributed_rsu_vpuft,1005,case-1005-veh_004-w0003,True,0,rsu-1,4,4,59.068663598541136,59.10454239293202,0,committed,27,10080,False
distributed_rsu_vpuft,1005,case-1005-veh_006-w0003,True,0,rsu-1,4,4,59.03790553849251,59.1375944593883,0,committed,27,10080,False
distributed_rsu_vpuft,1005,case-1005-veh_008-w0003,True,0,rsu-1,4,4,59.14022935351756,59.17913190545182,0,committed,27,10080,False
distributed_rsu_vpuft,1005,case-1005-veh_010-w0003,True,0,rsu-1,4,4,59.20847395424125,59.25400543221264,0,committed,27,10080,False
distributed_rsu_vpuft,1005,case-1005-veh_012-w0003,True,0,rsu-1,4,4,59.25380783674779,59.301046412071365,0,committed,28,10432,False
distributed_rsu_vpuft,1005,case-1005-veh_002-w0004,True,0,rsu-1,4,4,74.01905879031659,74.05392679941212,0,committed,27,10080,False
distributed_rsu_vpuft,1005,case-1005-veh_004-w0004,True,0,rsu-1,4,4,74.05822145842284,74.0866796807544,0,committed,27,10080,False
distributed_rsu_vpuft,1005,case-1005-veh_006-w0004,True,0,rsu-1,4,4,74.00512077283518,74.12149463701816,0,committed,28,10432,False
distributed_rsu_vpuft,1005,case-1005-veh_008-w0004,True,0,rsu-1,4,4,74.13219343625333,74.17348106892855,0,committed,29,10784,False
distributed_rsu_vpuft,1005,case-1005-veh_010-w0004,True,0,rsu-1,4,4,74.19812070790941,74.23297634034624,0,committed,28,10432,False
distributed_rsu_vpuft,1005,case-1005-veh_012-w0004,True,0,rsu-1,4,4,74.23884500605259,74.27964688665811,0,committed,27,10080,False
distributed_rsu_vpuft,1005,case-1005-veh_014-w0004,True,0,rsu-1,4,4,74.30584724642262,74.33823245121032,0,committed,27,10080,False
distributed_rsu_vpuft,1005,case-1005-veh_008-w0005,True,0,rsu-1,4,4,89.05271209585351,89.090458191709,0,committed,28,10432,False
ahmed_inspired_witness_vpuft,1005,case-1005-veh_008-w0001,True,0,rsu-1,4,4,29.16689964545528,29.201027731665178,0,committed,27,10080,False
ahmed_inspired_witness_vpuft,1005,case-1005-veh_012-w0001,True,0,rsu-1,4,4,29.27755266957173,29.316403417986773,0,committed,27,10080,False
ahmed_inspired_witness_vpuft,1005,case-1005-veh_002-w0002,True,0,rsu-1,4,4,44.031428525863966,44.06947896171712,0,committed,27,10080,False
ahmed_inspired_witness_vpuft,1005,case-1005-veh_004-w0002,True,0,rsu-1,4,4,44.08706291652917,44.11885989905918,0,committed,27,10080,False
ahmed_inspired_witness_vpuft,1005,case-1005-veh_006-w0002,True,0,rsu-1,4,4,44.1223659108764,44.157515664622885,0,committed,27,10080,False
ahmed_inspired_witness_vpuft,1005,case-1005-veh_008-w0002,True,0,rsu-1,4,4,44.1645998852758,44.207533505547744,0,committed,28,10432,False
ahmed_inspired_witness_vpuft,1005,case-1005-veh_010-w0002,True,0,rsu-1,4,4,44.22067098116211,44.258302858162395,0,committed,27,10080,False
ahmed_inspired_witness_vpuft,1005,case-1005-veh_012-w0002,True,0,rsu-1,4,4,44.25495896670776,44.29840717805908,0,committed,27,10080,False
ahmed_inspired_witness_vpuft,1005,case-1005-veh_014-w0002,True,0,rsu-1,4,4,44.303127630932444,44.34142077569949,0,committed,27,10080,False
ahmed_inspired_witness_vpuft,1005,case-1005-veh_002-w0003,True,0,rsu-1,4,4,59.032884590623716,59.074945396694304,0,committed,28,10432,False
ahmed_inspired_witness_vpuft,1005,case-1005-veh_004-w0003,True,0,rsu-1,4,4,59.11519762894428,59.14826412908514,0,committed,27,10080,False
ahmed_inspired_witness_vpuft,1005,case-1005-veh_006-w0003,True,0,rsu-1,4,4,59.169798846902424,59.2019090146968,0,committed,27,10080,False
ahmed_inspired_witness_vpuft,1005,case-1005-veh_008-w0003,True,0,rsu-1,4,4,59.23042448954594,59.26621333374843,0,committed,28,10432,False
ahmed_inspired_witness_vpuft,1005,case-1005-veh_010-w0003,True,0,rsu-1,4,4,59.4528546783576,59.48909191023946,0,committed,28,10432,False
ahmed_inspired_witness_vpuft,1005,case-1005-veh_012-w0003,True,0,rsu-1,4,4,59.52380173625156,59.56533529559024,0,committed,28,10624,False
ahmed_inspired_witness_vpuft,1005,case-1005-veh_014-w0003,True,0,rsu-1,4,4,59.66620173177293,59.70441679947643,0,committed,27,10080,False
ahmed_inspired_witness_vpuft,1005,case-1005-veh_006-w0004,True,0,rsu-1,4,4,74.11301743876848,74.15286209254444,0,committed,27,10080,False
ahmed_inspired_witness_vpuft,1005,case-1005-veh_008-w0004,True,0,rsu-1,4,4,74.19743124460491,74.23217607745961,0,committed,27,10080,False
ahmed_inspired_witness_vpuft,1005,case-1005-veh_010-w0004,True,0,rsu-1,4,4,74.46375985542083,74.4988008710801,0,committed,28,10432,False
ahmed_inspired_witness_vpuft,1005,case-1005-veh_012-w0004,True,0,rsu-1,4,4,74.56910131965303,74.60896489332475,0,committed,27,10080,False
ahmed_inspired_witness_vpuft,1005,case-1005-veh_014-w0004,True,0,rsu-1,4,4,74.8361937405145,74.87997997125211,0,committed,28,10432,False
ahmed_inspired_witness_vpuft,1005,case-1005-veh_008-w0005,True,0,rsu-1,4,4,89.09382745685917,89.13338086458938,0,committed,28,10624,False
ahmed_inspired_witness_vpuft,1005,case-1005-veh_012-w0005,True,0,rsu-1,4,4,89.27836480002998,89.31809521661839,0,committed,29,10784,False
ahmed_inspired_witness_vpuft,1005,case-1005-veh_014-w0005,True,0,rsu-1,4,4,89.43887187066308,89.47558856846186,0,committed,28,10432,False
distributed_rsu_vpuft,1006,case-1006-veh_004-w0001,True,0,rsu-1,4,4,29.02667110130451,29.066705320951794,0,committed,28,10432,False
distributed_rsu_vpuft,1006,case-1006-veh_008-w0001,True,0,rsu-1,4,4,29.06586062512282,29.10004237970804,0,committed,27,10080,False
distributed_rsu_vpuft,1006,case-1006-veh_002-w0002,True,0,rsu-1,4,4,44.020578045659455,44.05378377279885,0,committed,28,10432,False
distributed_rsu_vpuft,1006,case-1006-veh_004-w0002,True,0,rsu-1,4,4,44.070518690488676,44.12045094043713,0,committed,29,10784,False
distributed_rsu_vpuft,1006,case-1006-veh_006-w0002,True,0,rsu-1,4,4,44.02693601574233,44.16100993975826,0,committed,27,10080,False
distributed_rsu_vpuft,1006,case-1006-veh_008-w0002,True,0,rsu-1,4,4,44.166835394544954,44.20431613243222,0,committed,27,10080,False
distributed_rsu_vpuft,1006,case-1006-veh_010-w0002,True,0,rsu-1,4,4,44.238779478955706,44.28514484603902,0,committed,30,11328,False
distributed_rsu_vpuft,1006,case-1006-veh_012-w0002,True,0,rsu-1,4,4,44.29127048715697,44.32449978724043,0,committed,27,10080,False
distributed_rsu_vpuft,1006,case-1006-veh_002-w0003,True,0,rsu-1,4,4,59.02217492414048,59.06610873777093,0,committed,28,10432,False
distributed_rsu_vpuft,1006,case-1006-veh_004-w0003,True,0,rsu-1,4,4,59.07557050914877,59.11115145396603,0,committed,28,10624,False
distributed_rsu_vpuft,1006,case-1006-veh_006-w0003,True,0,rsu-1,4,4,59.03129510151624,59.15185768500984,0,committed,27,10080,False
distributed_rsu_vpuft,1006,case-1006-veh_008-w0003,True,0,rsu-1,4,4,59.15591357365019,59.19357523829306,0,committed,29,10784,False
distributed_rsu_vpuft,1006,case-1006-veh_010-w0003,True,0,rsu-1,4,4,59.23041497840223,59.27258770239699,0,committed,28,10432,False
distributed_rsu_vpuft,1006,case-1006-veh_012-w0003,True,0,rsu-1,4,4,59.273913133725316,59.311497072701805,0,committed,27,10080,False
distributed_rsu_vpuft,1006,case-1006-veh_014-w0003,True,0,rsu-1,4,4,59.34369290051317,59.38032822035293,0,committed,27,10080,False
distributed_rsu_vpuft,1006,case-1006-veh_002-w0004,True,0,rsu-1,4,4,74.01543150318109,74.04154926235523,0,committed,27,10080,False
distributed_rsu_vpuft,1006,case-1006-veh_004-w0004,True,0,rsu-1,4,4,74.05516142746221,74.09422242350503,0,committed,27,10080,False
distributed_rsu_vpuft,1006,case-1006-veh_006-w0004,True,0,rsu-1,4,4,74.00589672774784,74.1311304004318,0,committed,29,10976,False
distributed_rsu_vpuft,1006,case-1006-veh_008-w0004,True,0,rsu-1,4,4,74.13720964194246,74.17833312635493,0,committed,27,10080,False
distributed_rsu_vpuft,1006,case-1006-veh_010-w0004,True,0,rsu-1,4,4,74.21947918181802,74.26304671885318,0,committed,28,10432,False
distributed_rsu_vpuft,1006,case-1006-veh_012-w0004,True,0,rsu-1,4,4,74.26925449845987,74.30524048986976,0,committed,27,10080,False
distributed_rsu_vpuft,1006,case-1006-veh_008-w0005,True,0,rsu-1,4,4,89.05917611977145,89.09646605768287,0,committed,27,10080,False
ahmed_inspired_witness_vpuft,1006,case-1006-veh_002-w0001,True,0,rsu-1,4,4,29.01972060553332,29.052200745430536,0,committed,27,10080,False
ahmed_inspired_witness_vpuft,1006,case-1006-veh_008-w0001,True,0,rsu-1,4,4,29.160555749488655,29.206040431580618,0,committed,28,10432,False
ahmed_inspired_witness_vpuft,1006,case-1006-veh_012-w0001,True,0,rsu-1,4,4,29.26366765432977,29.30469469501393,0,committed,28,10432,False
ahmed_inspired_witness_vpuft,1006,case-1006-veh_002-w0002,True,0,rsu-1,4,4,44.04336601721018,44.09202322033586,0,committed,27,10080,False
ahmed_inspired_witness_vpuft,1006,case-1006-veh_004-w0002,True,0,rsu-1,4,4,44.09984963076661,44.1365111704463,0,committed,27,10080,False
ahmed_inspired_witness_vpuft,1006,case-1006-veh_006-w0002,True,0,rsu-1,4,4,44.139746105821295,44.17587883836333,0,committed,27,10080,False
ahmed_inspired_witness_vpuft,1006,case-1006-veh_008-w0002,True,0,rsu-1,4,4,44.189524508141574,44.22749952843843,0,committed,28,10432,False
ahmed_inspired_witness_vpuft,1006,case-1006-veh_010-w0002,True,0,rsu-1,4,4,44.305189278060766,44.35043081358237,0,committed,27,10080,False
ahmed_inspired_witness_vpuft,1006,case-1006-veh_012-w0002,True,0,rsu-1,4,4,44.359722471833905,44.398830100503076,0,committed,27,10080,False
ahmed_inspired_witness_vpuft,1006,case-1006-veh_014-w0002,True,0,rsu-1,4,4,44.42339350957865,44.467857195141036,0,committed,27,10080,False
ahmed_inspired_witness_vpuft,1006,case-1006-veh_002-w0003,True,0,rsu-1,4,4,59.06251937800464,59.10412917952347,0,committed,28,10432,False
ahmed_inspired_witness_vpuft,1006,case-1006-veh_004-w0003,True,0,rsu-1,4,4,59.16216867400093,59.19940461051366,0,committed,28,10432,False
ahmed_inspired_witness_vpuft,1006,case-1006-veh_006-w0003,True,0,rsu-1,4,4,59.24669668037444,59.281451916853385,0,committed,28,10432,False
ahmed_inspired_witness_vpuft,1006,case-1006-veh_008-w0003,True,0,rsu-1,4,4,59.339417464604324,59.3739922709867,0,committed,27,10080,False
ahmed_inspired_witness_vpuft,1006,case-1006-veh_010-w0003,True,0,rsu-1,4,4,59.612480027956096,59.656761495125984,0,committed,28,10432,False
ahmed_inspired_witness_vpuft,1006,case-1006-veh_012-w0003,True,0,rsu-1,4,4,59.699772633545166,59.73525819027815,0,committed,28,10432,False
ahmed_inspired_witness_vpuft,1006,case-1006-veh_014-w0003,True,0,rsu-1,4,4,59.905185607304176,59.9359744413753,0,committed,27,10080,False
ahmed_inspired_witness_vpuft,1006,case-1006-veh_004-w0004,True,0,rsu-1,4,4,74.10945461067412,74.15082997301454,0,committed,27,10080,False
ahmed_inspired_witness_vpuft,1006,case-1006-veh_006-w0004,True,0,rsu-1,4,4,74.19524526792281,74.23007306730021,0,committed,28,10432,False
ahmed_inspired_witness_vpuft,1006,case-1006-veh_008-w0004,True,0,rsu-1,4,4,74.27565072575217,74.31810404658019,0,committed,29,10784,False
ahmed_inspired_witness_vpuft,1006,case-1006-veh_010-w0004,True,0,rsu-1,4,4,74.53869549950609,74.57956607105629,0,committed,30,11328,False
ahmed_inspired_witness_vpuft,1006,case-1006-veh_012-w0004,True,0,rsu-1,4,4,74.61736992908696,74.65100871691226,0,committed,27,10080,False
ahmed_inspired_witness_vpuft,1006,case-1006-veh_014-w0004,True,0,rsu-1,4,4,74.83937193327431,74.87990928791955,0,committed,28,10432,False
ahmed_inspired_witness_vpuft,1006,case-1006-veh_008-w0005,True,0,rsu-1,4,4,89.1757495836794,89.2071388475579,0,committed,27,10080,False
ahmed_inspired_witness_vpuft,1006,case-1006-veh_012-w0005,True,0,rsu-1,4,4,89.30154506729272,89.34214425085241,0,committed,28,10432,False
ahmed_inspired_witness_vpuft,1006,case-1006-veh_014-w0005,True,0,rsu-1,4,4,89.41577635551951,89.45878173480119,0,committed,28,10432,False
distributed_rsu_vpuft,1007,case-1007-veh_002-w0001,True,0,rsu-1,4,4,29.019589817056126,29.05777823707821,0,committed,28,10432,False
distributed_rsu_vpuft,1007,case-1007-veh_008-w0001,True,0,rsu-1,4,4,29.055771897510212,29.097878145093425,0,committed,28,10432,False
distributed_rsu_vpuft,1007,case-1007-veh_002-w0002,True,0,rsu-1,4,4,44.014311506840116,44.057600048290965,0,committed,29,10976,False
distributed_rsu_vpuft,1007,case-1007-veh_004-w0002,True,0,rsu-1,4,4,44.056996347645864,44.09851105727704,0,committed,28,10432,False
distributed_rsu_vpuft,1007,case-1007-veh_006-w0002,True,0,rsu-1,4,4,44.03322501856314,44.12973946861799,0,committed,27,10080,False
distributed_rsu_vpuft,1007,case-1007-veh_008-w0002,True,0,rsu-1,4,4,44.13516039538355,44.16976696505718,0,committed,28,10432,False
distributed_rsu_vpuft,1007,case-1007-veh_010-w0002,True,0,rsu-1,4,4,44.19389553783008,44.23680756756417,0,committed,29,10784,False
distributed_rsu_vpuft,1007,case-1007-veh_002-w0003,True,0,rsu-1,4,4,59.01965988804796,59.058534908247466,0,committed,27,10080,False
distributed_rsu_vpuft,1007,case-1007-veh_004-w0003,True,0,rsu-1,4,4,59.06994370662577,59.10711901630732,0,committed,27,10080,False
distributed_rsu_vpuft,1007,case-1007-veh_006-w0003,True,0,rsu-1,4,4,59.022234039906614,59.14561361407817,0,committed,27,10080,False
distributed_rsu_vpuft,1007,case-1007-veh_008-w0003,True,0,rsu-1,4,4,59.16078509758202,59.196955087973066,0,committed,28,10432,False
distributed_rsu_vpuft,1007,case-1007-veh_010-w0003,True,0,rsu-1,4,4,59.232491967353745,59.265060611984346,0,committed,27,10080,False
distributed_rsu_vpuft,1007,case-1007-veh_012-w0003,True,0,rsu-1,4,4,59.274583548421006,59.31569254049865,0,committed,27,10080,False
distributed_rsu_vpuft,1007,case-1007-veh_014-w0003,True,0,rsu-1,4,4,59.34785302240361,59.380459962298374,0,committed,27,10080,False
distributed_rsu_vpuft,1007,case-1007-veh_002-w0004,True,0,rsu-1,4,4,74.01872866677338,74.05882682355634,0,committed,28,10432,False
distributed_rsu_vpuft,1007,case-1007-veh_004-w0004,True,0,rsu-1,4,4,74.06943720238934,74.11160668303786,0,committed,28,10432,False
distributed_rsu_vpuft,1007,case-1007-veh_006-w0004,True,0,rsu-1,4,4,74.00590073493031,74.1495173728736,0,committed,28,10432,False
distributed_rsu_vpuft,1007,case-1007-veh_008-w0004,True,0,rsu-1,4,4,74.16242024624668,74.19840940849386,0,committed,27,10080,False
distributed_rsu_vpuft,1007,case-1007-veh_010-w0004,True,0,rsu-1,4,4,74.2372227687698,74.27369289574688,0,committed,28,10432,False
distributed_rsu_vpuft,1007,case-1007-veh_012-w0004,True,0,rsu-1,4,4,74.28337586996564,74.32157153551842,0,committed,28,10432,False
distributed_rsu_vpuft,1007,case-1007-veh_008-w0005,True,0,rsu-1,4,4,89.0704730352794,89.10960534922603,0,committed,28,10432,False
ahmed_inspired_witness_vpuft,1007,case-1007-veh_002-w0001,True,0,rsu-1,4,4,29.023386354514457,29.06177138846787,0,committed,28,10624,False
ahmed_inspired_witness_vpuft,1007,case-1007-veh_004-w0001,True,0,rsu-1,4,4,29.052482631521638,29.100242997212487,0,committed,28,10432,False
ahmed_inspired_witness_vpuft,1007,case-1007-veh_008-w0001,True,0,rsu-1,4,4,29.142951199071387,29.180582253233176,0,committed,29,10784,False
ahmed_inspired_witness_vpuft,1007,case-1007-veh_012-w0001,True,0,rsu-1,4,4,29.245806617866105,29.284604487357377,0,committed,27,10080,False
ahmed_inspired_witness_vpuft,1007,case-1007-veh_002-w0002,True,0,rsu-1,4,4,44.03798429121309,44.07692988100319,0,committed,28,10432,False
ahmed_inspired_witness_vpuft,1007,case-1007-veh_004-w0002,True,0,rsu-1,4,4,44.08999871937845,44.12978294594143,0,committed,29,10784,False
ahmed_inspired_witness_vpuft,1007,case-1007-veh_006-w0002,True,0,rsu-1,4,4,44.13207683438616,44.17621870244007,0,committed,27,10080,False
ahmed_inspired_witness_vpuft,1007,case-1007-veh_008-w0002,True,0,rsu-1,4,4,44.195026271963464,44.234284365820265,0,committed,28,10432,False
ahmed_inspired_witness_vpuft,1007,case-1007-veh_010-w0002,True,0,rsu-1,4,4,44.3138883761767,44.349443998733754,0,committed,27,10080,False
ahmed_inspired_witness_vpuft,1007,case-1007-veh_012-w0002,True,0,rsu-1,4,4,44.3605212272897,44.39499286151125,0,committed,27,10080,False
ahmed_inspired_witness_vpuft,1007,case-1007-veh_014-w0002,True,0,rsu-1,4,4,44.41977827600698,44.46242528371963,0,committed,27,10080,False
ahmed_inspired_witness_vpuft,1007,case-1007-veh_002-w0003,True,0,rsu-1,4,4,59.06401086315037,59.10269397084984,0,committed,29,10784,False
ahmed_inspired_witness_vpuft,1007,case-1007-veh_004-w0003,True,0,rsu-1,4,4,59.13914957948859,59.17448409623754,0,committed,27,10080,False
ahmed_inspired_witness_vpuft,1007,case-1007-veh_006-w0003,True,0,rsu-1,4,4,59.225073112714725,59.269722283788134,0,committed,28,10432,False
ahmed_inspired_witness_vpuft,1007,case-1007-veh_008-w0003,True,0,rsu-1,4,4,59.310615511614465,59.351315116380185,0,committed,27,10080,False
ahmed_inspired_witness_vpuft,1007,case-1007-veh_010-w0003,True,0,rsu-1,4,4,59.62606245524838,59.66651513052606,0,committed,28,10432,False
ahmed_inspired_witness_vpuft,1007,case-1007-veh_012-w0003,True,0,rsu-1,4,4,59.70140981790806,59.73943126933735,0,committed,29,10976,False
ahmed_inspired_witness_vpuft,1007,case-1007-veh_014-w0003,True,0,rsu-1,4,4,59.90250198439385,59.93933961555315,0,committed,29,10784,False
ahmed_inspired_witness_vpuft,1007,case-1007-veh_004-w0004,True,0,rsu-1,4,4,74.10446964385386,74.14564633606703,0,committed,30,11328,False
ahmed_inspired_witness_vpuft,1007,case-1007-veh_006-w0004,True,0,rsu-1,4,4,74.19717438137167,74.2280023274609,0,committed,27,10080,False
ahmed_inspired_witness_vpuft,1007,case-1007-veh_008-w0004,True,0,rsu-1,4,4,74.26431963716362,74.29967109548686,0,committed,27,10080,False
ahmed_inspired_witness_vpuft,1007,case-1007-veh_010-w0004,True,0,rsu-1,4,4,74.50852730941034,74.54308011011521,0,committed,27,10080,False
ahmed_inspired_witness_vpuft,1007,case-1007-veh_012-w0004,True,0,rsu-1,4,4,74.59108881587139,74.63073989570358,0,committed,28,10432,False
ahmed_inspired_witness_vpuft,1007,case-1007-veh_014-w0004,True,0,rsu-1,4,4,74.83262429006504,74.86961675069145,0,committed,29,10784,False
ahmed_inspired_witness_vpuft,1007,case-1007-veh_008-w0005,True,0,rsu-1,4,4,89.21576363361346,89.24976665420165,0,committed,27,10080,False
ahmed_inspired_witness_vpuft,1007,case-1007-veh_012-w0005,True,0,rsu-1,4,4,89.33876895058084,89.37504195344687,0,committed,28,10432,False
ahmed_inspired_witness_vpuft,1007,case-1007-veh_014-w0005,True,0,rsu-1,4,4,89.45846344403607,89.49769311342375,0,committed,27,10080,False
distributed_rsu_vpuft,1008,case-1008-veh_002-w0001,True,0,rsu-1,4,4,29.01694449425692,29.05614661211946,0,committed,28,10432,False
distributed_rsu_vpuft,1008,case-1008-veh_004-w0001,True,0,rsu-1,4,4,29.052239213176158,29.097416158290713,0,committed,27,10080,False
distributed_rsu_vpuft,1008,case-1008-veh_008-w0001,True,0,rsu-1,4,4,29.090144332782668,29.137652706599244,0,committed,28,10432,False
distributed_rsu_vpuft,1008,case-1008-veh_002-w0002,True,0,rsu-1,4,4,44.014473341040336,44.051965774827856,0,committed,28,10432,False
distributed_rsu_vpuft,1008,case-1008-veh_004-w0002,True,0,rsu-1,4,4,44.053709888086686,44.087275606951366,0,committed,27,10080,False
distributed_rsu_vpuft,1008,case-1008-veh_006-w0002,True,0,rsu-1,4,4,44.02930044459117,44.12638001261751,0,committed,27,10080,False
distributed_rsu_vpuft,1008,case-1008-veh_008-w0002,True,0,rsu-1,4,4,44.131626592117264,44.17034338813619,0,committed,27,10080,False
distributed_rsu_vpuft,1008,case-1008-veh_010-w0002,True,0,rsu-1,4,4,44.22020105012645,44.25588051453266,0,committed,28,10624,False
distributed_rsu_vpuft,1008,case-1008-veh_012-w0002,True,0,rsu-1,4,4,44.25919637778219,44.29885422915608,0,committed,28,10432,False
distributed_rsu_vpuft,1008,case-1008-veh_002-w0003,True,0,rsu-1,4,4,59.02157269973881,59.055187343282974,0,committed,27,10080,False
distributed_rsu_vpuft,1008,case-1008-veh_004-w0003,True,0,rsu-1,4,4,59.063707068792276,59.10342201954897,0,committed,28,10432,False
distributed_rsu_vpuft,1008,case-1008-veh_006-w0003,True,0,rsu-1,4,4,59.040504707436604,59.14142541944578,0,committed,29,10784,False
distributed_rsu_vpuft,1008,case-1008-veh_008-w0003,True,0,rsu-1,4,4,59.1432435766222,59.183411605065935,0,committed,28,10432,False
distributed_rsu_vpuft,1008,case-1008-veh_010-w0003,True,0,rsu-1,4,4,59.22776230719463,59.269488202161604,0,committed,29,10784,False
distributed_rsu_vpuft,1008,case-1008-veh_012-w0003,True,0,rsu-1,4,4,59.27764673534646,59.323605660925374,0,committed,28,10624,False
distributed_rsu_vpuft,1008,case-1008-veh_002-w0004,True,0,rsu-1,4,4,74.01811028558487,74.0574455035834,0,committed,28,10432,False
distributed_rsu_vpuft,1008,case-1008-veh_004-w0004,True,0,rsu-1,4,4,74.05749336385847,74.09768451350027,0,committed,29,10976,False
distributed_rsu_vpuft,1008,case-1008-veh_006-w0004,True,0,rsu-1,4,4,74.0034338382445,74.1374118467322,0,committed,28,10432,False
distributed_rsu_vpuft,1008,case-1008-veh_008-w0004,True,0,rsu-1,4,4,74.14713158034628,74.18444145629879,0,committed,27,10080,False
distributed_rsu_vpuft,1008,case-1008-veh_010-w0004,True,0,rsu-1,4,4,74.22011456045844,74.25449931913508,0,committed,27,10080,False
distributed_rsu_vpuft,1008,case-1008-veh_012-w0004,True,0,rsu-1,4,4,74.2660566628416,74.31101905086022,0,committed,28,10432,False
distributed_rsu_vpuft,1008,case-1008-veh_014-w0004,True,0,rsu-1,4,4,74.33449345548324,74.37378779784396,0,committed,27,10080,False
distributed_rsu_vpuft,1008,case-1008-veh_008-w0005,True,0,rsu-1,4,4,89.05495146843828,89.08796517754236,0,committed,28,10432,False
ahmed_inspired_witness_vpuft,1008,case-1008-veh_002-w0001,True,0,rsu-1,4,4,29.026545450284825,29.068911216183963,0,committed,28,10432,False
ahmed_inspired_witness_vpuft,1008,case-1008-veh_004-w0001,True,0,rsu-1,4,4,29.07205881854025,29.11098912065951,0,committed,27,10080,False
ahmed_inspired_witness_vpuft,1008,case-1008-veh_008-w0001,True,0,rsu-1,4,4,29.194670338694397,29.2389909483648,0,committed,28,10432,False
ahmed_inspired_witness_vpuft,1008,case-1008-veh_012-w0001,True,0,rsu-1,4,4,29.287070895186208,29.33051119143747,0,committed,28,10432,False
ahmed_inspired_witness_vpuft,1008,case-1008-veh_002-w0002,True,0,rsu-1,4,4,44.032202456094986,44.06872894958422,0,committed,27,10080,False
ahmed_inspired_witness_vpuft,1008,case-1008-veh_004-w0002,True,0,rsu-1,4,4,44.073951596734275,44.112693683637815,0,committed,27,10080,False
ahmed_inspired_witness_vpuft,1008,case-1008-veh_006-w0002,True,0,rsu-1,4,4,44.11559480869883,44.158574698244074,0,committed,27,10080,False
ahmed_inspired_witness_vpuft,1008,case-1008-veh_008-w0002,True,0,rsu-1,4,4,44.16600442194081,44.20547056192423,0,committed,27,10080,False
ahmed_inspired_witness_vpuft,1008,case-1008-veh_010-w0002,True,0,rsu-1,4,4,44.249615095167854,44.29142240288774,0,committed,27,10080,False
ahmed_inspired_witness_vpuft,1008,case-1008-veh_012-w0002,True,0,rsu-1,4,4,44.29584299063511,44.33374422287377,0,committed,27,10080,False
ahmed_inspired_witness_vpuft,1008,case-1008-veh_014-w0002,True,0,rsu-1,4,4,44.34563727559053,44.384268653917594,0,committed,28,10432,False
ahmed_inspired_witness_vpuft,1008,case-1008-veh_002-w0003,True,0,rsu-1,4,4,59.07648429190319,59.112757186623455,0,committed,28,10432,False
ahmed_inspired_witness_vpuft,1008,case-1008-veh_004-w0003,True,0,rsu-1,4,4,59.16240691721339,59.201991366981545,0,committed,27,10080,False
ahmed_inspired_witness_vpuft,1008,case-1008-veh_006-w0003,True,0,rsu-1,4,4,59.22432691235442,59.2660087145157,0,committed,28,10432,False
ahmed_inspired_witness_vpuft,1008,case-1008-veh_008-w0003,True,0,rsu-1,4,4,59.30428227421865,59.34017951633373,0,committed,28,10432,False
ahmed_inspired_witness_vpuft,1008,case-1008-veh_010-w0003,True,0,rsu-1,4,4,59.574613263830976,59.60854577364443,0,committed,27,10080,False
ahmed_inspired_witness_vpuft,1008,case-1008-veh_012-w0003,True,0,rsu-1,4,4,59.657843109325405,59.694167968264175,0,committed,27,10080,False
ahmed_inspired_witness_vpuft,1008,case-1008-veh_014-w0003,True,0,rsu-1,4,4,59.83677851102491,59.87318802852997,0,committed,27,10080,False
ahmed_inspired_witness_vpuft,1008,case-1008-veh_002-w0004,True,0,rsu-1,4,4,74.07560777928805,74.11022600620431,0,committed,27,10080,False
ahmed_inspired_witness_vpuft,1008,case-1008-veh_004-w0004,True,0,rsu-1,4,4,74.14446165083608,74.1773199877684,0,committed,28,10432,False
ahmed_inspired_witness_vpuft,1008,case-1008-veh_006-w0004,True,0,rsu-1,4,4,74.21808890905368,74.26148073175895,0,committed,27,10080,False
ahmed_inspired_witness_vpuft,1008,case-1008-veh_008-w0004,True,0,rsu-1,4,4,74.3101734995599,74.34487746874099,0,committed,28,10432,False
ahmed_inspired_witness_vpuft,1008,case-1008-veh_010-w0004,True,0,rsu-1,4,4,74.64692450085687,74.68652776660224,0,committed,27,10080,False
ahmed_inspired_witness_vpuft,1008,case-1008-veh_012-w0004,True,0,rsu-1,4,4,74.75103977305018,74.79426138422906,0,committed,28,10624,False
ahmed_inspired_witness_vpuft,1008,case-1008-veh_014-w0004,True,0,rsu-1,4,4,75.02523979073199,75.0604408770725,0,committed,27,10080,False
ahmed_inspired_witness_vpuft,1008,case-1008-veh_008-w0005,True,0,rsu-1,4,4,89.10999096972625,89.15074179701128,0,committed,28,10432,False
ahmed_inspired_witness_vpuft,1008,case-1008-veh_014-w0005,True,0,rsu-1,4,4,89.38137045552436,89.42113030118796,0,committed,28,10432,False
distributed_rsu_vpuft,1009,case-1009-veh_002-w0001,True,0,rsu-1,4,4,29.017459288442836,29.058560016904078,0,committed,28,10432,False
distributed_rsu_vpuft,1009,case-1009-veh_004-w0001,True,0,rsu-1,4,4,29.063085015162304,29.098568918558634,0,committed,29,10784,False
distributed_rsu_vpuft,1009,case-1009-veh_008-w0001,True,0,rsu-1,4,4,29.095583943959472,29.14064641976973,0,committed,28,10432,False
distributed_rsu_vpuft,1009,case-1009-veh_002-w0002,True,0,rsu-1,4,4,44.01859105403972,44.06144784170197,0,committed,28,10624,False
distributed_rsu_vpuft,1009,case-1009-veh_004-w0002,True,0,rsu-1,4,4,44.065638454951674,44.105598922165214,0,committed,28,10432,False
distributed_rsu_vpuft,1009,case-1009-veh_006-w0002,True,0,rsu-1,4,4,44.024862645690135,44.143186349871,0,committed,29,10976,False
distributed_rsu_vpuft,1009,case-1009-veh_008-w0002,True,0,rsu-1,4,4,44.14766072235,44.185863378143594,0,committed,28,10432,False
distributed_rsu_vpuft,1009,case-1009-veh_010-w0002,True,0,rsu-1,4,4,44.211303888406015,44.24840568236379,0,committed,28,10432,False
distributed_rsu_vpuft,1009,case-1009-veh_012-w0002,True,0,rsu-1,4,4,44.253859602010344,44.2877635180601,0,committed,27,10080,False
distributed_rsu_vpuft,1009,case-1009-veh_002-w0003,True,0,rsu-1,4,4,59.018207370092654,59.05249820722821,0,committed,27,10080,False
distributed_rsu_vpuft,1009,case-1009-veh_004-w0003,True,0,rsu-1,4,4,59.05880601948236,59.10087248525103,0,committed,28,10432,False
distributed_rsu_vpuft,1009,case-1009-veh_006-w0003,True,0,rsu-1,4,4,59.02714644831074,59.14105912087937,0,committed,27,10080,False
distributed_rsu_vpuft,1009,case-1009-veh_008-w0003,True,0,rsu-1,4,4,59.145426058414785,59.182042433708354,0,committed,27,10080,False
distributed_rsu_vpuft,1009,case-1009-veh_010-w0003,True,0,rsu-1,4,4,59.22516191451949,59.26259335113022,0,committed,27,10080,False
distributed_rsu_vpuft,1009,case-1009-veh_012-w0003,True,0,rsu-1,4,4,59.265790933008226,59.29756005356539,0,committed,27,10080,False
distributed_rsu_vpuft,1009,case-1009-veh_014-w0003,True,0,rsu-1,4,4,59.32791157592379,59.369227525788716,0,committed,30,11328,False
distributed_rsu_vpuft,1009,case-1009-veh_002-w0004,True,0,rsu-1,4,4,74.01624500686333,74.04918041816741,0,committed,28,10432,False
distributed_rsu_vpuft,1009,case-1009-veh_004-w0004,True,0,rsu-1,4,4,74.05592519783427,74.09846148942523,0,committed,27,10080,False
distributed_rsu_vpuft,1009,case-1009-veh_006-w0004,True,0,rsu-1,4,4,74.00045200000001,74.13325591347977,0,committed,28,10624,False
distributed_rsu_vpuft,1009,case-1009-veh_008-w0004,True,0,rsu-1,4,4,74.14165388174452,74.17775924929936,0,committed,27,10080,False
distributed_rsu_vpuft,1009,case-1009-veh_010-w0004,True,0,rsu-1,4,4,74.22126319528753,74.2550976907679,0,committed,27,10080,False
distributed_rsu_vpuft,1009,case-1009-veh_008-w0005,True,0,rsu-1,4,4,89.0649387445681,89.1016225067276,0,committed,28,10432,False
ahmed_inspired_witness_vpuft,1009,case-1009-veh_002-w0001,True,0,rsu-1,4,4,29.02839478439107,29.072939367972083,0,committed,27,10080,False
ahmed_inspired_witness_vpuft,1009,case-1009-veh_004-w0001,True,0,rsu-1,4,4,29.061266647317417,29.104883242821973,0,committed,27,10080,False
ahmed_inspired_witness_vpuft,1009,case-1009-veh_008-w0001,True,0,rsu-1,4,4,29.161366099066488,29.1973821255532,0,committed,28,10432,False
ahmed_inspired_witness_vpuft,1009,case-1009-veh_012-w0001,True,0,rsu-1,4,4,29.256310850185674,29.29156472568402,0,committed,28,10432,False
ahmed_inspired_witness_vpuft,1009,case-1009-veh_002-w0002,True,0,rsu-1,4,4,44.037433677784456,44.08138895451732,0,committed,29,10976,False
ahmed_inspired_witness_vpuft,1009,case-1009-veh_004-w0002,True,0,rsu-1,4,4,44.087615345477914,44.11603444108266,0,committed,27,10080,False
ahmed_inspired_witness_vpuft,1009,case-1009-veh_006-w0002,True,0,rsu-1,4,4,44.11599689559016,44.15356814060588,0,committed,27,10080,False
ahmed_inspired_witness_vpuft,1009,case-1009-veh_008-w0002,True,0,rsu-1,4,4,44.16723264949321,44.20772678255855,0,committed,28,10432,False
ahmed_inspired_witness_vpuft,1009,case-1009-veh_010-w0002,True,0,rsu-1,4,4,44.26549411182606,44.3003616430399,0,committed,27,10080,False
ahmed_inspired_witness_vpuft,1009,case-1009-veh_012-w0002,True,0,rsu-1,4,4,44.30884766614465,44.34973281358065,0,committed,28,10432,False
ahmed_inspired_witness_vpuft,1009,case-1009-veh_014-w0002,True,0,rsu-1,4,4,44.37169851503672,44.402954584363926,0,committed,27,10080,False
ahmed_inspired_witness_vpuft,1009,case-1009-veh_002-w0003,True,0,rsu-1,4,4,59.05332733836502,59.090771398465435,0,committed,27,10080,False
ahmed_inspired_witness_vpuft,1009,case-1009-veh_004-w0003,True,0,rsu-1,4,4,59.13691335392673,59.17244976159378,0,committed,27,10080,False
ahmed_inspired_witness_vpuft,1009,case-1009-veh_006-w0003,True,0,rsu-1,4,4,59.211393931645624,59.24737741837461,0,committed,27,10080,False
ahmed_inspired_witness_vpuft,1009,case-1009-veh_008-w0003,True,0,rsu-1,4,4,59.28959881990816,59.31794820555386,0,committed,27,10080,False
ahmed_inspired_witness_vpuft,1009,case-1009-veh_010-w0003,True,0,rsu-1,4,4,59.564928892549545,59.6036687475395,0,committed,28,10432,False
ahmed_inspired_witness_vpuft,1009,case-1009-veh_012-w0003,True,0,rsu-1,4,4,59.650846006808194,59.68678925609759,0,committed,27,10080,False
ahmed_inspired_witness_vpuft,1009,case-1009-veh_014-w0003,True,0,rsu-1,4,4,59.86949910250061,59.90593839419574,0,committed,27,10080,False
ahmed_inspired_witness_vpuft,1009,case-1009-veh_004-w0004,True,0,rsu-1,4,4,74.09617262758948,74.13775696635253,0,committed,27,10080,False
ahmed_inspired_witness_vpuft,1009,case-1009-veh_006-w0004,True,0,rsu-1,4,4,74.17304008624275,74.20959391220788,0,committed,27,10080,False
ahmed_inspired_witness_vpuft,1009,case-1009-veh_008-w0004,True,0,rsu-1,4,4,74.25193536587444,74.29406254343414,0,committed,30,11136,False
ahmed_inspired_witness_vpuft,1009,case-1009-veh_010-w0004,True,0,rsu-1,4,4,74.49672961416483,74.53409920095996,0,committed,27,10080,False
ahmed_inspired_witness_vpuft,1009,case-1009-veh_012-w0004,True,0,rsu-1,4,4,74.58328921710866,74.62246243859582,0,committed,27,10080,False
ahmed_inspired_witness_vpuft,1009,case-1009-veh_014-w0004,True,0,rsu-1,4,4,74.81641713404885,74.85630408311044,0,committed,28,10432,False
ahmed_inspired_witness_vpuft,1009,case-1009-veh_008-w0005,True,0,rsu-1,4,4,89.14987983091378,89.18528770397228,0,committed,29,10784,False
ahmed_inspired_witness_vpuft,1009,case-1009-veh_012-w0005,True,0,rsu-1,4,4,89.29355600024364,89.33050063052575,0,committed,27,10080,False
ahmed_inspired_witness_vpuft,1009,case-1009-veh_014-w0005,True,0,rsu-1,4,4,89.40878031759176,89.44348982511976,0,committed,28,10432,False
distributed_rsu_vpuft,1010,case-1010-veh_004-w0001,True,0,rsu-1,4,4,29.025853752249272,29.065484002789525,0,committed,27,10080,False
distributed_rsu_vpuft,1010,case-1010-veh_008-w0001,True,0,rsu-1,4,4,29.052989122738786,29.110426500642767,0,committed,28,10624,False
distributed_rsu_vpuft,1010,case-1010-veh_002-w0002,True,0,rsu-1,4,4,44.0150949403739,44.0521921686269,0,committed,28,10432,False
distributed_rsu_vpuft,1010,case-1010-veh_004-w0002,True,0,rsu-1,4,4,44.0589755894972,44.094950682755574,0,committed,27,10080,False
distributed_rsu_vpuft,1010,case-1010-veh_006-w0002,True,0,rsu-1,4,4,44.031632698402824,44.13605186440769,0,committed,28,10432,False
distributed_rsu_vpuft,1010,case-1010-veh_008-w0002,True,0,rsu-1,4,4,44.14769278094713,44.186812229932286,0,committed,27,10080,False
distributed_rsu_vpuft,1010,case-1010-veh_010-w0002,True,0,rsu-1,4,4,44.21650178449082,44.25395526942273,0,committed,27,10080,False
distributed_rsu_vpuft,1010,case-1010-veh_012-w0002,True,0,rsu-1,4,4,44.25360773322633,44.29788736455727,0,committed,27,10080,False
distributed_rsu_vpuft,1010,case-1010-veh_002-w0003,True,0,rsu-1,4,4,59.01946392590931,59.05843238644019,0,committed,27,10080,False
distributed_rsu_vpuft,1010,case-1010-veh_004-w0003,True,0,rsu-1,4,4,59.06406542634518,59.10334626831799,0,committed,27,10080,False
distributed_rsu_vpuft,1010,case-1010-veh_006-w0003,True,0,rsu-1,4,4,59.026285014877516,59.137625136672504,0,committed,27,10080,False
distributed_rsu_vpuft,1010,case-1010-veh_008-w0003,True,0,rsu-1,4,4,59.14521695389141,59.18210955396983,0,committed,28,10432,False
distributed_rsu_vpuft,1010,case-1010-veh_010-w0003,True,0,rsu-1,4,4,59.21243905525579,59.248856932378025,0,committed,28,10432,False
distributed_rsu_vpuft,1010,case-1010-veh_012-w0003,True,0,rsu-1,4,4,59.25499299716233,59.29155682263552,0,committed,27,10080,False
distributed_rsu_vpuft,1010,case-1010-veh_002-w0004,True,0,rsu-1,4,4,74.01760300046533,74.04870809387367,0,committed,27,10080,False
distributed_rsu_vpuft,1010,case-1010-veh_004-w0004,True,0,rsu-1,4,4,74.05676491136371,74.09508387124612,0,committed,27,10080,False
distributed_rsu_vpuft,1010,case-1010-veh_006-w0004,True,0,rsu-1,4,4,74.0032295424107,74.12814610808509,0,committed,27,10080,False
distributed_rsu_vpuft,1010,case-1010-veh_008-w0004,True,0,rsu-1,4,4,74.13367164157398,74.16713156241387,0,committed,27,10080,False
distributed_rsu_vpuft,1010,case-1010-veh_010-w0004,True,0,rsu-1,4,4,74.20261718418831,74.23711726679252,0,committed,28,10432,False
distributed_rsu_vpuft,1010,case-1010-veh_014-w0004,True,0,rsu-1,4,4,74.2669095398132,74.30550545918976,0,committed,28,10432,False
distributed_rsu_vpuft,1010,case-1010-veh_008-w0005,True,0,rsu-1,4,4,89.05108075613765,89.09068744626964,0,committed,27,10080,False
distributed_rsu_vpuft,1010,case-1010-veh_010-w0005,True,0,rsu-1,4,4,89.10553435758881,89.14046373301085,0,committed,27,10080,False
ahmed_inspired_witness_vpuft,1010,case-1010-veh_002-w0001,True,0,rsu-1,4,4,29.021100711840713,29.055647798073544,0,committed,27,10080,False
ahmed_inspired_witness_vpuft,1010,case-1010-veh_008-w0001,True,0,rsu-1,4,4,29.200744433078626,29.23488930435456,0,committed,27,10080,False
ahmed_inspired_witness_vpuft,1010,case-1010-veh_012-w0001,True,0,rsu-1,4,4,29.31792793806083,29.351252069631965,0,committed,28,10432,False
ahmed_inspired_witness_vpuft,1010,case-1010-veh_002-w0002,True,0,rsu-1,4,4,44.042367276015206,44.087642864324856,0,committed,28,10432,False
ahmed_inspired_witness_vpuft,1010,case-1010-veh_004-w0002,True,0,rsu-1,4,4,44.096296572073335,44.135261348827385,0,committed,28,10624,False
ahmed_inspired_witness_vpuft,1010,case-1010-veh_006-w0002,True,0,rsu-1,4,4,44.131427190882825,44.17509005324944,0,committed,30,11136,False
ahmed_inspired_witness_vpuft,1010,case-1010-veh_008-w0002,True,0,rsu-1,4,4,44.181140633413385,44.221527457739946,0,committed,27,10080,False
ahmed_inspired_witness_vpuft,1010,case-1010-veh_010-w0002,True,0,rsu-1,4,4,44.25807904147588,44.29447479318039,0,committed,27,10080,False
ahmed_inspired_witness_vpuft,1010,case-1010-veh_012-w0002,True,0,rsu-1,4,4,44.30164468281767,44.33498141972554,0,committed,27,10080,False
ahmed_inspired_witness_vpuft,1010,case-1010-veh_014-w0002,True,0,rsu-1,4,4,44.35129669302216,44.38633328698339,0,committed,28,10432,False
ahmed_inspired_witness_vpuft,1010,case-1010-veh_002-w0003,True,0,rsu-1,4,4,59.05679835936763,59.094351214498694,0,committed,27,10080,False
ahmed_inspired_witness_vpuft,1010,case-1010-veh_004-w0003,True,0,rsu-1,4,4,59.148343285203424,59.193769214351875,0,committed,29,10784,False
ahmed_inspired_witness_vpuft,1010,case-1010-veh_006-w0003,True,0,rsu-1,4,4,59.216656687346436,59.25562848544268,0,committed,27,10080,False
ahmed_inspired_witness_vpuft,1010,case-1010-veh_008-w0003,True,0,rsu-1,4,4,59.29159649677022,59.32538212869985,0,committed,27,10080,False
ahmed_inspired_witness_vpuft,1010,case-1010-veh_010-w0003,True,0,rsu-1,4,4,59.5289635696558,59.55967689404293,0,committed,27,10080,False
ahmed_inspired_witness_vpuft,1010,case-1010-veh_012-w0003,True,0,rsu-1,4,4,59.60552199243775,59.641879592936334,0,committed,27,10080,False
ahmed_inspired_witness_vpuft,1010,case-1010-veh_014-w0003,True,0,rsu-1,4,4,59.79784111193463,59.83825840028943,0,committed,28,10432,False
ahmed_inspired_witness_vpuft,1010,case-1010-veh_004-w0004,True,0,rsu-1,4,4,74.10756123144061,74.14500413810184,0,committed,27,10080,False
ahmed_inspired_witness_vpuft,1010,case-1010-veh_006-w0004,True,0,rsu-1,4,4,74.17923586522015,74.21444484399714,0,committed,27,10080,False
ahmed_inspired_witness_vpuft,1010,case-1010-veh_008-w0004,True,0,rsu-1,4,4,74.2717781676606,74.30905821284682,0,committed,28,10432,False
ahmed_inspired_witness_vpuft,1010,case-1010-veh_010-w0004,True,0,rsu-1,4,4,74.5387886945893,74.5721528373333,0,committed,27,10080,False
ahmed_inspired_witness_vpuft,1010,case-1010-veh_012-w0004,True,0,rsu-1,4,4,74.63315393987835,74.66346013017504,0,committed,27,10080,False
ahmed_inspired_witness_vpuft,1010,case-1010-veh_014-w0004,True,0,rsu-1,4,4,74.87230165184381,74.9099506118594,0,committed,28,10432,False
ahmed_inspired_witness_vpuft,1010,case-1010-veh_008-w0005,True,0,rsu-1,4,4,89.12117656917457,89.16228463384753,0,committed,27,10080,False
ahmed_inspired_witness_vpuft,1010,case-1010-veh_010-w0005,True,0,rsu-1,4,4,89.21601158633209,89.25827016426116,0,committed,27,10080,False
ahmed_inspired_witness_vpuft,1010,case-1010-veh_012-w0005,True,0,rsu-1,4,4,89.28302842174607,89.32337211267678,0,committed,27,10080,False
ahmed_inspired_witness_vpuft,1010,case-1010-veh_014-w0005,True,0,rsu-1,4,4,89.40551099626651,89.44790531544064,0,committed,27,10080,False
