"Path","Hash"
"C:\Users\reemg\OneDrive\Desktop\master\6\v10\FINAL_FREEZE_v7_20260809\FREEZE_NOTES.txt","1C10D2B988D540C82445BC3165031401DCDB2A54F64E672C6B6BAF47C2DBBDAC"
"C:\Users\reemg\OneDrive\Desktop\master\6\v10\FINAL_FREEZE_v7_20260809\code\pyproject.toml","9EA1B8DE0CDAF5926BBC60DBB42EE211227B50C5A8BF2591F64FDDD0BDEA6811"
"C:\Users\reemg\OneDrive\Desktop\master\6\v10\FINAL_FREEZE_v7_20260809\code\README.md","A55644F526073139A8844D5B0612D71397EE74165235498B2386EB422CA75AFA"
"C:\Users\reemg\OneDrive\Desktop\master\6\v10\FINAL_FREEZE_v7_20260809\code\rebuild_root_aware_runtime_v7.py","357C7CEBB9EF6C95F18F2CC89DC2CCFDC4AB435B94B641937E1C24F2DF6D1184"
"C:\Users\reemg\OneDrive\Desktop\master\6\v10\FINAL_FREEZE_v7_20260809\code\recalibrate_shared_weights_v1_0_9.py","86A692CB5A898A7A800A0E0548E4FF01728B9CBCA5BE99C492962DC91869EDD8"
"C:\Users\reemg\OneDrive\Desktop\master\6\v10\FINAL_FREEZE_v7_20260809\code\replay_final_v7.py","74634B6C84E3020B0C1D234239662B552F8FE48534157C5FE9A8D74E8E7C8D40"
"C:\Users\reemg\OneDrive\Desktop\master\6\v10\FINAL_FREEZE_v7_20260809\code\upgrade_existing_campaign_v4.py","D738AC5F0F3B4704AC73BCEB11FE3564B917F51515FDDF7650C0EE33DDE341C3"
"C:\Users\reemg\OneDrive\Desktop\master\6\v10\FINAL_FREEZE_v7_20260809\code\src\vpuft\cli.py","3C6101EF1F9A4BF90B0B5B95C91DAF0C81723FB509286E2C9F24961A2752F8B2"
"C:\Users\reemg\OneDrive\Desktop\master\6\v10\FINAL_FREEZE_v7_20260809\code\src\vpuft\config.py","0E2ED1946C86CC943630B9FD9601F77EB50D4BB6C31E59B34FE8786248D62CB2"
"C:\Users\reemg\OneDrive\Desktop\master\6\v10\FINAL_FREEZE_v7_20260809\code\src\vpuft\consensus.py","79C215A4413BFEF4DEC9B3C30525837365829B1561F50E22C57AE18D5988B2B6"
"C:\Users\reemg\OneDrive\Desktop\master\6\v10\FINAL_FREEZE_v7_20260809\code\src\vpuft\crypto.py","6233014229BEAA59D06FC1FCDE3FF27041A58AB324DBC4E349AC0B33EA0807AE"
"C:\Users\reemg\OneDrive\Desktop\master\6\v10\FINAL_FREEZE_v7_20260809\code\src\vpuft\domain.py","5E687D8791D06F4A38AFA4A3FCDC9EE9FA7B8AB39A363DCB062ECFB6DF6855BF"
"C:\Users\reemg\OneDrive\Desktop\master\6\v10\FINAL_FREEZE_v7_20260809\code\src\vpuft\evidence.py","6D3C501B606C87FE071361C33F40078DE391A4E07566024E050280CB5276E9C4"
"C:\Users\reemg\OneDrive\Desktop\master\6\v10\FINAL_FREEZE_v7_20260809\code\src\vpuft\experiments.py","19BA5D148A498BC512D39A66BEF7746A1FDB8D8EAFB7878132E4D16D94E7ED78"
"C:\Users\reemg\OneDrive\Desktop\master\6\v10\FINAL_FREEZE_v7_20260809\code\src\vpuft\inference.py","51943ADD61E405C8B7CF080C64642787513F75C3004F67FD90F0D65F39CC065C"
"C:\Users\reemg\OneDrive\Desktop\master\6\v10\FINAL_FREEZE_v7_20260809\code\src\vpuft\inference.py.v1.0.9.bak","F98F96A338B83DB2EA11B28017C7B4F1F2D80D0894D82EF0C10080628D200B4A"
"C:\Users\reemg\OneDrive\Desktop\master\6\v10\FINAL_FREEZE_v7_20260809\code\src\vpuft\ledger.py","1B6AF77CCB96ECDD151BCC678D3C4BA3F78E73FE0A5C6F56BC2636AD7776834E"
"C:\Users\reemg\OneDrive\Desktop\master\6\v10\FINAL_FREEZE_v7_20260809\code\src\vpuft\metrics.py","7369C078586A6CE58D056B04A2FD3EE16C90E839DC2BD06D5CEE443C01ED0BE9"
"C:\Users\reemg\OneDrive\Desktop\master\6\v10\FINAL_FREEZE_v7_20260809\code\src\vpuft\network.py","C4C01B05695EF5E2F67A9BE782743CCC9A9D7921CBB30E17BD97F73114A5A92A"
"C:\Users\reemg\OneDrive\Desktop\master\6\v10\FINAL_FREEZE_v7_20260809\code\src\vpuft\qualification.py","0061B06EE55CE06DED67D65DA35CE2762901094AD3F963F5F2A6F32C13111EA4"
"C:\Users\reemg\OneDrive\Desktop\master\6\v10\FINAL_FREEZE_v7_20260809\code\src\vpuft\reporting.py","8B5DBEAF68E1692C9DD306A32AC4224C8CF7A8F377F39B97649A736F31B95E53"
"C:\Users\reemg\OneDrive\Desktop\master\6\v10\FINAL_FREEZE_v7_20260809\code\src\vpuft\runner.py","1AE8DA285F051728E2EA75562748C35A5991EEE21BFD1A6344C01A5369F5D1DA"
"C:\Users\reemg\OneDrive\Desktop\master\6\v10\FINAL_FREEZE_v7_20260809\code\src\vpuft\sensitivity.py","F4333CB2E4DEA7C65707C1954212115EA456B75D85DC5CF3170560953830B913"
"C:\Users\reemg\OneDrive\Desktop\master\6\v10\FINAL_FREEZE_v7_20260809\code\src\vpuft\sensitivity.py.v1.0.8.bak","6D92BC58540354A56C0EC2178998A4601BB064FE70639485EC01DCB63E96784A"
"C:\Users\reemg\OneDrive\Desktop\master\6\v10\FINAL_FREEZE_v7_20260809\code\src\vpuft\simulation.py","DAAD7227F701BA1CABB0411BA36951778F7684ACD343A81E10CF79E0C7429DF4"
"C:\Users\reemg\OneDrive\Desktop\master\6\v10\FINAL_FREEZE_v7_20260809\code\src\vpuft\state_machine.py","28DF49F41C2749902121ED096BAAB3A0C4746E22BF0965BC630B2649FA8A5757"
"C:\Users\reemg\OneDrive\Desktop\master\6\v10\FINAL_FREEZE_v7_20260809\code\src\vpuft\trace.py","994333C94B1581DCBC100DCC679491B91954595BA19DB30BC4AA6E2997F5DBE2"
"C:\Users\reemg\OneDrive\Desktop\master\6\v10\FINAL_FREEZE_v7_20260809\code\src\vpuft\trace.py.v1.0.9.bak","448E84BD1979D09128027159848D335CB08AD7FC3225545E3DE0D14E192507C7"
"C:\Users\reemg\OneDrive\Desktop\master\6\v10\FINAL_FREEZE_v7_20260809\code\src\vpuft\weighting.py","D36047334103652E8CC2A3AD34988A5B9B41793FB5885281C699C8CDDC8DFDA3"
"C:\Users\reemg\OneDrive\Desktop\master\6\v10\FINAL_FREEZE_v7_20260809\code\src\vpuft\__init__.py","6E5B17FFD47E05FBE27CDFE123C25B21BAA277D0FF37765B2D53E5A4CB04FB38"
"C:\Users\reemg\OneDrive\Desktop\master\6\v10\FINAL_FREEZE_v7_20260809\code\src\vpuft\architectures\ahmed_witness.py","7FB5072B82FEBB92027DA84BB14EF1E4430EB65890721CDFC28290ED3608AAE8"
"C:\Users\reemg\OneDrive\Desktop\master\6\v10\FINAL_FREEZE_v7_20260809\code\src\vpuft\architectures\ahmed_witness.py.v1.0.10.bak","525E22A92979B063FC5803F55222FBC102F934DEE17ED231F68F2D72DF59ECF8"
"C:\Users\reemg\OneDrive\Desktop\master\6\v10\FINAL_FREEZE_v7_20260809\code\src\vpuft\architectures\base.py","1516D6860BA7BDA204B60407198A112C48194E2A27AAFAF9C4BFC826EE96910B"
"C:\Users\reemg\OneDrive\Desktop\master\6\v10\FINAL_FREEZE_v7_20260809\code\src\vpuft\architectures\centralized.py","BF1349890F1ADDE08DF32EAD7AE12C6556BA0309814ABD3F1A43C34EB29F7A8F"
"C:\Users\reemg\OneDrive\Desktop\master\6\v10\FINAL_FREEZE_v7_20260809\code\src\vpuft\architectures\distributed_rsu.py","6FD40E1C881238B6E01E823A6624AF131885831C5810AFFD2615263978698092"
"C:\Users\reemg\OneDrive\Desktop\master\6\v10\FINAL_FREEZE_v7_20260809\code\src\vpuft\architectures\__init__.py","281B1A1820DB8467130BD4B5C421278D4187E0D140C68ADBE1DA2E4FC5BC677F"
"C:\Users\reemg\OneDrive\Desktop\master\6\v10\FINAL_FREEZE_v7_20260809\code\src\vpuft\architectures\__pycache__\ahmed_witness.cpython-310.pyc","3676EBDC898F7CFE955FF35FAF9EEF01AB7D8D77D7520A7614D1B2E15824B6C4"
"C:\Users\reemg\OneDrive\Desktop\master\6\v10\FINAL_FREEZE_v7_20260809\code\src\vpuft\architectures\__pycache__\base.cpython-310.pyc","E8DBF43B68FEF70153FC0501F677BB00397470ADC2E619AFAC7E6DEB06C9FA0C"
"C:\Users\reemg\OneDrive\Desktop\master\6\v10\FINAL_FREEZE_v7_20260809\code\src\vpuft\architectures\__pycache__\centralized.cpython-310.pyc","EC085274B25C9C0D5286AE775978C7D4CD122EEC860D7A604EF6E0C963F93179"
"C:\Users\reemg\OneDrive\Desktop\master\6\v10\FINAL_FREEZE_v7_20260809\code\src\vpuft\architectures\__pycache__\distributed_rsu.cpython-310.pyc","E15F05E35B8B145BF33D26595DEC624BF111B752EB0EF315B79E25D843F3C38E"
"C:\Users\reemg\OneDrive\Desktop\master\6\v10\FINAL_FREEZE_v7_20260809\code\src\vpuft\architectures\__pycache__\__init__.cpython-310.pyc","0231086DA82D91369DFE8775E93343E40BCAE81FA5DE523BF9749885CFD3269A"
"C:\Users\reemg\OneDrive\Desktop\master\6\v10\FINAL_FREEZE_v7_20260809\code\src\vpuft\sumo\attacks.py","8BE72AF2AC330AFE679F69E0A12150B2A8A0DDFBC66FF193BB57183DBC011A83"
"C:\Users\reemg\OneDrive\Desktop\master\6\v10\FINAL_FREEZE_v7_20260809\code\src\vpuft\sumo\campaign.py","34BD808FA76F8943033992DDC36B8837E021AB4945DD8A55FD94FE4BA01DB7E9"
"C:\Users\reemg\OneDrive\Desktop\master\6\v10\FINAL_FREEZE_v7_20260809\code\src\vpuft\sumo\detector.py","FE7ACD91161F64049EE213606780E50C97DED3B2C04ABB0C7E9E53ED7D1E2994"
"C:\Users\reemg\OneDrive\Desktop\master\6\v10\FINAL_FREEZE_v7_20260809\code\src\vpuft\sumo\doctor.py","03EE4ECEF319B989D7FF234D319E83F46686E87D93A50FA63485C15477002919"
"C:\Users\reemg\OneDrive\Desktop\master\6\v10\FINAL_FREEZE_v7_20260809\code\src\vpuft\sumo\prepare.py","38204952271A1ED8079611AF8D1D967342E3FEF2D68C9BEB06B90CC362C8EF7D"
"C:\Users\reemg\OneDrive\Desktop\master\6\v10\FINAL_FREEZE_v7_20260809\code\src\vpuft\sumo\runner.py","DC9D944B291C4A33B647AF9451D689A090FA750F1550485FB8F6733F19C2AEEE"
"C:\Users\reemg\OneDrive\Desktop\master\6\v10\FINAL_FREEZE_v7_20260809\code\src\vpuft\sumo\sensors.py","0DF67BE38484A3E746A31DF8213F7FF4D59B3C8440D882C0A4C6CB4AB7F83014"
"C:\Users\reemg\OneDrive\Desktop\master\6\v10\FINAL_FREEZE_v7_20260809\code\src\vpuft\sumo\__init__.py","7166D7E2F0E972A04BB61E652FE5469F1EEA82DBC9E98C80DA09E35179FFA063"
"C:\Users\reemg\OneDrive\Desktop\master\6\v10\FINAL_FREEZE_v7_20260809\code\src\vpuft\sumo\__pycache__\attacks.cpython-310.pyc","68C696DCE1EDEF7C781E4A5AEDA72791501158EFC2B7A81E3FEF0B61CA575F8F"
"C:\Users\reemg\OneDrive\Desktop\master\6\v10\FINAL_FREEZE_v7_20260809\code\src\vpuft\sumo\__pycache__\campaign.cpython-310.pyc","8A00C4B36F11D73CF1F24A43E29DC236F76422791F33453F04BA73C077897D83"
"C:\Users\reemg\OneDrive\Desktop\master\6\v10\FINAL_FREEZE_v7_20260809\code\src\vpuft\sumo\__pycache__\detector.cpython-310.pyc","C0D866A694061DD8B77FD3B8C48E043EA68A60DEE13F09BAF7562913310F2B58"
"C:\Users\reemg\OneDrive\Desktop\master\6\v10\FINAL_FREEZE_v7_20260809\code\src\vpuft\sumo\__pycache__\doctor.cpython-310.pyc","E81B8A817E9B197019F6403A7149219981FDCE0BD634E6861791FFF6B6B24BB0"
"C:\Users\reemg\OneDrive\Desktop\master\6\v10\FINAL_FREEZE_v7_20260809\code\src\vpuft\sumo\__pycache__\prepare.cpython-310.pyc","43A6F326FCD6931C0A966AFAAA5239A2AD0ADB9134194C656B2B0427F7F0050C"
"C:\Users\reemg\OneDrive\Desktop\master\6\v10\FINAL_FREEZE_v7_20260809\code\src\vpuft\sumo\__pycache__\runner.cpython-310.pyc","196D6173BAA43E98E22F43B20879BE23C57165F3CF5EB127293737EC73288A4B"
"C:\Users\reemg\OneDrive\Desktop\master\6\v10\FINAL_FREEZE_v7_20260809\code\src\vpuft\sumo\__pycache__\sensors.cpython-310.pyc","FE258B0D1552024F6EEE6A681F355ED36422114D8A991899C3AD60793C37DCF9"
"C:\Users\reemg\OneDrive\Desktop\master\6\v10\FINAL_FREEZE_v7_20260809\code\src\vpuft\sumo\__pycache__\__init__.cpython-310.pyc","101054662EB4D9567FE075D3D2B574C56DC879BCFBB7E39A1C3865C8A28B7BD8"
"C:\Users\reemg\OneDrive\Desktop\master\6\v10\FINAL_FREEZE_v7_20260809\code\src\vpuft\__pycache__\config.cpython-310.pyc","B2B7B5998EA429C688B41416A15FA780E35251F99B23A00EEAC19A6EFD216ED3"
"C:\Users\reemg\OneDrive\Desktop\master\6\v10\FINAL_FREEZE_v7_20260809\code\src\vpuft\__pycache__\consensus.cpython-310.pyc","111D15C3F0D0B01AAE43718D58CF08577FDA528D3A40C2195FA8638E9D545A85"
"C:\Users\reemg\OneDrive\Desktop\master\6\v10\FINAL_FREEZE_v7_20260809\code\src\vpuft\__pycache__\crypto.cpython-310.pyc","450C786AA85AF7816D87169DAD8D444E52C7AE40A1AC98CE85E9B903A3A47BA3"
"C:\Users\reemg\OneDrive\Desktop\master\6\v10\FINAL_FREEZE_v7_20260809\code\src\vpuft\__pycache__\domain.cpython-310.pyc","C281447EA57ED0700E1DF17460BD9F45A0141C8372A8CDAC62E3D64FBFEF35A0"
"C:\Users\reemg\OneDrive\Desktop\master\6\v10\FINAL_FREEZE_v7_20260809\code\src\vpuft\__pycache__\evidence.cpython-310.pyc","69F93B7ABC590BD65C3192C7130F7267807E8872B096FC83518EB0E8DDF7BCAB"
"C:\Users\reemg\OneDrive\Desktop\master\6\v10\FINAL_FREEZE_v7_20260809\code\src\vpuft\__pycache__\inference.cpython-310.pyc","B26BA928AF4D23907EF37425328E31DD35152AE2951AE0297F060F45F9BC0E42"
"C:\Users\reemg\OneDrive\Desktop\master\6\v10\FINAL_FREEZE_v7_20260809\code\src\vpuft\__pycache__\ledger.cpython-310.pyc","514BD61FAE0032987EE11C0004B1A78F3B5D5BDAF132AEB1D1E49BA97ADF8A3D"
"C:\Users\reemg\OneDrive\Desktop\master\6\v10\FINAL_FREEZE_v7_20260809\code\src\vpuft\__pycache__\metrics.cpython-310.pyc","8DC36F2733D703E31CA4C6521A96131A6817808FD4D5A70FEFC433D564680CA8"
"C:\Users\reemg\OneDrive\Desktop\master\6\v10\FINAL_FREEZE_v7_20260809\code\src\vpuft\__pycache__\network.cpython-310.pyc","71C9841DC03E61D72DAFD299004B780833B1B43FF55559CFD7846C8EEFDA5217"
"C:\Users\reemg\OneDrive\Desktop\master\6\v10\FINAL_FREEZE_v7_20260809\code\src\vpuft\__pycache__\qualification.cpython-310.pyc","B74CFFC25BBEF5180A4E330FE40C1DCA950301C9336BE78585CFC438EC1E6903"
"C:\Users\reemg\OneDrive\Desktop\master\6\v10\FINAL_FREEZE_v7_20260809\code\src\vpuft\__pycache__\reporting.cpython-310.pyc","8BD64D526AC688F29B1EB4C7C33B4FF587D8FF735E40290C63097EA819CFA79E"
"C:\Users\reemg\OneDrive\Desktop\master\6\v10\FINAL_FREEZE_v7_20260809\code\src\vpuft\__pycache__\runner.cpython-310.pyc","02AB53EFC2F45F5026715D9CE7110150038006057E44F26E6C8BF62ADBADB5AC"
"C:\Users\reemg\OneDrive\Desktop\master\6\v10\FINAL_FREEZE_v7_20260809\code\src\vpuft\__pycache__\sensitivity.cpython-310.pyc","999F9363755629B419C80F9AE743436DF4C5CCD7DF1955143FEDD53A5A458EFE"
"C:\Users\reemg\OneDrive\Desktop\master\6\v10\FINAL_FREEZE_v7_20260809\code\src\vpuft\__pycache__\simulation.cpython-310.pyc","D2339BA514C02D655630C9D566A4EE112D4AD8E991F79792F567579849A6CEF5"
"C:\Users\reemg\OneDrive\Desktop\master\6\v10\FINAL_FREEZE_v7_20260809\code\src\vpuft\__pycache__\state_machine.cpython-310.pyc","56905B6097D5D26E3F2A3E0A488C7A0B3AD6CAA639FA8E6AC001FB4FF2F02B3C"
"C:\Users\reemg\OneDrive\Desktop\master\6\v10\FINAL_FREEZE_v7_20260809\code\src\vpuft\__pycache__\trace.cpython-310.pyc","4AD49BB78B22424E2EDBB28751E24054FB02C765FD74C10688D03B80A355FF05"
"C:\Users\reemg\OneDrive\Desktop\master\6\v10\FINAL_FREEZE_v7_20260809\code\src\vpuft\__pycache__\weighting.cpython-310.pyc","0FD1D28AD47B33FBEBAA3F3C209906D98391FDD746778C2091B0DFA38C2C42E5"
"C:\Users\reemg\OneDrive\Desktop\master\6\v10\FINAL_FREEZE_v7_20260809\code\src\vpuft\__pycache__\__init__.cpython-310.pyc","39D4AC71CD415D702DEC2405D7272B158AED53B918520EC7EE1E47D8FC49CDCA"
"C:\Users\reemg\OneDrive\Desktop\master\6\v10\FINAL_FREEZE_v7_20260809\code\src\vpuft_research_framework.egg-info\dependency_links.txt","01BA4719C80B6FE911B091A7C05124B64EEECE964E09C058EF8F9805DACA546B"
"C:\Users\reemg\OneDrive\Desktop\master\6\v10\FINAL_FREEZE_v7_20260809\code\src\vpuft_research_framework.egg-info\entry_points.txt","D24515FAD63759F3E7D693535AC5853D492A9C8E3C5758EF4729E2E726AA9B7D"
"C:\Users\reemg\OneDrive\Desktop\master\6\v10\FINAL_FREEZE_v7_20260809\code\src\vpuft_research_framework.egg-info\PKG-INFO","169D022B8FE6837819849E7041ACB255FD0E263DA13C525C64C1E67A69000635"
"C:\Users\reemg\OneDrive\Desktop\master\6\v10\FINAL_FREEZE_v7_20260809\code\src\vpuft_research_framework.egg-info\requires.txt","B5089E6D4C68F6B7A850C4558BF94BA1A1928FC905C4E044C617EC0FC1775456"
"C:\Users\reemg\OneDrive\Desktop\master\6\v10\FINAL_FREEZE_v7_20260809\code\src\vpuft_research_framework.egg-info\SOURCES.txt","BB6E78E3143C2FEAD3708EA360BA56E7D0D75229774509630942D8F3AF3D18FE"
"C:\Users\reemg\OneDrive\Desktop\master\6\v10\FINAL_FREEZE_v7_20260809\code\src\vpuft_research_framework.egg-info\top_level.txt","2083E3A3B8887F8F117D0FBFC2EFFB76E7538394EA4699AE4D53C95EB84508F9"
"C:\Users\reemg\OneDrive\Desktop\master\6\v10\FINAL_FREEZE_v7_20260809\code\tests\test_architecture_transport_fairness.py","9185055C6B3EED97F5496AFEF6FD1844CA86A104153FFEDA1463FEE3E445B75D"
"C:\Users\reemg\OneDrive\Desktop\master\6\v10\FINAL_FREEZE_v7_20260809\code\tests\test_campaign.py","FC893132AC9C55713AE69836B4F982980C34E643948E17AD0898AB124E0D8BCE"
"C:\Users\reemg\OneDrive\Desktop\master\6\v10\FINAL_FREEZE_v7_20260809\code\tests\test_consensus.py","A330B4894337F8B6B6A27F3DF5FF86D6894C3F894DEA908AE53650B2FEB3D369"
"C:\Users\reemg\OneDrive\Desktop\master\6\v10\FINAL_FREEZE_v7_20260809\code\tests\test_crypto.py","578F6C2172255B4179392F5E2A321D331B25EE1EC85E343A01940ECDF7604EB7"
"C:\Users\reemg\OneDrive\Desktop\master\6\v10\FINAL_FREEZE_v7_20260809\code\tests\test_evidence_semantics_v2.py","24E9D4EE8179344AAA5328115B5291AE31F7DFA3CEC6771647488147D15763FB"
"C:\Users\reemg\OneDrive\Desktop\master\6\v10\FINAL_FREEZE_v7_20260809\code\tests\test_ground_truth_isolation.py","E64E6C4FECB1611558AF4A4381C81F0EB3C642B4307D1E1A9AD73C6C24A6C6AC"
"C:\Users\reemg\OneDrive\Desktop\master\6\v10\FINAL_FREEZE_v7_20260809\code\tests\test_reporting.py","B63CC391F84A70CBCA68D609BA2820CB9FC6644A3837F0467267DBB98C1A676B"
"C:\Users\reemg\OneDrive\Desktop\master\6\v10\FINAL_FREEZE_v7_20260809\code\tests\test_root_aware_attack_inference.py","4797B4371AB230608E4FA54C807E4C9BD9259E88ED21F593EA2FCA820E99B81E"
"C:\Users\reemg\OneDrive\Desktop\master\6\v10\FINAL_FREEZE_v7_20260809\code\tests\test_sensitivity.py","DD0E1BD36C068CD97D3B6B3ED61065436C99B05659B8AA53054A5250B684ADE1"
"C:\Users\reemg\OneDrive\Desktop\master\6\v10\FINAL_FREEZE_v7_20260809\code\tests\test_sensor_oracle_isolation.py","9C4949F23CF3E6C557AEC3716F513F0568EC49264E7064C5A51995317097329E"
"C:\Users\reemg\OneDrive\Desktop\master\6\v10\FINAL_FREEZE_v7_20260809\code\tests\test_shared_calibration_views.py","476B22FEA23873E547E942FB1CD94D49C9C54B934E8A95CA658DBE94E2576A47"
"C:\Users\reemg\OneDrive\Desktop\master\6\v10\FINAL_FREEZE_v7_20260809\code\tests\test_sumo_components.py","5F50F2ECCCA005BEF993BF663C62E59F5CD0CFE6D0DE8B053BCF6BFC41E4401B"
"C:\Users\reemg\OneDrive\Desktop\master\6\v10\FINAL_FREEZE_v7_20260809\code\tests\test_sumo_doctor.py","06CAB641564598AAA36313D560E64B4DD05EDBDC0075317038508AA5B460B67A"
"C:\Users\reemg\OneDrive\Desktop\master\6\v10\FINAL_FREEZE_v7_20260809\code\tests\test_sumo_integration.py","55D63061681794D0C50DF0409840E387AC063AA1C6243372BCB984D92ED57A38"
"C:\Users\reemg\OneDrive\Desktop\master\6\v10\FINAL_FREEZE_v7_20260809\code\tests\test_trace.py","8732076D49AAE0B8EBDD09476E269EE45C9449E6DD65BBE6E97AA2986FAB52A6"
"C:\Users\reemg\OneDrive\Desktop\master\6\v10\FINAL_FREEZE_v7_20260809\code\tests\test_weighting.py","CE0AB619FF1033C0207935E8E7BBAFEC405EDAD497F8143D31369567F67502AC"
"C:\Users\reemg\OneDrive\Desktop\master\6\v10\FINAL_FREEZE_v7_20260809\code\tests\__pycache__\test_architecture_transport_fairness.cpython-310-pytest-9.1.1.pyc","0E9A63CEBAAF3A4767CB260E78E62B9466C307FD8DF2801861E9B22D616593AF"
"C:\Users\reemg\OneDrive\Desktop\master\6\v10\FINAL_FREEZE_v7_20260809\code\tests\__pycache__\test_campaign.cpython-310-pytest-9.1.1.pyc","1BCED15980456BE6F7DAEC35DBAE91C81BB85CF8B9027EDD94A61AF19E991F44"
"C:\Users\reemg\OneDrive\Desktop\master\6\v10\FINAL_FREEZE_v7_20260809\code\tests\__pycache__\test_consensus.cpython-310-pytest-9.1.1.pyc","00BE015E887671694C7353647CD50B75D528D40441A996C0A4E24E89F3635D22"
"C:\Users\reemg\OneDrive\Desktop\master\6\v10\FINAL_FREEZE_v7_20260809\code\tests\__pycache__\test_crypto.cpython-310-pytest-9.1.1.pyc","B08BE8F9A0D8C6B4540C4E8F2FD011574A1C62EB12833C34A59E3E647012FF53"
"C:\Users\reemg\OneDrive\Desktop\master\6\v10\FINAL_FREEZE_v7_20260809\code\tests\__pycache__\test_evidence_semantics_v2.cpython-310-pytest-9.1.1.pyc","4586FEE121A5632D55A884F0D124023E3D5033ABEA74A7BE437E45B6248DE64F"
"C:\Users\reemg\OneDrive\Desktop\master\6\v10\FINAL_FREEZE_v7_20260809\code\tests\__pycache__\test_ground_truth_isolation.cpython-310-pytest-9.1.1.pyc","51AE235E4413F8C2FB51159AEDCD5134355B0388B999D9821D0413294CD5A55B"
"C:\Users\reemg\OneDrive\Desktop\master\6\v10\FINAL_FREEZE_v7_20260809\code\tests\__pycache__\test_reporting.cpython-310-pytest-9.1.1.pyc","541C57E18ACCB73D8DC5B0B15A774003598EBDBF7007FB9176495D2C44E2D0FA"
"C:\Users\reemg\OneDrive\Desktop\master\6\v10\FINAL_FREEZE_v7_20260809\code\tests\__pycache__\test_root_aware_attack_inference.cpython-310-pytest-9.1.1.pyc","BFD9F09C3C968BDA9030E9B5136AF0394023D4132C212AE1C8B89B48A80FF5A3"
"C:\Users\reemg\OneDrive\Desktop\master\6\v10\FINAL_FREEZE_v7_20260809\code\tests\__pycache__\test_sensitivity.cpython-310-pytest-9.1.1.pyc","EAD6C29EDED26927A4B060F53A68EDFAC35A929F838895B8452CF45DE410FF8E"
"C:\Users\reemg\OneDrive\Desktop\master\6\v10\FINAL_FREEZE_v7_20260809\code\tests\__pycache__\test_sensor_oracle_isolation.cpython-310-pytest-9.1.1.pyc","FAFD3FABA7E3495B58011060519B78FD4DB1396C96773C02E018A1A6B34B4453"
"C:\Users\reemg\OneDrive\Desktop\master\6\v10\FINAL_FREEZE_v7_20260809\code\tests\__pycache__\test_shared_calibration_views.cpython-310-pytest-9.1.1.pyc","193B9ECEEA11A9A8F377CD2C272FB550F2590D32595A84166880AC962ED23A00"
"C:\Users\reemg\OneDrive\Desktop\master\6\v10\FINAL_FREEZE_v7_20260809\code\tests\__pycache__\test_sumo_components.cpython-310-pytest-9.1.1.pyc","C14EDC1BAF92E2C38E4B65956A50756E3FB711FC6567C24AEAB56CA33C290804"
"C:\Users\reemg\OneDrive\Desktop\master\6\v10\FINAL_FREEZE_v7_20260809\code\tests\__pycache__\test_sumo_doctor.cpython-310-pytest-9.1.1.pyc","11D8B000C7A2BFFD3F48E387A1F976B5B4826E1CADEAC9CBBDEC23E1D7721EB1"
"C:\Users\reemg\OneDrive\Desktop\master\6\v10\FINAL_FREEZE_v7_20260809\code\tests\__pycache__\test_sumo_integration.cpython-310-pytest-9.1.1.pyc","5E7808E33CD442B1FF53D78E47D80073A307D01BBCD6E620BF47B666A5E39C8B"
"C:\Users\reemg\OneDrive\Desktop\master\6\v10\FINAL_FREEZE_v7_20260809\code\tests\__pycache__\test_trace.cpython-310-pytest-9.1.1.pyc","7943BA2C066AFD96F5D24949D8844B778F6DE97ECFF1D91F64D860C788220D23"
"C:\Users\reemg\OneDrive\Desktop\master\6\v10\FINAL_FREEZE_v7_20260809\code\tests\__pycache__\test_weighting.cpython-310-pytest-9.1.1.pyc","C6C59B322E8D81E904C4749CDE7BDDEEBBC8F24002C753BF3FC1067BC4E78012"
"C:\Users\reemg\OneDrive\Desktop\master\6\v10\FINAL_FREEZE_v7_20260809\config\full_experiment.before_mixed_modality_fix.json","960266A361B5584469F880141EA2C057D5B809DBA4CCFE137B7A254A067DCC7F"
"C:\Users\reemg\OneDrive\Desktop\master\6\v10\FINAL_FREEZE_v7_20260809\config\full_experiment_FINAL.json","71ED5637B3F90C6CDE6EBE8302D9AF1A571CB671CFA07DC3413F47B516391220"
"C:\Users\reemg\OneDrive\Desktop\master\6\v10\FINAL_FREEZE_v7_20260809\results\attack_inference_audit.csv","D08251B255BE577EB394FF9D061C3666FE80511C5C32C32C5F6B6DF47B9BBCCC"
"C:\Users\reemg\OneDrive\Desktop\master\6\v10\FINAL_FREEZE_v7_20260809\results\final_decisions.csv","C2979CE4BE99D9595143BA416E6FF47DBC24BE87A51ABB8D8B6BDE1CE20FA457"
"C:\Users\reemg\OneDrive\Desktop\master\6\v10\FINAL_FREEZE_v7_20260809\results\final_global_architecture_summary.csv","AF14FDE8786C5EF86CE652743FDF18BF5CB6DA5287FF94E0729EFA797AB44BE0"
"C:\Users\reemg\OneDrive\Desktop\master\6\v10\FINAL_FREEZE_v7_20260809\results\final_metrics_by_attack.csv","7CB1FC1643589C81B55A9331C3D31F6C2879E7BB0711162D2C0FC1369E576503"
"C:\Users\reemg\OneDrive\Desktop\master\6\v10\FINAL_FREEZE_v7_20260809\results\final_metrics_by_seed.csv","E59133BE68F504CB8B4ECCA01190C9A92BDDCD51138823EB5F81D22C3726E5DE"
"C:\Users\reemg\OneDrive\Desktop\master\6\v10\FINAL_FREEZE_v7_20260809\results\final_network_messages.csv","160C007E508307AAFBCDE5526EF4A91EE2C3122E0B86738196AD79A63CA895AD"
"C:\Users\reemg\OneDrive\Desktop\master\6\v10\FINAL_FREEZE_v7_20260809\results\final_topology_architecture_summary.csv","E4107717F67CB35658E2016F6A99145AD42ED54D1E08B3FB6CB8D48DB322D053"
"C:\Users\reemg\OneDrive\Desktop\master\6\v10\FINAL_FREEZE_v7_20260809\results\runtime_rebuild_audit.csv","38388C282EE3377F4800CA48BDA195D955335219AEED4ED7D3F2D0667E4F0117"
"C:\Users\reemg\OneDrive\Desktop\master\6\v10\FINAL_FREEZE_v7_20260809\results\transport_fairness_audit.csv","0584341C31C0A52A51BF64F70A106C746E9B77CC49CCEA6A3F4A5A818ED6CB04"
"C:\Users\reemg\OneDrive\Desktop\master\6\v10\FINAL_FREEZE_v7_20260809\results\v7_final_architecture_summary.json","4360732503E7C6AF113B57BC60FAA02D714D90FB04B3416FFF8EB52C55BE20D1"
"C:\Users\reemg\OneDrive\Desktop\master\6\v10\FINAL_FREEZE_v7_20260809\results\v7_runtime_rebuild_summary.json","6E2603021FB96CEA17D559C5AC3FCEB264D5E10896CC50B077D147463167E4FF"
"C:\Users\reemg\OneDrive\Desktop\master\6\v10\FINAL_FREEZE_v7_20260809\sensitivity\baseline_ablation_comparison.csv","3FB8F6E0D1CDEFDB95B296A76F7BFF03AD92E3164FE23154A08F8E0E4B1041D2"
"C:\Users\reemg\OneDrive\Desktop\master\6\v10\FINAL_FREEZE_v7_20260809\sensitivity\bootstrap_parameter_summary.csv","63B68BCD438E385FBAD07F4818C6FFF2FD14C32D7B5B51F53FAF00834DC56F74"
"C:\Users\reemg\OneDrive\Desktop\master\6\v10\FINAL_FREEZE_v7_20260809\sensitivity\bootstrap_reselection.csv","F8D012E8E5675A4926BC28D003EF0A435130FB13DE4BF48A498639DD98F4A6F4"
"C:\Users\reemg\OneDrive\Desktop\master\6\v10\FINAL_FREEZE_v7_20260809\sensitivity\candidate_ranking.csv","094C773DC1B623B7EA6E99C8067C9CE3D34B7B1926AC28CEE8BCC149D4C714BE"
"C:\Users\reemg\OneDrive\Desktop\master\6\v10\FINAL_FREEZE_v7_20260809\sensitivity\candidate_ranking.partial.csv","F966481510C367C868699B0EE27DD0277AEEEC6730292B9B7D8A489640F3D83C"
"C:\Users\reemg\OneDrive\Desktop\master\6\v10\FINAL_FREEZE_v7_20260809\sensitivity\global_candidate_sensitivity.csv","094C773DC1B623B7EA6E99C8067C9CE3D34B7B1926AC28CEE8BCC149D4C714BE"
"C:\Users\reemg\OneDrive\Desktop\master\6\v10\FINAL_FREEZE_v7_20260809\sensitivity\holdout_metrics_by_attack.csv","4A9D3CAB9320A6DBF26515D528839C8E392F9BB8F59C7F5A5ABA64480FBB2CB9"
"C:\Users\reemg\OneDrive\Desktop\master\6\v10\FINAL_FREEZE_v7_20260809\sensitivity\holdout_metrics_by_calibration_view.csv","F75854CFEBBDAC7DDD1EA1B3EBA7EF9AF8DB24FD1F59A9056F26969545473748"
"C:\Users\reemg\OneDrive\Desktop\master\6\v10\FINAL_FREEZE_v7_20260809\sensitivity\holdout_predictions.csv","3253964ACC7C534F2C1534DF82EC9271EF52599D76520DD596AE28BD3C1D23BF"
"C:\Users\reemg\OneDrive\Desktop\master\6\v10\FINAL_FREEZE_v7_20260809\sensitivity\local_weight_sensitivity.csv","44F659ABFFC2E391842260B0E4329F3CFE5CC89AA8706C9CCF6960BA354F3429"
"C:\Users\reemg\OneDrive\Desktop\master\6\v10\FINAL_FREEZE_v7_20260809\sensitivity\METHODOLOGY_REPORT.md","594208A151E00AEDC8ACC212977B4211E53EFDDFA340063EA96F82AA3F80BF3B"
"C:\Users\reemg\OneDrive\Desktop\master\6\v10\FINAL_FREEZE_v7_20260809\sensitivity\permutation_importance.csv","F92C2ED8AB45EC1634EBB38CC32AB30964BD2A83793A04A6F7217963ABDA76E6"
"C:\Users\reemg\OneDrive\Desktop\master\6\v10\FINAL_FREEZE_v7_20260809\sensitivity\selected_weights.json","4E8CB5C1D8804CA9F24537A4E0796E514B13474125299EC0E22490D44614C6C9"
"C:\Users\reemg\OneDrive\Desktop\master\6\v10\FINAL_FREEZE_v7_20260809\sensitivity\selected_weights_config.json","9632CDE9585194985AC415700D88224E302E0A65CB74930C2E4BEADD1B2B2708"
"C:\Users\reemg\OneDrive\Desktop\master\6\v10\FINAL_FREEZE_v7_20260809\sensitivity\sensitivity_checkpoint_meta.json","66F1F15EB838C28D5E349DD0433025BB39AA457CCA8A0B6A8214A845642DBC80"
"C:\Users\reemg\OneDrive\Desktop\master\6\v10\FINAL_FREEZE_v7_20260809\sensitivity\sensitivity_complete.json","0F0189CBC4655786249945A298527CD3EC853C0E2B59EF6B18B3B56AB650EFC2"
"C:\Users\reemg\OneDrive\Desktop\master\6\v10\FINAL_FREEZE_v7_20260809\sensitivity\v1_0_9_shared_view_summary.json","D2ECB90C37BF5EC55DBA9FF7B1C4C7D566B35AE27B57CA0E538A682439141074"
"C:\Users\reemg\OneDrive\Desktop\master\6\v10\FINAL_FREEZE_v7_20260809\sensitivity\weight_stability.png","16C15417A058AA5150CEB114C9F666FD0E6E3BDC0124D23BE1DFF85855C6ACEF"
