topology,vehicle_count,seed,architecture,backhaul_extra_latency_ms,case_id,committed,view,leader,prepare_votes,commit_votes,started_at,committed_at,view_changes,reason,message_count,bytes_sent,safety_violation,semantic_proposal_valid,fault_activated,validator_rechecks,validator_recheck_failures,invalid_proposal_attempted
urban_roundabout,20,1001,distributed_density_honest,,case-urban_roundabout-1001-veh_003-w0001,True,0,rsu-2,4,4,29.042611069674013,29.08101251437838,0,committed,27,10080,False,True,False,4,0,False
urban_roundabout,20,1001,distributed_density_honest,,case-urban_roundabout-1001-veh_010-w0001,True,0,rsu-4,4,4,29.12947688340635,29.164220209635438,0,committed,27,10080,False,True,False,4,0,False
urban_roundabout,20,1001,distributed_density_honest,,case-urban_roundabout-1001-veh_006-w0002,True,0,rsu-2,4,4,44.015419886794504,44.054391210499325,0,committed,28,10432,False,True,False,4,0,False
urban_roundabout,20,1001,distributed_density_honest,,case-urban_roundabout-1001-veh_010-w0002,True,0,rsu-4,4,4,44.09995043254814,44.135433548815946,0,committed,27,10080,False,True,False,4,0,False
urban_roundabout,20,1001,distributed_density_honest,,case-urban_roundabout-1001-veh_010-w0003,True,0,rsu-2,4,4,59.014918622612846,59.0507382563884,0,committed,27,10080,False,True,False,4,0,False
urban_roundabout,20,1002,distributed_density_honest,,case-urban_roundabout-1002-veh_003-w0001,True,0,rsu-2,4,4,29.047832765897986,29.087805987398657,0,committed,27,10080,False,True,False,4,0,False
urban_roundabout,20,1002,distributed_density_honest,,case-urban_roundabout-1002-veh_010-w0001,True,0,rsu-3,4,4,29.140210362485014,29.17806934101976,0,committed,27,10080,False,True,False,4,0,False
urban_roundabout,20,1002,distributed_density_honest,,case-urban_roundabout-1002-veh_006-w0002,True,0,rsu-2,4,4,44.01145246265506,44.05855077014319,0,committed,30,11136,False,True,False,4,0,False
urban_roundabout,20,1002,distributed_density_honest,,case-urban_roundabout-1002-veh_010-w0002,True,0,rsu-4,4,4,44.09768500554541,44.134334403537586,0,committed,28,10624,False,True,False,4,0,False
urban_roundabout,20,1002,distributed_density_honest,,case-urban_roundabout-1002-veh_010-w0003,True,0,rsu-2,4,4,59.01594422958694,59.05236515527636,0,committed,27,10080,False,True,False,4,0,False
urban_roundabout,20,1003,distributed_density_honest,,case-urban_roundabout-1003-veh_003-w0001,True,0,rsu-3,4,4,29.04381528925346,29.079890012365926,0,committed,27,10080,False,True,False,4,0,False
urban_roundabout,20,1003,distributed_density_honest,,case-urban_roundabout-1003-veh_010-w0001,True,0,rsu-1,4,4,29.135958271064943,29.16888507411989,0,committed,27,10080,False,True,False,4,0,False
urban_roundabout,20,1003,distributed_density_honest,,case-urban_roundabout-1003-veh_006-w0002,True,0,rsu-2,4,4,44.00888053175311,44.04731315843797,0,committed,27,10080,False,True,False,4,0,False
urban_roundabout,20,1003,distributed_density_honest,,case-urban_roundabout-1003-veh_010-w0002,True,0,rsu-4,4,4,44.09251534899986,44.13110791218609,0,committed,27,10080,False,True,False,4,0,False
urban_roundabout,20,1003,distributed_density_honest,,case-urban_roundabout-1003-veh_010-w0003,True,0,rsu-1,4,4,59.02401073429329,59.058630649003845,0,committed,27,10080,False,True,False,4,0,False
urban_roundabout,20,1004,distributed_density_honest,,case-urban_roundabout-1004-veh_003-w0001,True,0,rsu-2,4,4,29.06733607094147,29.10187247886147,0,committed,27,10080,False,True,False,4,0,False
urban_roundabout,20,1004,distributed_density_honest,,case-urban_roundabout-1004-veh_010-w0001,True,0,rsu-3,4,4,29.151365829851073,29.186865985617864,0,committed,28,10432,False,True,False,4,0,False
urban_roundabout,20,1004,distributed_density_honest,,case-urban_roundabout-1004-veh_010-w0002,True,0,rsu-3,4,4,44.03783406270626,44.07036611851974,0,committed,28,10432,False,True,False,4,0,False
urban_roundabout,20,1004,distributed_density_honest,,case-urban_roundabout-1004-veh_010-w0003,True,0,rsu-2,4,4,59.015579868813425,59.04922992208312,0,committed,27,10080,False,True,False,4,0,False
urban_roundabout,20,1005,distributed_density_honest,,case-urban_roundabout-1005-veh_003-w0001,True,0,rsu-1,4,4,29.041547941411352,29.074943389803277,0,committed,27,10080,False,True,False,4,0,False
urban_roundabout,20,1005,distributed_density_honest,,case-urban_roundabout-1005-veh_010-w0001,True,0,rsu-3,4,4,29.12415527893889,29.160636319959558,0,committed,27,10080,False,True,False,4,0,False
urban_roundabout,20,1005,distributed_density_honest,,case-urban_roundabout-1005-veh_006-w0002,True,0,rsu-2,4,4,44.01350973415258,44.0522198891239,0,committed,28,10432,False,True,False,4,0,False
urban_roundabout,20,1005,distributed_density_honest,,case-urban_roundabout-1005-veh_010-w0002,True,0,rsu-3,4,4,44.11877605010164,44.1602120790425,0,committed,28,10432,False,True,False,4,0,False
urban_roundabout,20,1005,distributed_density_honest,,case-urban_roundabout-1005-veh_010-w0003,True,0,rsu-2,4,4,59.01798705164388,59.04898149924437,0,committed,27,10080,False,True,False,4,0,False
urban_roundabout,20,1006,distributed_density_honest,,case-urban_roundabout-1006-veh_003-w0001,True,0,rsu-3,4,4,29.050767925236958,29.083534555117993,0,committed,28,10432,False,True,False,4,0,False
urban_roundabout,20,1006,distributed_density_honest,,case-urban_roundabout-1006-veh_010-w0001,True,0,rsu-2,4,4,29.13382022183215,29.174916593418697,0,committed,28,10432,False,True,False,4,0,False
urban_roundabout,20,1006,distributed_density_honest,,case-urban_roundabout-1006-veh_006-w0002,True,0,rsu-2,4,4,44.011220471084634,44.04468341140034,0,committed,27,10080,False,True,False,4,0,False
urban_roundabout,20,1006,distributed_density_honest,,case-urban_roundabout-1006-veh_010-w0002,True,0,rsu-3,4,4,44.09672857332099,44.13188154237311,0,committed,27,10080,False,True,False,4,0,False
urban_roundabout,20,1006,distributed_density_honest,,case-urban_roundabout-1006-veh_010-w0003,True,0,rsu-2,4,4,59.01240868293966,59.048303703770934,0,committed,27,10080,False,True,False,4,0,False
urban_roundabout,20,1007,distributed_density_honest,,case-urban_roundabout-1007-veh_003-w0001,True,0,rsu-3,4,4,29.06682120354627,29.100607067515956,0,committed,27,10080,False,True,False,4,0,False
urban_roundabout,20,1007,distributed_density_honest,,case-urban_roundabout-1007-veh_010-w0001,True,0,rsu-1,4,4,29.16189101338339,29.194085940082037,0,committed,27,10080,False,True,False,4,0,False
urban_roundabout,20,1007,distributed_density_honest,,case-urban_roundabout-1007-veh_006-w0002,True,0,rsu-2,4,4,44.01265221552383,44.050406725120055,0,committed,27,10080,False,True,False,4,0,False
urban_roundabout,20,1007,distributed_density_honest,,case-urban_roundabout-1007-veh_010-w0002,True,0,rsu-3,4,4,44.09760924708597,44.14029244725953,0,committed,29,10784,False,True,False,4,0,False
urban_roundabout,20,1007,distributed_density_honest,,case-urban_roundabout-1007-veh_010-w0003,True,0,rsu-2,4,4,59.01735655847369,59.05539062145857,0,committed,27,10080,False,True,False,4,0,False
urban_roundabout,20,1008,distributed_density_honest,,case-urban_roundabout-1008-veh_003-w0001,True,0,rsu-1,4,4,29.04539253569694,29.08565802315725,0,committed,27,10080,False,True,False,4,0,False
urban_roundabout,20,1008,distributed_density_honest,,case-urban_roundabout-1008-veh_010-w0001,True,0,rsu-1,4,4,29.127824269115344,29.158595412271865,0,committed,27,10080,False,True,False,4,0,False
urban_roundabout,20,1008,distributed_density_honest,,case-urban_roundabout-1008-veh_006-w0002,True,0,rsu-2,4,4,44.01766594967973,44.0541433018903,0,committed,28,10432,False,True,False,4,0,False
urban_roundabout,20,1008,distributed_density_honest,,case-urban_roundabout-1008-veh_010-w0002,True,0,rsu-1,4,4,44.10135153209157,44.13603740466369,0,committed,27,10080,False,True,False,4,0,False
urban_roundabout,20,1008,distributed_density_honest,,case-urban_roundabout-1008-veh_010-w0003,True,0,rsu-2,4,4,59.01613694902256,59.05423795985788,0,committed,28,10432,False,True,False,4,0,False
urban_roundabout,20,1009,distributed_density_honest,,case-urban_roundabout-1009-veh_003-w0001,True,0,rsu-4,4,4,29.04436679560169,29.088980178720703,0,committed,27,10080,False,True,False,4,0,False
urban_roundabout,20,1009,distributed_density_honest,,case-urban_roundabout-1009-veh_010-w0001,True,0,rsu-4,4,4,29.157394905043535,29.198955797552607,0,committed,28,10432,False,True,False,4,0,False
urban_roundabout,20,1009,distributed_density_honest,,case-urban_roundabout-1009-veh_006-w0002,True,0,rsu-2,4,4,44.01195707328825,44.04817859010296,0,committed,28,10432,False,True,False,4,0,False
urban_roundabout,20,1009,distributed_density_honest,,case-urban_roundabout-1009-veh_010-w0002,True,0,rsu-3,4,4,44.101778634818785,44.1346744785771,0,committed,27,10080,False,True,False,4,0,False
urban_roundabout,20,1009,distributed_density_honest,,case-urban_roundabout-1009-veh_010-w0003,True,0,rsu-2,4,4,59.017646569664045,59.06091736551263,0,committed,27,10080,False,True,False,4,0,False
urban_roundabout,20,1010,distributed_density_honest,,case-urban_roundabout-1010-veh_003-w0001,True,0,rsu-4,4,4,29.045682660597155,29.080572209597637,0,committed,27,10080,False,True,False,4,0,False
urban_roundabout,20,1010,distributed_density_honest,,case-urban_roundabout-1010-veh_010-w0001,True,0,rsu-3,4,4,29.137686546171008,29.176201809245562,0,committed,27,10080,False,True,False,4,0,False
urban_roundabout,20,1010,distributed_density_honest,,case-urban_roundabout-1010-veh_006-w0002,True,0,rsu-2,4,4,44.013865144989644,44.043096097202145,0,committed,27,10080,False,True,False,4,0,False
urban_roundabout,20,1010,distributed_density_honest,,case-urban_roundabout-1010-veh_010-w0002,True,0,rsu-3,4,4,44.088883134699316,44.13370143587966,0,committed,28,10432,False,True,False,4,0,False
urban_roundabout,20,1010,distributed_density_honest,,case-urban_roundabout-1010-veh_010-w0003,True,0,rsu-3,4,4,59.039696137963794,59.07739247884346,0,committed,27,10080,False,True,False,4,0,False
urban_roundabout,40,1001,distributed_density_honest,,case-urban_roundabout-1001-veh_003-w0000,True,0,rsu-1,4,4,14.051469396652017,14.086486568512905,0,committed,29,10784,False,True,False,4,0,False
urban_roundabout,40,1001,distributed_density_honest,,case-urban_roundabout-1001-veh_003-w0001,True,0,rsu-2,4,4,29.048444673036432,29.081708961325848,0,committed,28,10432,False,True,False,4,0,False
urban_roundabout,40,1001,distributed_density_honest,,case-urban_roundabout-1001-veh_006-w0002,True,0,rsu-2,4,4,44.010142604014725,44.047162961119376,0,committed,27,10080,False,True,False,4,0,False
urban_roundabout,40,1001,distributed_density_honest,,case-urban_roundabout-1001-veh_027-w0002,True,0,rsu-1,4,4,44.06260626137265,44.09406798163487,0,committed,28,10432,False,True,False,4,0,False
urban_roundabout,40,1001,distributed_density_honest,,case-urban_roundabout-1001-veh_027-w0003,True,0,rsu-1,4,4,59.05693683703953,59.09437706093737,0,committed,27,10080,False,True,False,4,0,False
urban_roundabout,40,1002,distributed_density_honest,,case-urban_roundabout-1002-veh_003-w0000,True,0,rsu-3,4,4,14.036322094105088,14.068395538371686,0,committed,28,10432,False,True,False,4,0,False
urban_roundabout,40,1002,distributed_density_honest,,case-urban_roundabout-1002-veh_003-w0001,True,0,rsu-3,4,4,29.044340495815412,29.07813552734937,0,committed,28,10432,False,True,False,4,0,False
urban_roundabout,40,1002,distributed_density_honest,,case-urban_roundabout-1002-veh_006-w0002,True,0,rsu-2,4,4,44.01111034474906,44.057666932814364,0,committed,28,10432,False,True,False,4,0,False
urban_roundabout,40,1002,distributed_density_honest,,case-urban_roundabout-1002-veh_027-w0002,True,0,rsu-4,4,4,44.05714734238773,44.09679563409843,0,committed,28,10432,False,True,False,4,0,False
urban_roundabout,40,1002,distributed_density_honest,,case-urban_roundabout-1002-veh_027-w0003,True,0,rsu-1,4,4,59.04734107152275,59.08507264973703,0,committed,27,10080,False,True,False,4,0,False
urban_roundabout,40,1003,distributed_density_honest,,case-urban_roundabout-1003-veh_003-w0000,True,0,rsu-3,4,4,14.037267412043446,14.080404820648344,0,committed,29,10784,False,True,False,4,0,False
urban_roundabout,40,1003,distributed_density_honest,,case-urban_roundabout-1003-veh_003-w0001,True,0,rsu-4,4,4,29.0394166074881,29.07735007950028,0,committed,28,10432,False,True,False,4,0,False
urban_roundabout,40,1003,distributed_density_honest,,case-urban_roundabout-1003-veh_027-w0002,True,0,rsu-1,4,4,44.04310406862093,44.0769679745051,0,committed,27,10080,False,True,False,4,0,False
urban_roundabout,40,1003,distributed_density_honest,,case-urban_roundabout-1003-veh_027-w0003,True,0,rsu-1,4,4,59.024246065647425,59.0606165414223,0,committed,27,10080,False,True,False,4,0,False
urban_roundabout,40,1004,distributed_density_honest,,case-urban_roundabout-1004-veh_003-w0000,True,0,rsu-2,4,4,14.039836888009013,14.079023154055756,0,committed,28,10432,False,True,False,4,0,False
urban_roundabout,40,1004,distributed_density_honest,,case-urban_roundabout-1004-veh_003-w0001,True,0,rsu-2,4,4,29.041299881639528,29.07737176775888,0,committed,27,10080,False,True,False,4,0,False
urban_roundabout,40,1004,distributed_density_honest,,case-urban_roundabout-1004-veh_027-w0002,True,0,rsu-1,4,4,44.04996878024034,44.086863132253825,0,committed,27,10080,False,True,False,4,0,False
urban_roundabout,40,1004,distributed_density_honest,,case-urban_roundabout-1004-veh_027-w0003,True,0,rsu-1,4,4,59.031828958050895,59.06901867376315,0,committed,27,10080,False,True,False,4,0,False
urban_roundabout,40,1005,distributed_density_honest,,case-urban_roundabout-1005-veh_003-w0000,True,0,rsu-1,4,4,14.038539867159768,14.076057672515548,0,committed,27,10080,False,True,False,4,0,False
urban_roundabout,40,1005,distributed_density_honest,,case-urban_roundabout-1005-veh_003-w0001,True,0,rsu-4,4,4,29.04136189088591,29.082690821814,0,committed,27,10080,False,True,False,4,0,False
urban_roundabout,40,1005,distributed_density_honest,,case-urban_roundabout-1005-veh_006-w0002,True,0,rsu-2,4,4,44.02195951396661,44.05789939335728,0,committed,27,10080,False,True,False,4,0,False
urban_roundabout,40,1005,distributed_density_honest,,case-urban_roundabout-1005-veh_027-w0002,True,0,rsu-1,4,4,44.07603070282481,44.11468119144293,0,committed,28,10432,False,True,False,4,0,False
urban_roundabout,40,1005,distributed_density_honest,,case-urban_roundabout-1005-veh_027-w0003,True,0,rsu-1,4,4,59.044413669453526,59.08283045079404,0,committed,27,10080,False,True,False,4,0,False
urban_roundabout,40,1006,distributed_density_honest,,case-urban_roundabout-1006-veh_003-w0000,True,0,rsu-3,4,4,14.040199371109495,14.080467803117685,0,committed,28,10432,False,True,False,4,0,False
urban_roundabout,40,1006,distributed_density_honest,,case-urban_roundabout-1006-veh_003-w0001,True,0,rsu-2,4,4,29.039709419212365,29.07771768449316,0,committed,27,10080,False,True,False,4,0,False
urban_roundabout,40,1006,distributed_density_honest,,case-urban_roundabout-1006-veh_006-w0002,True,0,rsu-2,4,4,44.013352944107375,44.050993965859426,0,committed,27,10080,False,True,False,4,0,False
urban_roundabout,40,1006,distributed_density_honest,,case-urban_roundabout-1006-veh_027-w0002,True,0,rsu-1,4,4,44.075979243338274,44.114469668755056,0,committed,27,10080,False,True,False,4,0,False
urban_roundabout,40,1006,distributed_density_honest,,case-urban_roundabout-1006-veh_027-w0003,True,0,rsu-1,4,4,59.041932656061874,59.07897928098649,0,committed,27,10080,False,True,False,4,0,False
urban_roundabout,40,1007,distributed_density_honest,,case-urban_roundabout-1007-veh_003-w0000,True,0,rsu-4,4,4,14.040426275758856,14.071341401702549,0,committed,27,10080,False,True,False,4,0,False
urban_roundabout,40,1007,distributed_density_honest,,case-urban_roundabout-1007-veh_003-w0001,True,0,rsu-2,4,4,29.043124505282517,29.076684552312873,0,committed,28,10432,False,True,False,4,0,False
urban_roundabout,40,1007,distributed_density_honest,,case-urban_roundabout-1007-veh_006-w0002,True,0,rsu-2,4,4,44.01384771035734,44.04979159110245,0,committed,27,10080,False,True,False,4,0,False
urban_roundabout,40,1007,distributed_density_honest,,case-urban_roundabout-1007-veh_027-w0002,True,0,rsu-3,4,4,44.058195758444036,44.09466819048646,0,committed,28,10624,False,True,False,4,0,False
urban_roundabout,40,1007,distributed_density_honest,,case-urban_roundabout-1007-veh_027-w0003,True,0,rsu-1,4,4,59.03895952694145,59.0773734715511,0,committed,28,10432,False,True,False,4,0,False
urban_roundabout,40,1008,distributed_density_honest,,case-urban_roundabout-1008-veh_003-w0000,True,0,rsu-4,4,4,14.03479695678464,14.075978947208144,0,committed,27,10080,False,True,False,4,0,False
urban_roundabout,40,1008,distributed_density_honest,,case-urban_roundabout-1008-veh_003-w0001,True,0,rsu-2,4,4,29.049365217506214,29.083759192816558,0,committed,27,10080,False,True,False,4,0,False
urban_roundabout,40,1008,distributed_density_honest,,case-urban_roundabout-1008-veh_006-w0002,True,0,rsu-2,4,4,44.01158908994766,44.046467674278794,0,committed,27,10080,False,True,False,4,0,False
urban_roundabout,40,1008,distributed_density_honest,,case-urban_roundabout-1008-veh_027-w0002,True,0,rsu-2,4,4,44.07009694805839,44.106852709837774,0,committed,27,10080,False,True,False,4,0,False
urban_roundabout,40,1008,distributed_density_honest,,case-urban_roundabout-1008-veh_027-w0003,True,0,rsu-1,4,4,59.04293561167519,59.07986948708593,0,committed,27,10080,False,True,False,4,0,False
urban_roundabout,40,1009,distributed_density_honest,,case-urban_roundabout-1009-veh_003-w0000,True,0,rsu-4,4,4,14.043584532935787,14.080531342357709,0,committed,27,10080,False,True,False,4,0,False
urban_roundabout,40,1009,distributed_density_honest,,case-urban_roundabout-1009-veh_003-w0001,True,0,rsu-4,4,4,29.040007527678185,29.075736899708208,0,committed,28,10432,False,True,False,4,0,False
urban_roundabout,40,1009,distributed_density_honest,,case-urban_roundabout-1009-veh_006-w0002,True,0,rsu-2,4,4,44.01417475832492,44.05140722347205,0,committed,28,10432,False,True,False,4,0,False
urban_roundabout,40,1009,distributed_density_honest,,case-urban_roundabout-1009-veh_027-w0002,True,0,rsu-4,4,4,44.055431265698154,44.096011540940005,0,committed,27,10080,False,True,False,4,0,False
urban_roundabout,40,1010,distributed_density_honest,,case-urban_roundabout-1010-veh_003-w0000,True,0,rsu-2,4,4,14.031741770804102,14.070608287017482,0,committed,27,10080,False,True,False,4,0,False
urban_roundabout,40,1010,distributed_density_honest,,case-urban_roundabout-1010-veh_003-w0001,True,0,rsu-3,4,4,29.04781046658409,29.082975895408012,0,committed,28,10432,False,True,False,4,0,False
urban_roundabout,40,1010,distributed_density_honest,,case-urban_roundabout-1010-veh_006-w0002,True,0,rsu-2,4,4,44.01417423170586,44.050381161608456,0,committed,27,10080,False,True,False,4,0,False
urban_roundabout,40,1010,distributed_density_honest,,case-urban_roundabout-1010-veh_027-w0002,True,0,rsu-2,4,4,44.07174060960612,44.111603827688825,0,committed,27,10080,False,True,False,4,0,False
urban_roundabout,40,1010,distributed_density_honest,,case-urban_roundabout-1010-veh_027-w0003,True,0,rsu-1,4,4,59.04436389869462,59.08419996702583,0,committed,27,10080,False,True,False,4,0,False
urban_roundabout,60,1001,distributed_density_honest,,case-urban_roundabout-1001-veh_003-w0000,True,0,rsu-1,4,4,14.051469396652017,14.086486568512905,0,committed,29,10784,False,True,False,4,0,False
urban_roundabout,60,1001,distributed_density_honest,,case-urban_roundabout-1001-veh_003-w0001,True,0,rsu-2,4,4,29.044904849692866,29.081386877826642,0,committed,27,10080,False,True,False,4,0,False
urban_roundabout,60,1001,distributed_density_honest,,case-urban_roundabout-1001-veh_027-w0001,True,0,rsu-3,4,4,29.09067153399739,29.128916331294928,0,committed,28,10432,False,True,False,4,0,False
urban_roundabout,60,1001,distributed_density_honest,,case-urban_roundabout-1001-veh_006-w0002,True,0,rsu-2,4,4,44.01635399585808,44.05491889947639,0,committed,27,10080,False,True,False,4,0,False
urban_roundabout,60,1001,distributed_density_honest,,case-urban_roundabout-1001-veh_027-w0002,True,0,rsu-1,4,4,44.06728223084006,44.10958017236329,0,committed,28,10432,False,True,False,4,0,False
urban_roundabout,60,1001,distributed_density_honest,,case-urban_roundabout-1001-veh_035-w0002,True,0,rsu-4,4,4,44.1597926446797,44.19436204935865,0,committed,27,10080,False,True,False,4,0,False
urban_roundabout,60,1001,distributed_density_honest,,case-urban_roundabout-1001-veh_047-w0003,True,0,rsu-2,4,4,59.01675850239028,59.05345553305738,0,committed,28,10432,False,True,False,4,0,False
urban_roundabout,60,1002,distributed_density_honest,,case-urban_roundabout-1002-veh_003-w0000,True,0,rsu-3,4,4,14.036322094105088,14.068395538371686,0,committed,28,10432,False,True,False,4,0,False
urban_roundabout,60,1002,distributed_density_honest,,case-urban_roundabout-1002-veh_003-w0001,True,0,rsu-3,4,4,29.04597943587036,29.080383233186463,0,committed,27,10080,False,True,False,4,0,False
urban_roundabout,60,1002,distributed_density_honest,,case-urban_roundabout-1002-veh_027-w0001,True,0,rsu-3,4,4,29.115796989187125,29.153663245598217,0,committed,27,10080,False,True,False,4,0,False
urban_roundabout,60,1002,distributed_density_honest,,case-urban_roundabout-1002-veh_035-w0001,True,0,rsu-1,4,4,29.199613335045147,29.24033304857328,0,committed,27,10080,False,True,False,4,0,False
urban_roundabout,60,1002,distributed_density_honest,,case-urban_roundabout-1002-veh_006-w0002,True,0,rsu-2,4,4,44.0169253700982,44.05134258194862,0,committed,28,10432,False,True,False,4,0,False
urban_roundabout,60,1002,distributed_density_honest,,case-urban_roundabout-1002-veh_027-w0002,True,0,rsu-1,4,4,44.099327107275215,44.14188808982468,0,committed,28,10432,False,True,False,4,0,False
urban_roundabout,60,1002,distributed_density_honest,,case-urban_roundabout-1002-veh_035-w0002,True,0,rsu-2,4,4,44.19745613237594,44.23299177514158,0,committed,28,10432,False,True,False,4,0,False
urban_roundabout,60,1003,distributed_density_honest,,case-urban_roundabout-1003-veh_003-w0000,True,0,rsu-3,4,4,14.037267412043446,14.080404820648344,0,committed,29,10784,False,True,False,4,0,False
urban_roundabout,60,1003,distributed_density_honest,,case-urban_roundabout-1003-veh_003-w0001,True,0,rsu-4,4,4,29.04567452216623,29.078601325221175,0,committed,27,10080,False,True,False,4,0,False
urban_roundabout,60,1003,distributed_density_honest,,case-urban_roundabout-1003-veh_027-w0001,True,0,rsu-3,4,4,29.084747791293953,29.12374402307007,0,committed,28,10432,False,True,False,4,0,False
urban_roundabout,60,1003,distributed_density_honest,,case-urban_roundabout-1003-veh_035-w0001,True,0,rsu-3,4,4,29.165682562520345,29.20232238401526,0,committed,27,10080,False,True,False,4,0,False
urban_roundabout,60,1003,distributed_density_honest,,case-urban_roundabout-1003-veh_006-w0002,True,0,rsu-2,4,4,44.01537837597671,44.04525798048193,0,committed,27,10080,False,True,False,4,0,False
urban_roundabout,60,1003,distributed_density_honest,,case-urban_roundabout-1003-veh_027-w0002,True,0,rsu-1,4,4,44.071021378151116,44.11080280977718,0,committed,27,10080,False,True,False,4,0,False
urban_roundabout,60,1003,distributed_density_honest,,case-urban_roundabout-1003-veh_035-w0002,True,0,rsu-4,4,4,44.1593281699042,44.196435696833156,0,committed,27,10080,False,True,False,4,0,False
urban_roundabout,60,1004,distributed_density_honest,,case-urban_roundabout-1004-veh_003-w0000,True,0,rsu-2,4,4,14.039836888009013,14.079023154055756,0,committed,28,10432,False,True,False,4,0,False
urban_roundabout,60,1004,distributed_density_honest,,case-urban_roundabout-1004-veh_003-w0001,True,0,rsu-2,4,4,29.042294139693407,29.079516545459594,0,committed,28,10432,False,True,False,4,0,False
urban_roundabout,60,1004,distributed_density_honest,,case-urban_roundabout-1004-veh_027-w0001,True,0,rsu-3,4,4,29.088974651964534,29.126567169608162,0,committed,27,10080,False,True,False,4,0,False
urban_roundabout,60,1004,distributed_density_honest,,case-urban_roundabout-1004-veh_035-w0001,True,0,rsu-2,4,4,29.173810739171746,29.212123282262674,0,committed,27,10080,False,True,False,4,0,False
urban_roundabout,60,1004,distributed_density_honest,,case-urban_roundabout-1004-veh_027-w0002,True,0,rsu-1,4,4,44.040055616657064,44.076097285268126,0,committed,27,10080,False,True,False,4,0,False
urban_roundabout,60,1004,distributed_density_honest,,case-urban_roundabout-1004-veh_035-w0002,True,0,rsu-2,4,4,44.153189852258315,44.19121049411589,0,committed,27,10080,False,True,False,4,0,False
urban_roundabout,60,1005,distributed_density_honest,,case-urban_roundabout-1005-veh_003-w0000,True,0,rsu-1,4,4,14.038539867159768,14.076057672515548,0,committed,27,10080,False,True,False,4,0,False
urban_roundabout,60,1005,distributed_density_honest,,case-urban_roundabout-1005-veh_003-w0001,True,0,rsu-4,4,4,29.04245756646905,29.081554500103756,0,committed,28,10432,False,True,False,4,0,False
urban_roundabout,60,1005,distributed_density_honest,,case-urban_roundabout-1005-veh_027-w0001,True,0,rsu-1,4,4,29.09200331071508,29.132625920531954,0,committed,27,10080,False,True,False,4,0,False
urban_roundabout,60,1005,distributed_density_honest,,case-urban_roundabout-1005-veh_035-w0001,True,0,rsu-1,4,4,29.17008894863073,29.208570805697665,0,committed,27,10080,False,True,False,4,0,False
urban_roundabout,60,1005,distributed_density_honest,,case-urban_roundabout-1005-veh_006-w0002,True,0,rsu-2,4,4,44.01376250231094,44.05394997653439,0,committed,28,10432,False,True,False,4,0,False
urban_roundabout,60,1005,distributed_density_honest,,case-urban_roundabout-1005-veh_027-w0002,True,0,rsu-1,4,4,44.067931368252594,44.10546298014828,0,committed,28,10432,False,True,False,4,0,False
urban_roundabout,60,1005,distributed_density_honest,,case-urban_roundabout-1005-veh_035-w0002,True,0,rsu-3,4,4,44.15116824162064,44.19566148840897,0,committed,28,10432,False,True,False,4,0,False
urban_roundabout,60,1005,distributed_density_honest,,case-urban_roundabout-1005-veh_047-w0003,True,0,rsu-2,4,4,59.01337194764966,59.05083579346353,0,committed,28,10432,False,True,False,4,0,False
urban_roundabout,60,1006,distributed_density_honest,,case-urban_roundabout-1006-veh_003-w0000,True,0,rsu-3,4,4,14.040199371109495,14.080467803117685,0,committed,28,10432,False,True,False,4,0,False
urban_roundabout,60,1006,distributed_density_honest,,case-urban_roundabout-1006-veh_003-w0001,True,0,rsu-2,4,4,29.045076657423802,29.086716854479327,0,committed,28,10432,False,True,False,4,0,False
urban_roundabout,60,1006,distributed_density_honest,,case-urban_roundabout-1006-veh_027-w0001,True,0,rsu-1,4,4,29.09265741095465,29.130502672576313,0,committed,27,10080,False,True,False,4,0,False
urban_roundabout,60,1006,distributed_density_honest,,case-urban_roundabout-1006-veh_006-w0002,True,0,rsu-2,4,4,44.01299356582235,44.04810804049987,0,committed,27,10080,False,True,False,4,0,False
urban_roundabout,60,1006,distributed_density_honest,,case-urban_roundabout-1006-veh_027-w0002,True,0,rsu-1,4,4,44.064379625587705,44.105940587904776,0,committed,28,10432,False,True,False,4,0,False
urban_roundabout,60,1006,distributed_density_honest,,case-urban_roundabout-1006-veh_035-w0002,True,0,rsu-2,4,4,44.156370069508604,44.19597218832044,0,committed,27,10080,False,True,False,4,0,False
urban_roundabout,60,1006,distributed_density_honest,,case-urban_roundabout-1006-veh_047-w0003,True,0,rsu-2,4,4,59.01853450770816,59.05876425774417,0,committed,28,10432,False,True,False,4,0,False
urban_roundabout,60,1007,distributed_density_honest,,case-urban_roundabout-1007-veh_003-w0000,True,0,rsu-4,4,4,14.040426275758856,14.071341401702549,0,committed,27,10080,False,True,False,4,0,False
urban_roundabout,60,1007,distributed_density_honest,,case-urban_roundabout-1007-veh_003-w0001,True,0,rsu-2,4,4,29.049007424561733,29.082869220531354,0,committed,27,10080,False,True,False,4,0,False
urban_roundabout,60,1007,distributed_density_honest,,case-urban_roundabout-1007-veh_027-w0001,True,0,rsu-3,4,4,29.108926438597088,29.149557806654975,0,committed,27,10080,False,True,False,4,0,False
urban_roundabout,60,1007,distributed_density_honest,,case-urban_roundabout-1007-veh_035-w0001,True,0,rsu-4,4,4,29.197347311083355,29.232840993344134,0,committed,27,10080,False,True,False,4,0,False
urban_roundabout,60,1007,distributed_density_honest,,case-urban_roundabout-1007-veh_006-w0002,True,0,rsu-2,4,4,44.02400218749603,44.054828484295676,0,committed,27,10080,False,True,False,4,0,False
urban_roundabout,60,1007,distributed_density_honest,,case-urban_roundabout-1007-veh_027-w0002,True,0,rsu-1,4,4,44.06988260900656,44.1041816664242,0,committed,27,10080,False,True,False,4,0,False
urban_roundabout,60,1007,distributed_density_honest,,case-urban_roundabout-1007-veh_047-w0003,True,0,rsu-2,4,4,59.0119177359234,59.04753041349938,0,committed,27,10080,False,True,False,4,0,False
urban_roundabout,60,1008,distributed_density_honest,,case-urban_roundabout-1008-veh_003-w0000,True,0,rsu-4,4,4,14.03479695678464,14.075978947208144,0,committed,27,10080,False,True,False,4,0,False
urban_roundabout,60,1008,distributed_density_honest,,case-urban_roundabout-1008-veh_003-w0001,True,0,rsu-2,4,4,29.043927018913262,29.075814374939362,0,committed,27,10080,False,True,False,4,0,False
urban_roundabout,60,1008,distributed_density_honest,,case-urban_roundabout-1008-veh_035-w0001,True,0,rsu-2,4,4,29.154414412260614,29.198048158755505,0,committed,27,10080,False,True,False,4,0,False
urban_roundabout,60,1008,distributed_density_honest,,case-urban_roundabout-1008-veh_006-w0002,True,0,rsu-2,4,4,44.015427255307756,44.049239994836924,0,committed,27,10080,False,True,False,4,0,False
urban_roundabout,60,1008,distributed_density_honest,,case-urban_roundabout-1008-veh_027-w0002,True,0,rsu-1,4,4,44.06561234987169,44.1034723104284,0,committed,28,10432,False,True,False,4,0,False
urban_roundabout,60,1008,distributed_density_honest,,case-urban_roundabout-1008-veh_035-w0002,True,0,rsu-4,4,4,44.18456306306593,44.21966964211015,0,committed,27,10080,False,True,False,4,0,False
urban_roundabout,60,1008,distributed_density_honest,,case-urban_roundabout-1008-veh_047-w0003,True,0,rsu-2,4,4,59.0170041924356,59.05373327428426,0,committed,27,10080,False,True,False,4,0,False
urban_roundabout,60,1009,distributed_density_honest,,case-urban_roundabout-1009-veh_003-w0000,True,0,rsu-4,4,4,14.043584532935787,14.080531342357709,0,committed,27,10080,False,True,False,4,0,False
urban_roundabout,60,1009,distributed_density_honest,,case-urban_roundabout-1009-veh_003-w0001,True,0,rsu-4,4,4,29.07249305880457,29.114053951313643,0,committed,28,10432,False,True,False,4,0,False
urban_roundabout,60,1009,distributed_density_honest,,case-urban_roundabout-1009-veh_035-w0001,True,0,rsu-1,4,4,29.168067409828875,29.20357316861908,0,committed,27,10080,False,True,False,4,0,False
urban_roundabout,60,1009,distributed_density_honest,,case-urban_roundabout-1009-veh_006-w0002,True,0,rsu-2,4,4,44.01559184376778,44.05962291997652,0,committed,28,10432,False,True,False,4,0,False
urban_roundabout,60,1009,distributed_density_honest,,case-urban_roundabout-1009-veh_027-w0002,True,0,rsu-1,4,4,44.07873165514894,44.11338415268084,0,committed,27,10080,False,True,False,4,0,False
urban_roundabout,60,1009,distributed_density_honest,,case-urban_roundabout-1009-veh_047-w0003,True,0,rsu-2,4,4,59.02033853012163,59.054708127358545,0,committed,27,10080,False,True,False,4,0,False
urban_roundabout,60,1010,distributed_density_honest,,case-urban_roundabout-1010-veh_003-w0000,True,0,rsu-2,4,4,14.031741770804102,14.070608287017482,0,committed,27,10080,False,True,False,4,0,False
urban_roundabout,60,1010,distributed_density_honest,,case-urban_roundabout-1010-veh_003-w0001,True,0,rsu-3,4,4,29.04288656943122,29.08399829319367,0,committed,27,10080,False,True,False,4,0,False
urban_roundabout,60,1010,distributed_density_honest,,case-urban_roundabout-1010-veh_006-w0002,True,0,rsu-2,4,4,44.012670903495696,44.05527421166129,0,committed,27,10080,False,True,False,4,0,False
urban_roundabout,60,1010,distributed_density_honest,,case-urban_roundabout-1010-veh_027-w0002,True,0,rsu-1,4,4,44.08087766559765,44.115337737597514,0,committed,27,10080,False,True,False,4,0,False
urban_roundabout,60,1010,distributed_density_honest,,case-urban_roundabout-1010-veh_035-w0002,True,0,rsu-1,4,4,44.153081861640935,44.191905285727245,0,committed,27,10080,False,True,False,4,0,False
urban_roundabout,80,1001,distributed_density_honest,,case-urban_roundabout-1001-veh_003-w0000,True,0,rsu-1,4,4,14.039303622480443,14.073684677381848,0,committed,29,10784,False,True,False,4,0,False
urban_roundabout,80,1001,distributed_density_honest,,case-urban_roundabout-1001-veh_003-w0001,True,0,rsu-4,4,4,29.045956981813873,29.075942149135752,0,committed,27,10080,False,True,False,4,0,False
urban_roundabout,80,1001,distributed_density_honest,,case-urban_roundabout-1001-veh_023-w0001,True,0,rsu-3,4,4,29.13533220243956,29.176935231802844,0,committed,28,10432,False,True,False,4,0,False
urban_roundabout,80,1001,distributed_density_honest,,case-urban_roundabout-1001-veh_026-w0001,True,0,rsu-4,4,4,29.22393904006511,29.260959397169742,0,committed,27,10080,False,True,False,4,0,False
urban_roundabout,80,1001,distributed_density_honest,,case-urban_roundabout-1001-veh_067-w0001,True,0,rsu-2,4,4,29.34092080676294,29.373929254736638,0,committed,27,10080,False,True,False,4,0,False
urban_roundabout,80,1001,distributed_density_honest,,case-urban_roundabout-1001-veh_006-w0002,True,0,rsu-2,4,4,44.01592015561538,44.052083198428434,0,committed,28,10432,False,True,False,4,0,False
urban_roundabout,80,1001,distributed_density_honest,,case-urban_roundabout-1001-veh_023-w0002,True,0,rsu-1,4,4,44.0971717670769,44.13353449301961,0,committed,28,10432,False,True,False,4,0,False
urban_roundabout,80,1001,distributed_density_honest,,case-urban_roundabout-1001-veh_026-w0002,True,0,rsu-1,4,4,44.16595922062732,44.20343025409086,0,committed,28,10432,False,True,False,4,0,False
urban_roundabout,80,1001,distributed_density_honest,,case-urban_roundabout-1001-veh_067-w0002,True,0,rsu-3,4,4,44.26886088388528,44.30356094866264,0,committed,27,10080,False,True,False,4,0,False
urban_roundabout,80,1001,distributed_density_honest,,case-urban_roundabout-1001-veh_067-w0003,True,0,rsu-1,4,4,59.10165673798752,59.13742172014922,0,committed,27,10080,False,True,False,4,0,False
urban_roundabout,80,1002,distributed_density_honest,,case-urban_roundabout-1002-veh_003-w0000,True,0,rsu-3,4,4,14.038884623717726,14.068812209014297,0,committed,28,10432,False,True,False,4,0,False
urban_roundabout,80,1002,distributed_density_honest,,case-urban_roundabout-1002-veh_003-w0001,True,0,rsu-3,4,4,29.044540114515094,29.078002438547244,0,committed,27,10080,False,True,False,4,0,False
urban_roundabout,80,1002,distributed_density_honest,,case-urban_roundabout-1002-veh_023-w0001,True,0,rsu-1,4,4,29.12514139137917,29.16465119250879,0,committed,28,10432,False,True,False,4,0,False
urban_roundabout,80,1002,distributed_density_honest,,case-urban_roundabout-1002-veh_026-w0001,True,0,rsu-2,4,4,29.217869820741324,29.26037414875327,0,committed,28,10432,False,True,False,4,0,False
urban_roundabout,80,1002,distributed_density_honest,,case-urban_roundabout-1002-veh_035-w0001,True,0,rsu-1,4,4,29.30920921948803,29.348721030742105,0,committed,28,10432,False,True,False,4,0,False
urban_roundabout,80,1002,distributed_density_honest,,case-urban_roundabout-1002-veh_067-w0001,True,0,rsu-4,4,4,29.397210198883766,29.4344662388404,0,committed,27,10080,False,True,False,4,0,False
urban_roundabout,80,1002,distributed_density_honest,,case-urban_roundabout-1002-veh_006-w0002,True,0,rsu-2,4,4,44.016700541434034,44.05774015951982,0,committed,28,10432,False,True,False,4,0,False
urban_roundabout,80,1002,distributed_density_honest,,case-urban_roundabout-1002-veh_023-w0002,True,0,rsu-1,4,4,44.103177893835536,44.138355335689674,0,committed,27,10080,False,True,False,4,0,False
urban_roundabout,80,1002,distributed_density_honest,,case-urban_roundabout-1002-veh_026-w0002,True,0,rsu-4,4,4,44.17872029808714,44.21251300122627,0,committed,28,10432,False,True,False,4,0,False
urban_roundabout,80,1002,distributed_density_honest,,case-urban_roundabout-1002-veh_067-w0002,True,0,rsu-3,4,4,44.263269445821,44.299391520824315,0,committed,28,10432,False,True,False,4,0,False
urban_roundabout,80,1002,distributed_density_honest,,case-urban_roundabout-1002-veh_067-w0003,True,0,rsu-1,4,4,59.100117842152244,59.13844574638486,0,committed,28,10432,False,True,False,4,0,False
urban_roundabout,80,1003,distributed_density_honest,,case-urban_roundabout-1003-veh_003-w0000,True,0,rsu-1,4,4,14.04102012103895,14.082573366257492,0,committed,29,10784,False,True,False,4,0,False
urban_roundabout,80,1003,distributed_density_honest,,case-urban_roundabout-1003-veh_003-w0001,True,0,rsu-3,4,4,29.04972381497682,29.085591197231125,0,committed,27,10080,False,True,False,4,0,False
urban_roundabout,80,1003,distributed_density_honest,,case-urban_roundabout-1003-veh_023-w0001,True,0,rsu-2,4,4,29.162536297146296,29.197596392312494,0,committed,27,10080,False,True,False,4,0,False
urban_roundabout,80,1003,distributed_density_honest,,case-urban_roundabout-1003-veh_026-w0001,True,0,rsu-2,4,4,29.238114099306706,29.278873891956508,0,committed,27,10080,False,True,False,4,0,False
urban_roundabout,80,1003,distributed_density_honest,,case-urban_roundabout-1003-veh_067-w0001,True,0,rsu-2,4,4,29.323303035214664,29.36355777459515,0,committed,29,10784,False,True,False,4,0,False
urban_roundabout,80,1003,distributed_density_honest,,case-urban_roundabout-1003-veh_006-w0002,True,0,rsu-2,4,4,44.01727250978544,44.06061760660608,0,committed,27,10080,False,True,False,4,0,False
urban_roundabout,80,1003,distributed_density_honest,,case-urban_roundabout-1003-veh_023-w0002,True,0,rsu-3,4,4,44.10460661302543,44.14334254057458,0,committed,28,10432,False,True,False,4,0,False
urban_roundabout,80,1003,distributed_density_honest,,case-urban_roundabout-1003-veh_026-w0002,True,0,rsu-4,4,4,44.18775184640889,44.22356924364608,0,committed,27,10080,False,True,False,4,0,False
urban_roundabout,80,1003,distributed_density_honest,,case-urban_roundabout-1003-veh_067-w0002,True,0,rsu-4,4,4,44.27696852940801,44.3146404888287,0,committed,28,10432,False,True,False,4,0,False
urban_roundabout,80,1003,distributed_density_honest,,case-urban_roundabout-1003-veh_067-w0003,True,0,rsu-2,4,4,59.05823120563639,59.094539832313956,0,committed,27,10080,False,True,False,4,0,False
urban_roundabout,80,1004,distributed_density_honest,,case-urban_roundabout-1004-veh_003-w0000,True,0,rsu-2,4,4,14.046080685187345,14.078389846970891,0,committed,28,10432,False,True,False,4,0,False
urban_roundabout,80,1004,distributed_density_honest,,case-urban_roundabout-1004-veh_003-w0001,True,0,rsu-2,4,4,29.068261438818553,29.104488731382425,0,committed,27,10080,False,True,False,4,0,False
urban_roundabout,80,1004,distributed_density_honest,,case-urban_roundabout-1004-veh_023-w0001,True,0,rsu-3,4,4,29.15690772293552,29.194405990332772,0,committed,27,10080,False,True,False,4,0,False
urban_roundabout,80,1004,distributed_density_honest,,case-urban_roundabout-1004-veh_026-w0001,True,0,rsu-4,4,4,29.24586310766037,29.2882608129416,0,committed,28,10432,False,True,False,4,0,False
urban_roundabout,80,1004,distributed_density_honest,,case-urban_roundabout-1004-veh_035-w0001,True,0,rsu-1,4,4,29.342897250043077,29.376224245199463,0,committed,27,10080,False,True,False,4,0,False
urban_roundabout,80,1004,distributed_density_honest,,case-urban_roundabout-1004-veh_067-w0001,True,0,rsu-3,4,4,29.439188701014466,29.473950748520224,0,committed,27,10080,False,True,False,4,0,False
urban_roundabout,80,1004,distributed_density_honest,,case-urban_roundabout-1004-veh_023-w0002,True,0,rsu-2,4,4,44.03773725619421,44.072011131981725,0,committed,28,10432,False,True,False,4,0,False
urban_roundabout,80,1004,distributed_density_honest,,case-urban_roundabout-1004-veh_026-w0002,True,0,rsu-3,4,4,44.11003758797181,44.15093330307139,0,committed,29,10784,False,True,False,4,0,False
urban_roundabout,80,1004,distributed_density_honest,,case-urban_roundabout-1004-veh_067-w0002,True,0,rsu-4,4,4,44.205432307443836,44.24398815585045,0,committed,27,10080,False,True,False,4,0,False
urban_roundabout,80,1004,distributed_density_honest,,case-urban_roundabout-1004-veh_067-w0003,True,0,rsu-2,4,4,59.04717165795503,59.081917507370186,0,committed,27,10080,False,True,False,4,0,False
urban_roundabout,80,1005,distributed_density_honest,,case-urban_roundabout-1005-veh_003-w0000,True,0,rsu-3,4,4,14.041633754085225,14.078496708076784,0,committed,27,10080,False,True,False,4,0,False
urban_roundabout,80,1005,distributed_density_honest,,case-urban_roundabout-1005-veh_003-w0001,True,0,rsu-3,4,4,29.046679316143187,29.088394171657512,0,committed,28,10432,False,True,False,4,0,False
urban_roundabout,80,1005,distributed_density_honest,,case-urban_roundabout-1005-veh_023-w0001,True,0,rsu-3,4,4,29.135977248142456,29.174492324637736,0,committed,27,10080,False,True,False,4,0,False
urban_roundabout,80,1005,distributed_density_honest,,case-urban_roundabout-1005-veh_026-w0001,True,0,rsu-4,4,4,29.23173264843485,29.2722295398564,0,committed,28,10432,False,True,False,4,0,False
urban_roundabout,80,1005,distributed_density_honest,,case-urban_roundabout-1005-veh_035-w0001,True,0,rsu-3,4,4,29.319896432383015,29.359451278699726,0,committed,27,10080,False,True,False,4,0,False
urban_roundabout,80,1005,distributed_density_honest,,case-urban_roundabout-1005-veh_067-w0001,True,0,rsu-4,4,4,29.40306735730701,29.442584637348453,0,committed,28,10432,False,True,False,4,0,False
urban_roundabout,80,1005,distributed_density_honest,,case-urban_roundabout-1005-veh_006-w0002,True,0,rsu-2,4,4,44.00908129892064,44.04816173892942,0,committed,29,10784,False,True,False,4,0,False
urban_roundabout,80,1005,distributed_density_honest,,case-urban_roundabout-1005-veh_023-w0002,True,0,rsu-1,4,4,44.09502998461374,44.13454457793769,0,committed,29,10784,False,True,False,4,0,False
urban_roundabout,80,1005,distributed_density_honest,,case-urban_roundabout-1005-veh_026-w0002,True,0,rsu-3,4,4,44.17315972634251,44.210157717882524,0,committed,27,10080,False,True,False,4,0,False
urban_roundabout,80,1005,distributed_density_honest,,case-urban_roundabout-1005-veh_035-w0002,True,0,rsu-4,4,4,44.25219481494674,44.290819738528164,0,committed,28,10432,False,True,False,4,0,False
urban_roundabout,80,1005,distributed_density_honest,,case-urban_roundabout-1005-veh_067-w0002,True,0,rsu-2,4,4,44.34515679134433,44.38408672529899,0,committed,27,10080,False,True,False,4,0,False
urban_roundabout,80,1005,distributed_density_honest,,case-urban_roundabout-1005-veh_067-w0003,True,0,rsu-2,4,4,59.04846718485033,59.086091639816615,0,committed,27,10080,False,True,False,4,0,False
urban_roundabout,80,1006,distributed_density_honest,,case-urban_roundabout-1006-veh_003-w0000,True,0,rsu-1,4,4,14.044707094504572,14.082407720041008,0,committed,28,10624,False,True,False,4,0,False
urban_roundabout,80,1006,distributed_density_honest,,case-urban_roundabout-1006-veh_003-w0001,True,0,rsu-1,4,4,29.06653872089452,29.09991387211167,0,committed,27,10080,False,True,False,4,0,False
urban_roundabout,80,1006,distributed_density_honest,,case-urban_roundabout-1006-veh_026-w0001,True,0,rsu-3,4,4,29.15648201148508,29.192141389434994,0,committed,27,10080,False,True,False,4,0,False
urban_roundabout,80,1006,distributed_density_honest,,case-urban_roundabout-1006-veh_035-w0001,True,0,rsu-1,4,4,29.247091543214573,29.28289299931709,0,committed,28,10432,False,True,False,4,0,False
urban_roundabout,80,1006,distributed_density_honest,,case-urban_roundabout-1006-veh_067-w0001,True,0,rsu-1,4,4,29.326359714912655,29.36127711006812,0,committed,27,10080,False,True,False,4,0,False
urban_roundabout,80,1006,distributed_density_honest,,case-urban_roundabout-1006-veh_006-w0002,True,0,rsu-2,4,4,44.01149141434806,44.05359799089914,0,committed,28,10432,False,True,False,4,0,False
urban_roundabout,80,1006,distributed_density_honest,,case-urban_roundabout-1006-veh_023-w0002,True,0,rsu-1,4,4,44.0923762588087,44.12909064119414,0,committed,28,10432,False,True,False,4,0,False
urban_roundabout,80,1006,distributed_density_honest,,case-urban_roundabout-1006-veh_026-w0002,True,0,rsu-1,4,4,44.15916390614912,44.192901450200374,0,committed,28,10432,False,True,False,4,0,False
urban_roundabout,80,1006,distributed_density_honest,,case-urban_roundabout-1006-veh_035-w0002,True,0,rsu-1,4,4,44.23114259339009,44.26454295619758,0,committed,27,10080,False,True,False,4,0,False
urban_roundabout,80,1006,distributed_density_honest,,case-urban_roundabout-1006-veh_067-w0002,True,0,rsu-3,4,4,44.316736614485016,44.3538666847372,0,committed,27,10080,False,True,False,4,0,False
urban_roundabout,80,1006,distributed_density_honest,,case-urban_roundabout-1006-veh_067-w0003,True,0,rsu-1,4,4,59.08932725007428,59.125164219642365,0,committed,27,10080,False,True,False,4,0,False
urban_roundabout,80,1007,distributed_density_honest,,case-urban_roundabout-1007-veh_003-w0000,True,0,rsu-3,4,4,14.03694577069555,14.070708626943729,0,committed,27,10080,False,True,False,4,0,False
urban_roundabout,80,1007,distributed_density_honest,,case-urban_roundabout-1007-veh_003-w0001,True,0,rsu-3,4,4,29.039282871012148,29.077089712722515,0,committed,27,10080,False,True,False,4,0,False
urban_roundabout,80,1007,distributed_density_honest,,case-urban_roundabout-1007-veh_023-w0001,True,0,rsu-4,4,4,29.13992163133791,29.179064515289188,0,committed,28,10432,False,True,False,4,0,False
urban_roundabout,80,1007,distributed_density_honest,,case-urban_roundabout-1007-veh_026-w0001,True,0,rsu-1,4,4,29.225509966713037,29.262125088629983,0,committed,27,10080,False,True,False,4,0,False
urban_roundabout,80,1007,distributed_density_honest,,case-urban_roundabout-1007-veh_035-w0001,True,0,rsu-1,4,4,29.302082801455526,29.337175355196365,0,committed,28,10432,False,True,False,4,0,False
urban_roundabout,80,1007,distributed_density_honest,,case-urban_roundabout-1007-veh_067-w0001,True,0,rsu-4,4,4,29.391356827567087,29.426213713751395,0,committed,28,10432,False,True,False,4,0,False
urban_roundabout,80,1007,distributed_density_honest,,case-urban_roundabout-1007-veh_006-w0002,True,0,rsu-2,4,4,44.01515608560332,44.05949965566005,0,committed,28,10432,False,True,False,4,0,False
urban_roundabout,80,1007,distributed_density_honest,,case-urban_roundabout-1007-veh_023-w0002,True,0,rsu-3,4,4,44.103515752705185,44.139369637991194,0,committed,27,10080,False,True,False,4,0,False
urban_roundabout,80,1007,distributed_density_honest,,case-urban_roundabout-1007-veh_026-w0002,True,0,rsu-1,4,4,44.17186993347813,44.2091353534678,0,committed,27,10080,False,True,False,4,0,False
urban_roundabout,80,1007,distributed_density_honest,,case-urban_roundabout-1007-veh_035-w0002,True,0,rsu-4,4,4,44.26132398523516,44.29435714457016,0,committed,28,10432,False,True,False,4,0,False
urban_roundabout,80,1007,distributed_density_honest,,case-urban_roundabout-1007-veh_067-w0002,True,0,rsu-3,4,4,44.35461070781246,44.393771872952776,0,committed,27,10080,False,True,False,4,0,False
urban_roundabout,80,1007,distributed_density_honest,,case-urban_roundabout-1007-veh_067-w0003,True,0,rsu-2,4,4,59.059606211567214,59.092793551556504,0,committed,28,10432,False,True,False,4,0,False
urban_roundabout,80,1008,distributed_density_honest,,case-urban_roundabout-1008-veh_003-w0000,True,0,rsu-3,4,4,14.03850146481827,14.082924517903939,0,committed,27,10080,False,True,False,4,0,False
urban_roundabout,80,1008,distributed_density_honest,,case-urban_roundabout-1008-veh_003-w0001,True,0,rsu-3,4,4,29.048404302925576,29.079682552695964,0,committed,28,10432,False,True,False,4,0,False
urban_roundabout,80,1008,distributed_density_honest,,case-urban_roundabout-1008-veh_023-w0001,True,0,rsu-3,4,4,29.129646540263714,29.170222679033294,0,committed,29,10976,False,True,False,4,0,False
urban_roundabout,80,1008,distributed_density_honest,,case-urban_roundabout-1008-veh_026-w0001,True,0,rsu-4,4,4,29.216678379248442,29.253174948481053,0,committed,27,10080,False,True,False,4,0,False
urban_roundabout,80,1008,distributed_density_honest,,case-urban_roundabout-1008-veh_067-w0001,True,0,rsu-1,4,4,29.305150964389693,29.34386776040861,0,committed,27,10080,False,True,False,4,0,False
urban_roundabout,80,1008,distributed_density_honest,,case-urban_roundabout-1008-veh_006-w0002,True,0,rsu-2,4,4,44.017800631951395,44.05290191115012,0,committed,28,10432,False,True,False,4,0,False
urban_roundabout,80,1008,distributed_density_honest,,case-urban_roundabout-1008-veh_023-w0002,True,0,rsu-3,4,4,44.09974909703816,44.1366829724489,0,committed,27,10080,False,True,False,4,0,False
urban_roundabout,80,1008,distributed_density_honest,,case-urban_roundabout-1008-veh_026-w0002,True,0,rsu-4,4,4,44.17554976708113,44.21438116897297,0,committed,28,10432,False,True,False,4,0,False
urban_roundabout,80,1008,distributed_density_honest,,case-urban_roundabout-1008-veh_067-w0002,True,0,rsu-1,4,4,44.272056280551155,44.3104603205671,0,committed,28,10624,False,True,False,4,0,False
urban_roundabout,80,1008,distributed_density_honest,,case-urban_roundabout-1008-veh_067-w0003,True,0,rsu-1,4,4,59.10675069164552,59.15177302077329,0,committed,28,10432,False,True,False,4,0,False
urban_roundabout,80,1009,distributed_density_honest,,case-urban_roundabout-1009-veh_003-w0000,True,0,rsu-1,4,4,14.047136428272315,14.08053059354369,0,committed,27,10080,False,True,False,4,0,False
urban_roundabout,80,1009,distributed_density_honest,,case-urban_roundabout-1009-veh_003-w0001,True,0,rsu-4,4,4,29.03871117266436,29.075315963421698,0,committed,27,10080,False,True,False,4,0,False
urban_roundabout,80,1009,distributed_density_honest,,case-urban_roundabout-1009-veh_023-w0001,True,0,rsu-1,4,4,29.130053378683396,29.163241545572326,0,committed,27,10080,False,True,False,4,0,False
urban_roundabout,80,1009,distributed_density_honest,,case-urban_roundabout-1009-veh_026-w0001,True,0,rsu-2,4,4,29.212542596367015,29.24836729165454,0,committed,28,10432,False,True,False,4,0,False
urban_roundabout,80,1009,distributed_density_honest,,case-urban_roundabout-1009-veh_035-w0001,True,0,rsu-4,4,4,29.29717550088312,29.338556984959904,0,committed,28,10432,False,True,False,4,0,False
urban_roundabout,80,1009,distributed_density_honest,,case-urban_roundabout-1009-veh_067-w0001,True,0,rsu-3,4,4,29.389649083793177,29.42451972252568,0,committed,27,10080,False,True,False,4,0,False
urban_roundabout,80,1009,distributed_density_honest,,case-urban_roundabout-1009-veh_006-w0002,True,0,rsu-2,4,4,44.009531725968365,44.04364547872048,0,committed,28,10432,False,True,False,4,0,False
urban_roundabout,80,1009,distributed_density_honest,,case-urban_roundabout-1009-veh_023-w0002,True,0,rsu-2,4,4,44.075470336990165,44.10939722531258,0,committed,27,10080,False,True,False,4,0,False
urban_roundabout,80,1009,distributed_density_honest,,case-urban_roundabout-1009-veh_026-w0002,True,0,rsu-3,4,4,44.14740893976908,44.182749468034075,0,committed,27,10080,False,True,False,4,0,False
urban_roundabout,80,1009,distributed_density_honest,,case-urban_roundabout-1009-veh_067-w0002,True,0,rsu-4,4,4,44.24133440205127,44.291608053370496,0,committed,28,10432,False,True,False,4,0,False
urban_roundabout,80,1009,distributed_density_honest,,case-urban_roundabout-1009-veh_067-w0003,True,0,rsu-2,4,4,59.058119103202976,59.09179112243521,0,committed,27,10080,False,True,False,4,0,False
urban_roundabout,80,1010,distributed_density_honest,,case-urban_roundabout-1010-veh_003-w0000,True,0,rsu-4,4,4,14.03875950355271,14.076337074456207,0,committed,27,10080,False,True,False,4,0,False
urban_roundabout,80,1010,distributed_density_honest,,case-urban_roundabout-1010-veh_003-w0001,True,0,rsu-2,4,4,29.043380446103264,29.08121740706769,0,committed,28,10432,False,True,False,4,0,False
urban_roundabout,80,1010,distributed_density_honest,,case-urban_roundabout-1010-veh_023-w0001,True,0,rsu-1,4,4,29.133243744814514,29.1757453801772,0,committed,28,10432,False,True,False,4,0,False
urban_roundabout,80,1010,distributed_density_honest,,case-urban_roundabout-1010-veh_026-w0001,True,0,rsu-3,4,4,29.225307582258193,29.26123785100112,0,committed,27,10080,False,True,False,4,0,False
urban_roundabout,80,1010,distributed_density_honest,,case-urban_roundabout-1010-veh_035-w0001,True,0,rsu-1,4,4,29.31395187686357,29.35382934870692,0,committed,28,10432,False,True,False,4,0,False
urban_roundabout,80,1010,distributed_density_honest,,case-urban_roundabout-1010-veh_067-w0001,True,0,rsu-3,4,4,29.412356518279232,29.451607669921817,0,committed,27,10080,False,True,False,4,0,False
urban_roundabout,80,1010,distributed_density_honest,,case-urban_roundabout-1010-veh_006-w0002,True,0,rsu-2,4,4,44.017554055282,44.05264384201312,0,committed,27,10080,False,True,False,4,0,False
urban_roundabout,80,1010,distributed_density_honest,,case-urban_roundabout-1010-veh_023-w0002,True,0,rsu-1,4,4,44.09674128222307,44.14210367101003,0,committed,27,10080,False,True,False,4,0,False
urban_roundabout,80,1010,distributed_density_honest,,case-urban_roundabout-1010-veh_026-w0002,True,0,rsu-1,4,4,44.17034432308642,44.20083003071078,0,committed,27,10080,False,True,False,4,0,False
urban_roundabout,80,1010,distributed_density_honest,,case-urban_roundabout-1010-veh_035-w0002,True,0,rsu-3,4,4,44.244002743166035,44.28600005412753,0,committed,28,10432,False,True,False,4,0,False
urban_roundabout,80,1010,distributed_density_honest,,case-urban_roundabout-1010-veh_067-w0002,True,0,rsu-3,4,4,44.32875726073206,44.36235833295758,0,committed,27,10080,False,True,False,4,0,False
urban_roundabout,80,1010,distributed_density_honest,,case-urban_roundabout-1010-veh_067-w0003,True,0,rsu-2,4,4,59.044285601425415,59.08237990459574,0,committed,28,10624,False,True,False,4,0,False
urban_roundabout,100,1001,distributed_density_honest,,case-urban_roundabout-1001-veh_003-w0000,True,0,rsu-1,4,4,14.039303622480443,14.073684677381848,0,committed,29,10784,False,True,False,4,0,False
urban_roundabout,100,1001,distributed_density_honest,,case-urban_roundabout-1001-veh_023-w0000,True,0,rsu-3,4,4,14.113466353075639,14.153309043916737,0,committed,28,10432,False,True,False,4,0,False
urban_roundabout,100,1001,distributed_density_honest,,case-urban_roundabout-1001-veh_026-w0000,True,0,rsu-3,4,4,14.179468398002946,14.221144501920282,0,committed,27,10080,False,True,False,4,0,False
urban_roundabout,100,1001,distributed_density_honest,,case-urban_roundabout-1001-veh_003-w0001,True,0,rsu-4,4,4,29.04494904198916,29.077175939695024,0,committed,28,10432,False,True,False,4,0,False
urban_roundabout,100,1001,distributed_density_honest,,case-urban_roundabout-1001-veh_023-w0001,True,0,rsu-3,4,4,29.131035867074598,29.16441442726911,0,committed,27,10080,False,True,False,4,0,False
urban_roundabout,100,1001,distributed_density_honest,,case-urban_roundabout-1001-veh_026-w0001,True,0,rsu-3,4,4,29.19603116854614,29.235216805807692,0,committed,27,10080,False,True,False,4,0,False
urban_roundabout,100,1001,distributed_density_honest,,case-urban_roundabout-1001-veh_055-w0001,True,0,rsu-2,4,4,29.303214260722672,29.340962921734246,0,committed,27,10080,False,True,False,4,0,False
urban_roundabout,100,1001,distributed_density_honest,,case-urban_roundabout-1001-veh_067-w0001,True,0,rsu-2,4,4,29.401277643197623,29.442080602963337,0,committed,28,10432,False,True,False,4,0,False
urban_roundabout,100,1001,distributed_density_honest,,case-urban_roundabout-1001-veh_090-w0001,True,0,rsu-4,4,4,29.482228325351876,29.51875451919979,0,committed,27,10080,False,True,False,4,0,False
urban_roundabout,100,1001,distributed_density_honest,,case-urban_roundabout-1001-veh_006-w0002,True,0,rsu-2,4,4,44.01364439440396,44.05720376947631,0,committed,30,11136,False,True,False,4,0,False
urban_roundabout,100,1001,distributed_density_honest,,case-urban_roundabout-1001-veh_026-w0002,True,0,rsu-1,4,4,44.109493786235106,44.14382650122179,0,committed,28,10432,False,True,False,4,0,False
urban_roundabout,100,1001,distributed_density_honest,,case-urban_roundabout-1001-veh_055-w0002,True,0,rsu-1,4,4,44.211105514935866,44.2467364880703,0,committed,28,10432,False,True,False,4,0,False
urban_roundabout,100,1001,distributed_density_honest,,case-urban_roundabout-1001-veh_067-w0002,True,0,rsu-1,4,4,44.297196141297334,44.3346307769258,0,committed,27,10080,False,True,False,4,0,False
urban_roundabout,100,1001,distributed_density_honest,,case-urban_roundabout-1001-veh_087-w0002,True,0,rsu-2,4,4,44.41419311681953,44.44901853349648,0,committed,27,10080,False,True,False,4,0,False
urban_roundabout,100,1001,distributed_density_honest,,case-urban_roundabout-1001-veh_090-w0002,True,0,rsu-2,4,4,44.51142645435385,44.54889615081135,0,committed,27,10080,False,True,False,4,0,False
urban_roundabout,100,1001,distributed_density_honest,,case-urban_roundabout-1001-veh_067-w0003,True,0,rsu-4,4,4,59.047201076537306,59.088721927325686,0,committed,27,10080,False,True,False,4,0,False
urban_roundabout,100,1001,distributed_density_honest,,case-urban_roundabout-1001-veh_087-w0003,True,0,rsu-1,4,4,59.1353530459054,59.168499276899546,0,committed,27,10080,False,True,False,4,0,False
urban_roundabout,100,1001,distributed_density_honest,,case-urban_roundabout-1001-veh_090-w0003,True,0,rsu-1,4,4,59.194971873100734,59.239712906003945,0,committed,29,10976,False,True,False,4,0,False
urban_roundabout,100,1002,distributed_density_honest,,case-urban_roundabout-1002-veh_003-w0000,True,0,rsu-3,4,4,14.038884623717726,14.068812209014297,0,committed,28,10432,False,True,False,4,0,False
urban_roundabout,100,1002,distributed_density_honest,,case-urban_roundabout-1002-veh_023-w0000,True,0,rsu-4,4,4,14.106233018276235,14.142117102629307,0,committed,27,10080,False,True,False,4,0,False
urban_roundabout,100,1002,distributed_density_honest,,case-urban_roundabout-1002-veh_026-w0000,True,0,rsu-4,4,4,14.168959283637692,14.207023217397605,0,committed,27,10080,False,True,False,4,0,False
urban_roundabout,100,1002,distributed_density_honest,,case-urban_roundabout-1002-veh_003-w0001,True,0,rsu-3,4,4,29.067737778026913,29.11039648591249,0,committed,30,11328,False,True,False,4,0,False
urban_roundabout,100,1002,distributed_density_honest,,case-urban_roundabout-1002-veh_023-w0001,True,0,rsu-1,4,4,29.1651639114636,29.20658898184582,0,committed,28,10432,False,True,False,4,0,False
urban_roundabout,100,1002,distributed_density_honest,,case-urban_roundabout-1002-veh_026-w0001,True,0,rsu-1,4,4,29.249344952279262,29.294279233741552,0,committed,28,10432,False,True,False,4,0,False
urban_roundabout,100,1002,distributed_density_honest,,case-urban_roundabout-1002-veh_035-w0001,True,0,rsu-4,4,4,29.348190801620078,29.385099781823325,0,committed,28,10432,False,True,False,4,0,False
urban_roundabout,100,1002,distributed_density_honest,,case-urban_roundabout-1002-veh_055-w0001,True,0,rsu-2,4,4,29.43439675428315,29.467133612044695,0,committed,27,10080,False,True,False,4,0,False
urban_roundabout,100,1002,distributed_density_honest,,case-urban_roundabout-1002-veh_067-w0001,True,0,rsu-4,4,4,29.512063106203737,29.550665682229514,0,committed,27,10080,False,True,False,4,0,False
urban_roundabout,100,1002,distributed_density_honest,,case-urban_roundabout-1002-veh_090-w0001,True,0,rsu-3,4,4,29.593469818869153,29.62722218546418,0,committed,27,10080,False,True,False,4,0,False
urban_roundabout,100,1002,distributed_density_honest,,case-urban_roundabout-1002-veh_006-w0002,True,0,rsu-2,4,4,44.01311768510328,44.049915358173685,0,committed,27,10080,False,True,False,4,0,False
urban_roundabout,100,1002,distributed_density_honest,,case-urban_roundabout-1002-veh_026-w0002,True,0,rsu-1,4,4,44.102707108598686,44.141854036941524,0,committed,27,10080,False,True,False,4,0,False
urban_roundabout,100,1002,distributed_density_honest,,case-urban_roundabout-1002-veh_035-w0002,True,0,rsu-1,4,4,44.17204931669944,44.206116884619355,0,committed,28,10432,False,True,False,4,0,False
urban_roundabout,100,1002,distributed_density_honest,,case-urban_roundabout-1002-veh_055-w0002,True,0,rsu-1,4,4,44.255097747780745,44.29192020971799,0,committed,28,10432,False,True,False,4,0,False
urban_roundabout,100,1002,distributed_density_honest,,case-urban_roundabout-1002-veh_067-w0002,True,0,rsu-4,4,4,44.34227616432133,44.38024305008929,0,committed,27,10080,False,True,False,4,0,False
urban_roundabout,100,1002,distributed_density_honest,,case-urban_roundabout-1002-veh_087-w0002,True,0,rsu-4,4,4,44.42736925454267,44.467548954985524,0,committed,27,10080,False,True,False,4,0,False
urban_roundabout,100,1002,distributed_density_honest,,case-urban_roundabout-1002-veh_090-w0002,True,0,rsu-1,4,4,44.515027116823894,44.549209493642664,0,committed,27,10080,False,True,False,4,0,False
urban_roundabout,100,1002,distributed_density_honest,,case-urban_roundabout-1002-veh_067-w0003,True,0,rsu-2,4,4,59.0592763238659,59.09643723763434,0,committed,27,10080,False,True,False,4,0,False
urban_roundabout,100,1002,distributed_density_honest,,case-urban_roundabout-1002-veh_087-w0003,True,0,rsu-2,4,4,59.16107604421744,59.195192008151686,0,committed,28,10432,False,True,False,4,0,False
urban_roundabout,100,1002,distributed_density_honest,,case-urban_roundabout-1002-veh_090-w0003,True,0,rsu-3,4,4,59.23111582649809,59.26641386433829,0,committed,27,10080,False,True,False,4,0,False
urban_roundabout,100,1003,distributed_density_honest,,case-urban_roundabout-1003-veh_003-w0000,True,0,rsu-1,4,4,14.04102012103895,14.082573366257492,0,committed,29,10784,False,True,False,4,0,False
urban_roundabout,100,1003,distributed_density_honest,,case-urban_roundabout-1003-veh_023-w0000,True,0,rsu-4,4,4,14.122693019375342,14.160854807676614,0,committed,28,10432,False,True,False,4,0,False
urban_roundabout,100,1003,distributed_density_honest,,case-urban_roundabout-1003-veh_026-w0000,True,0,rsu-4,4,4,14.181759781110303,14.217009140314659,0,committed,27,10080,False,True,False,4,0,False
urban_roundabout,100,1003,distributed_density_honest,,case-urban_roundabout-1003-veh_003-w0001,True,0,rsu-3,4,4,29.04742436322681,29.078601899344264,0,committed,27,10080,False,True,False,4,0,False
urban_roundabout,100,1003,distributed_density_honest,,case-urban_roundabout-1003-veh_023-w0001,True,0,rsu-2,4,4,29.1339151995137,29.176020493712006,0,committed,27,10080,False,True,False,4,0,False
urban_roundabout,100,1003,distributed_density_honest,,case-urban_roundabout-1003-veh_026-w0001,True,0,rsu-1,4,4,29.238147140566074,29.28091363177383,0,committed,27,10080,False,True,False,4,0,False
urban_roundabout,100,1003,distributed_density_honest,,case-urban_roundabout-1003-veh_035-w0001,True,0,rsu-4,4,4,29.32745452229456,29.36358846909675,0,committed,28,10432,False,True,False,4,0,False
urban_roundabout,100,1003,distributed_density_honest,,case-urban_roundabout-1003-veh_055-w0001,True,0,rsu-3,4,4,29.417923899983055,29.45377321224696,0,committed,27,10080,False,True,False,4,0,False
urban_roundabout,100,1003,distributed_density_honest,,case-urban_roundabout-1003-veh_067-w0001,True,0,rsu-2,4,4,29.51476611906315,29.55045097249366,0,committed,27,10080,False,True,False,4,0,False
urban_roundabout,100,1003,distributed_density_honest,,case-urban_roundabout-1003-veh_090-w0001,True,0,rsu-4,4,4,29.589332299315693,29.625821364620343,0,committed,27,10080,False,True,False,4,0,False
urban_roundabout,100,1003,distributed_density_honest,,case-urban_roundabout-1003-veh_006-w0002,True,0,rsu-2,4,4,44.014041792262795,44.05574110181543,0,committed,27,10080,False,True,False,4,0,False
urban_roundabout,100,1003,distributed_density_honest,,case-urban_roundabout-1003-veh_026-w0002,True,0,rsu-4,4,4,44.10727127906374,44.142691045651354,0,committed,28,10432,False,True,False,4,0,False
urban_roundabout,100,1003,distributed_density_honest,,case-urban_roundabout-1003-veh_035-w0002,True,0,rsu-2,4,4,44.19625949057158,44.23566877864598,0,committed,27,10080,False,True,False,4,0,False
urban_roundabout,100,1003,distributed_density_honest,,case-urban_roundabout-1003-veh_067-w0002,True,0,rsu-4,4,4,44.29211309677489,44.32973717694392,0,committed,28,10432,False,True,False,4,0,False
urban_roundabout,100,1003,distributed_density_honest,,case-urban_roundabout-1003-veh_087-w0002,True,0,rsu-4,4,4,44.373851283628994,44.40571876742499,0,committed,27,10080,False,True,False,4,0,False
urban_roundabout,100,1003,distributed_density_honest,,case-urban_roundabout-1003-veh_090-w0002,True,0,rsu-4,4,4,44.45259467284618,44.49060238127692,0,committed,28,10432,False,True,False,4,0,False
urban_roundabout,100,1003,distributed_density_honest,,case-urban_roundabout-1003-veh_067-w0003,True,0,rsu-2,4,4,59.064616584261714,59.10749594508927,0,committed,29,10976,False,True,False,4,0,False
urban_roundabout,100,1003,distributed_density_honest,,case-urban_roundabout-1003-veh_087-w0003,True,0,rsu-3,4,4,59.16334214094199,59.20264839378939,0,committed,28,10432,False,True,False,4,0,False
urban_roundabout,100,1003,distributed_density_honest,,case-urban_roundabout-1003-veh_090-w0003,True,0,rsu-3,4,4,59.22318125513822,59.25522367321825,0,committed,27,10080,False,True,False,4,0,False
urban_roundabout,100,1004,distributed_density_honest,,case-urban_roundabout-1004-veh_003-w0000,True,0,rsu-2,4,4,14.046080685187345,14.078389846970891,0,committed,28,10432,False,True,False,4,0,False
urban_roundabout,100,1004,distributed_density_honest,,case-urban_roundabout-1004-veh_026-w0000,True,0,rsu-1,4,4,14.113300215527921,14.147555290581494,0,committed,28,10432,False,True,False,4,0,False
urban_roundabout,100,1004,distributed_density_honest,,case-urban_roundabout-1004-veh_003-w0001,True,0,rsu-2,4,4,29.044499046741944,29.08273700976907,0,committed,28,10432,False,True,False,4,0,False
urban_roundabout,100,1004,distributed_density_honest,,case-urban_roundabout-1004-veh_023-w0001,True,0,rsu-3,4,4,29.132034425360587,29.167499463189756,0,committed,27,10080,False,True,False,4,0,False
urban_roundabout,100,1004,distributed_density_honest,,case-urban_roundabout-1004-veh_026-w0001,True,0,rsu-3,4,4,29.20734997346671,29.246505690145643,0,committed,28,10432,False,True,False,4,0,False
urban_roundabout,100,1004,distributed_density_honest,,case-urban_roundabout-1004-veh_035-w0001,True,0,rsu-3,4,4,29.287213240255426,29.327703812667625,0,committed,28,10432,False,True,False,4,0,False
urban_roundabout,100,1004,distributed_density_honest,,case-urban_roundabout-1004-veh_055-w0001,True,0,rsu-2,4,4,29.38049495657578,29.416682222605964,0,committed,27,10080,False,True,False,4,0,False
urban_roundabout,100,1004,distributed_density_honest,,case-urban_roundabout-1004-veh_067-w0001,True,0,rsu-3,4,4,29.46349195717909,29.497777495860483,0,committed,28,10432,False,True,False,4,0,False
urban_roundabout,100,1004,distributed_density_honest,,case-urban_roundabout-1004-veh_090-w0001,True,0,rsu-2,4,4,29.535122347975275,29.571267423238847,0,committed,29,10784,False,True,False,4,0,False
urban_roundabout,100,1004,distributed_density_honest,,case-urban_roundabout-1004-veh_026-w0002,True,0,rsu-2,4,4,44.0348978174612,44.07440243794574,0,committed,28,10432,False,True,False,4,0,False
urban_roundabout,100,1004,distributed_density_honest,,case-urban_roundabout-1004-veh_035-w0002,True,0,rsu-1,4,4,44.11856848339038,44.157529450332945,0,committed,27,10080,False,True,False,4,0,False
urban_roundabout,100,1004,distributed_density_honest,,case-urban_roundabout-1004-veh_055-w0002,True,0,rsu-3,4,4,44.21218265084759,44.24670086652796,0,committed,28,10624,False,True,False,4,0,False
urban_roundabout,100,1004,distributed_density_honest,,case-urban_roundabout-1004-veh_067-w0002,True,0,rsu-4,4,4,44.32358888394134,44.363900959073874,0,committed,28,10624,False,True,False,4,0,False
urban_roundabout,100,1004,distributed_density_honest,,case-urban_roundabout-1004-veh_087-w0002,True,0,rsu-3,4,4,44.43679148118111,44.477632594384765,0,committed,27,10080,False,True,False,4,0,False
urban_roundabout,100,1004,distributed_density_honest,,case-urban_roundabout-1004-veh_090-w0002,True,0,rsu-1,4,4,44.52570098986801,44.56339845200639,0,committed,27,10080,False,True,False,4,0,False
urban_roundabout,100,1004,distributed_density_honest,,case-urban_roundabout-1004-veh_067-w0003,True,0,rsu-2,4,4,59.03856057030181,59.077603055096205,0,committed,27,10080,False,True,False,4,0,False
urban_roundabout,100,1004,distributed_density_honest,,case-urban_roundabout-1004-veh_090-w0003,True,0,rsu-2,4,4,59.10325717197884,59.135526190749474,0,committed,27,10080,False,True,False,4,0,False
urban_roundabout,100,1005,distributed_density_honest,,case-urban_roundabout-1005-veh_003-w0000,True,0,rsu-3,4,4,14.041633754085225,14.078496708076784,0,committed,27,10080,False,True,False,4,0,False
urban_roundabout,100,1005,distributed_density_honest,,case-urban_roundabout-1005-veh_023-w0000,True,0,rsu-2,4,4,14.122254946848528,14.158696343556546,0,committed,27,10080,False,True,False,4,0,False
urban_roundabout,100,1005,distributed_density_honest,,case-urban_roundabout-1005-veh_026-w0000,True,0,rsu-4,4,4,14.19393680091845,14.235686391190516,0,committed,28,10432,False,True,False,4,0,False
urban_roundabout,100,1005,distributed_density_honest,,case-urban_roundabout-1005-veh_003-w0001,True,0,rsu-3,4,4,29.04728034419228,29.08860273223428,0,committed,29,10976,False,True,False,4,0,False
urban_roundabout,100,1005,distributed_density_honest,,case-urban_roundabout-1005-veh_023-w0001,True,0,rsu-3,4,4,29.137566147309872,29.172954838499862,0,committed,28,10432,False,True,False,4,0,False
urban_roundabout,100,1005,distributed_density_honest,,case-urban_roundabout-1005-veh_026-w0001,True,0,rsu-4,4,4,29.221886955543006,29.261441801859718,0,committed,27,10080,False,True,False,4,0,False
urban_roundabout,100,1005,distributed_density_honest,,case-urban_roundabout-1005-veh_055-w0001,True,0,rsu-3,4,4,29.332846299828297,29.367292787548035,0,committed,27,10080,False,True,False,4,0,False
urban_roundabout,100,1005,distributed_density_honest,,case-urban_roundabout-1005-veh_067-w0001,True,0,rsu-4,4,4,29.417256565673146,29.45430737624521,0,committed,28,10432,False,True,False,4,0,False
urban_roundabout,100,1005,distributed_density_honest,,case-urban_roundabout-1005-veh_087-w0001,True,0,rsu-2,4,4,29.5096963527352,29.54784632758032,0,committed,27,10080,False,True,False,4,0,False
urban_roundabout,100,1005,distributed_density_honest,,case-urban_roundabout-1005-veh_090-w0001,True,0,rsu-4,4,4,29.59419483169741,29.63128982145469,0,committed,27,10080,False,True,False,4,0,False
urban_roundabout,100,1005,distributed_density_honest,,case-urban_roundabout-1005-veh_006-w0002,True,0,rsu-2,4,4,44.01296247257547,44.04722265378174,0,committed,27,10080,False,True,False,4,0,False
urban_roundabout,100,1005,distributed_density_honest,,case-urban_roundabout-1005-veh_026-w0002,True,0,rsu-3,4,4,44.08826751262028,44.12788172001114,0,committed,27,10080,False,True,False,4,0,False
urban_roundabout,100,1005,distributed_density_honest,,case-urban_roundabout-1005-veh_055-w0002,True,0,rsu-3,4,4,44.17333181303986,44.205837549999984,0,committed,27,10080,False,True,False,4,0,False
urban_roundabout,100,1005,distributed_density_honest,,case-urban_roundabout-1005-veh_067-w0002,True,0,rsu-4,4,4,44.283566427669065,44.31910780329425,0,committed,27,10080,False,True,False,4,0,False
urban_roundabout,100,1005,distributed_density_honest,,case-urban_roundabout-1005-veh_087-w0002,True,0,rsu-4,4,4,44.37534781130555,44.41554123544303,0,committed,27,10080,False,True,False,4,0,False
urban_roundabout,100,1005,distributed_density_honest,,case-urban_roundabout-1005-veh_090-w0002,True,0,rsu-1,4,4,44.4635083482662,44.50334144404409,0,committed,27,10080,False,True,False,4,0,False
urban_roundabout,100,1005,distributed_density_honest,,case-urban_roundabout-1005-veh_067-w0003,True,0,rsu-2,4,4,59.04332000566127,59.08379856065969,0,committed,28,10432,False,True,False,4,0,False
urban_roundabout,100,1005,distributed_density_honest,,case-urban_roundabout-1005-veh_087-w0003,True,0,rsu-4,4,4,59.13190434263898,59.17231993271294,0,committed,27,10080,False,True,False,4,0,False
urban_roundabout,100,1005,distributed_density_honest,,case-urban_roundabout-1005-veh_090-w0003,True,0,rsu-2,4,4,59.18933441022067,59.22653459488319,0,committed,27,10080,False,True,False,4,0,False
urban_roundabout,100,1006,distributed_density_honest,,case-urban_roundabout-1006-veh_003-w0000,True,0,rsu-1,4,4,14.044707094504572,14.082407720041008,0,committed,28,10624,False,True,False,4,0,False
urban_roundabout,100,1006,distributed_density_honest,,case-urban_roundabout-1006-veh_026-w0000,True,0,rsu-3,4,4,14.123849150786219,14.163505376227578,0,committed,28,10432,False,True,False,4,0,False
urban_roundabout,100,1006,distributed_density_honest,,case-urban_roundabout-1006-veh_003-w0001,True,0,rsu-1,4,4,29.040548168098915,29.071695867766017,0,committed,27,10080,False,True,False,4,0,False
urban_roundabout,100,1006,distributed_density_honest,,case-urban_roundabout-1006-veh_023-w0001,True,0,rsu-3,4,4,29.125417544409128,29.16351282844036,0,committed,27,10080,False,True,False,4,0,False
urban_roundabout,100,1006,distributed_density_honest,,case-urban_roundabout-1006-veh_026-w0001,True,0,rsu-4,4,4,29.24007102188467,29.276682247898737,0,committed,27,10080,False,True,False,4,0,False
urban_roundabout,100,1006,distributed_density_honest,,case-urban_roundabout-1006-veh_035-w0001,True,0,rsu-2,4,4,29.32532571416427,29.387157111487177,0,committed,31,11872,False,True,False,4,0,False
urban_roundabout,100,1006,distributed_density_honest,,case-urban_roundabout-1006-veh_055-w0001,True,0,rsu-1,4,4,29.445597229696745,29.482489843766214,0,committed,28,10432,False,True,False,4,0,False
urban_roundabout,100,1006,distributed_density_honest,,case-urban_roundabout-1006-veh_067-w0001,True,0,rsu-1,4,4,29.540879356648425,29.57494615065735,0,committed,27,10080,False,True,False,4,0,False
urban_roundabout,100,1006,distributed_density_honest,,case-urban_roundabout-1006-veh_090-w0001,True,0,rsu-1,4,4,29.611687622680506,29.652610917763717,0,committed,28,10432,False,True,False,4,0,False
urban_roundabout,100,1006,distributed_density_honest,,case-urban_roundabout-1006-veh_006-w0002,True,0,rsu-2,4,4,44.01591349064373,44.05349935587937,0,committed,28,10432,False,True,False,4,0,False
urban_roundabout,100,1006,distributed_density_honest,,case-urban_roundabout-1006-veh_026-w0002,True,0,rsu-3,4,4,44.09491315244311,44.13078920238291,0,committed,28,10432,False,True,False,4,0,False
urban_roundabout,100,1006,distributed_density_honest,,case-urban_roundabout-1006-veh_055-w0002,True,0,rsu-2,4,4,44.17760576111616,44.215824097456334,0,committed,28,10432,False,True,False,4,0,False
urban_roundabout,100,1006,distributed_density_honest,,case-urban_roundabout-1006-veh_067-w0002,True,0,rsu-3,4,4,44.264571948781025,44.307903535298394,0,committed,28,10432,False,True,False,4,0,False
urban_roundabout,100,1006,distributed_density_honest,,case-urban_roundabout-1006-veh_087-w0002,True,0,rsu-1,4,4,44.35998926062629,44.395588829218,0,committed,28,10432,False,True,False,4,0,False
urban_roundabout,100,1006,distributed_density_honest,,case-urban_roundabout-1006-veh_090-w0002,True,0,rsu-3,4,4,44.447442020333334,44.47915663163034,0,committed,27,10080,False,True,False,4,0,False
urban_roundabout,100,1006,distributed_density_honest,,case-urban_roundabout-1006-veh_067-w0003,True,0,rsu-1,4,4,59.07539943049272,59.11289075656979,0,committed,29,10784,False,True,False,4,0,False
urban_roundabout,100,1006,distributed_density_honest,,case-urban_roundabout-1006-veh_087-w0003,True,0,rsu-4,4,4,59.171575986084726,59.20783939550295,0,committed,27,10080,False,True,False,4,0,False
urban_roundabout,100,1006,distributed_density_honest,,case-urban_roundabout-1006-veh_090-w0003,True,0,rsu-3,4,4,59.2331320600861,59.27035004861979,0,committed,28,10432,False,True,False,4,0,False
urban_roundabout,100,1007,distributed_density_honest,,case-urban_roundabout-1007-veh_003-w0000,True,0,rsu-3,4,4,14.03694577069555,14.070708626943729,0,committed,27,10080,False,True,False,4,0,False
urban_roundabout,100,1007,distributed_density_honest,,case-urban_roundabout-1007-veh_023-w0000,True,0,rsu-3,4,4,14.099477739648005,14.136295545513532,0,committed,28,10432,False,True,False,4,0,False
urban_roundabout,100,1007,distributed_density_honest,,case-urban_roundabout-1007-veh_026-w0000,True,0,rsu-1,4,4,14.171418268008782,14.20895925906468,0,committed,27,10080,False,True,False,4,0,False
urban_roundabout,100,1007,distributed_density_honest,,case-urban_roundabout-1007-veh_003-w0001,True,0,rsu-3,4,4,29.044383678502758,29.08048141521924,0,committed,27,10080,False,True,False,4,0,False
urban_roundabout,100,1007,distributed_density_honest,,case-urban_roundabout-1007-veh_023-w0001,True,0,rsu-4,4,4,29.132294092385656,29.16622498771554,0,committed,27,10080,False,True,False,4,0,False
urban_roundabout,100,1007,distributed_density_honest,,case-urban_roundabout-1007-veh_026-w0001,True,0,rsu-3,4,4,29.213134716881065,29.25002455727293,0,committed,28,10432,False,True,False,4,0,False
urban_roundabout,100,1007,distributed_density_honest,,case-urban_roundabout-1007-veh_035-w0001,True,0,rsu-1,4,4,29.295861983917593,29.334856832526086,0,committed,28,10432,False,True,False,4,0,False
urban_roundabout,100,1007,distributed_density_honest,,case-urban_roundabout-1007-veh_055-w0001,True,0,rsu-4,4,4,29.389966462358846,29.426709386472776,0,committed,28,10432,False,True,False,4,0,False
urban_roundabout,100,1007,distributed_density_honest,,case-urban_roundabout-1007-veh_067-w0001,True,0,rsu-4,4,4,29.510734817504588,29.553291140448277,0,committed,28,10432,False,True,False,4,0,False
urban_roundabout,100,1007,distributed_density_honest,,case-urban_roundabout-1007-veh_090-w0001,True,0,rsu-3,4,4,29.619913962686358,29.658504317024413,0,committed,27,10080,False,True,False,4,0,False
urban_roundabout,100,1007,distributed_density_honest,,case-urban_roundabout-1007-veh_006-w0002,True,0,rsu-2,4,4,44.0143073260097,44.05375409020447,0,committed,27,10080,False,True,False,4,0,False
urban_roundabout,100,1007,distributed_density_honest,,case-urban_roundabout-1007-veh_026-w0002,True,0,rsu-2,4,4,44.08619776159499,44.125166523820454,0,committed,27,10080,False,True,False,4,0,False
urban_roundabout,100,1007,distributed_density_honest,,case-urban_roundabout-1007-veh_035-w0002,True,0,rsu-4,4,4,44.17321699072722,44.20871611445187,0,committed,27,10080,False,True,False,4,0,False
urban_roundabout,100,1007,distributed_density_honest,,case-urban_roundabout-1007-veh_055-w0002,True,0,rsu-3,4,4,44.26274669212497,44.29709562087166,0,committed,27,10080,False,True,False,4,0,False
urban_roundabout,100,1007,distributed_density_honest,,case-urban_roundabout-1007-veh_067-w0002,True,0,rsu-3,4,4,44.355877498343865,44.391779490303506,0,committed,27,10080,False,True,False,4,0,False
urban_roundabout,100,1007,distributed_density_honest,,case-urban_roundabout-1007-veh_087-w0002,True,0,rsu-3,4,4,44.43698329537819,44.477779755173316,0,committed,28,10432,False,True,False,4,0,False
urban_roundabout,100,1007,distributed_density_honest,,case-urban_roundabout-1007-veh_090-w0002,True,0,rsu-3,4,4,44.519887411766184,44.56243575289687,0,committed,28,10432,False,True,False,4,0,False
urban_roundabout,100,1007,distributed_density_honest,,case-urban_roundabout-1007-veh_067-w0003,True,0,rsu-2,4,4,59.05917223868366,59.096808405776926,0,committed,28,10432,False,True,False,4,0,False
urban_roundabout,100,1007,distributed_density_honest,,case-urban_roundabout-1007-veh_087-w0003,True,0,rsu-4,4,4,59.14275212010758,59.19193066493466,0,committed,28,10432,False,True,False,4,0,False
urban_roundabout,100,1007,distributed_density_honest,,case-urban_roundabout-1007-veh_090-w0003,True,0,rsu-3,4,4,59.236110870967764,59.273652091396535,0,committed,28,10432,False,True,False,4,0,False
urban_roundabout,100,1008,distributed_density_honest,,case-urban_roundabout-1008-veh_003-w0000,True,0,rsu-3,4,4,14.03850146481827,14.082924517903939,0,committed,27,10080,False,True,False,4,0,False
urban_roundabout,100,1008,distributed_density_honest,,case-urban_roundabout-1008-veh_023-w0000,True,0,rsu-4,4,4,14.135727166535856,14.173721414309757,0,committed,27,10080,False,True,False,4,0,False
urban_roundabout,100,1008,distributed_density_honest,,case-urban_roundabout-1008-veh_026-w0000,True,0,rsu-2,4,4,14.20666016364693,14.238805278405314,0,committed,27,10080,False,True,False,4,0,False
urban_roundabout,100,1008,distributed_density_honest,,case-urban_roundabout-1008-veh_003-w0001,True,0,rsu-3,4,4,29.041724046856437,29.08140059516497,0,committed,28,10432,False,True,False,4,0,False
urban_roundabout,100,1008,distributed_density_honest,,case-urban_roundabout-1008-veh_023-w0001,True,0,rsu-3,4,4,29.122539937669973,29.1586364486683,0,committed,27,10080,False,True,False,4,0,False
urban_roundabout,100,1008,distributed_density_honest,,case-urban_roundabout-1008-veh_026-w0001,True,0,rsu-2,4,4,29.206756418743222,29.240795771609356,0,committed,27,10080,False,True,False,4,0,False
urban_roundabout,100,1008,distributed_density_honest,,case-urban_roundabout-1008-veh_035-w0001,True,0,rsu-4,4,4,29.287760593827358,29.321232506555727,0,committed,27,10080,False,True,False,4,0,False
urban_roundabout,100,1008,distributed_density_honest,,case-urban_roundabout-1008-veh_055-w0001,True,0,rsu-2,4,4,29.370948133355864,29.413163405024825,0,committed,32,12032,False,True,False,4,0,False
urban_roundabout,100,1008,distributed_density_honest,,case-urban_roundabout-1008-veh_067-w0001,True,0,rsu-1,4,4,29.49532710527126,29.53541735633691,0,committed,28,10432,False,True,False,4,0,False
urban_roundabout,100,1008,distributed_density_honest,,case-urban_roundabout-1008-veh_090-w0001,True,0,rsu-3,4,4,29.581977513696156,29.617306495190615,0,committed,27,10080,False,True,False,4,0,False
urban_roundabout,100,1008,distributed_density_honest,,case-urban_roundabout-1008-veh_006-w0002,True,0,rsu-2,4,4,44.013951344981585,44.051144215822134,0,committed,27,10080,False,True,False,4,0,False
urban_roundabout,100,1008,distributed_density_honest,,case-urban_roundabout-1008-veh_026-w0002,True,0,rsu-3,4,4,44.09696617685157,44.14164759886881,0,committed,27,10080,False,True,False,4,0,False
urban_roundabout,100,1008,distributed_density_honest,,case-urban_roundabout-1008-veh_035-w0002,True,0,rsu-2,4,4,44.18725387191409,44.22994670155656,0,committed,29,10976,False,True,False,4,0,False
urban_roundabout,100,1008,distributed_density_honest,,case-urban_roundabout-1008-veh_067-w0002,True,0,rsu-1,4,4,44.283732285149014,44.316887986859136,0,committed,27,10080,False,True,False,4,0,False
urban_roundabout,100,1008,distributed_density_honest,,case-urban_roundabout-1008-veh_087-w0002,True,0,rsu-3,4,4,44.368772512845986,44.409000067900514,0,committed,28,10432,False,True,False,4,0,False
urban_roundabout,100,1008,distributed_density_honest,,case-urban_roundabout-1008-veh_090-w0002,True,0,rsu-1,4,4,44.457093976602394,44.49417489674692,0,committed,28,10432,False,True,False,4,0,False
urban_roundabout,100,1008,distributed_density_honest,,case-urban_roundabout-1008-veh_067-w0003,True,0,rsu-1,4,4,59.085034624209015,59.124446628403675,0,committed,27,10080,False,True,False,4,0,False
urban_roundabout,100,1008,distributed_density_honest,,case-urban_roundabout-1008-veh_087-w0003,True,0,rsu-2,4,4,59.16912945204133,59.2105279516696,0,committed,27,10080,False,True,False,4,0,False
urban_roundabout,100,1008,distributed_density_honest,,case-urban_roundabout-1008-veh_090-w0003,True,0,rsu-2,4,4,59.228493238187696,59.27361201789352,0,committed,28,10432,False,True,False,4,0,False
urban_roundabout,100,1009,distributed_density_honest,,case-urban_roundabout-1009-veh_023-w0000,True,0,rsu-2,4,4,14.028349575361634,14.066758520366179,0,committed,27,10080,False,True,False,4,0,False
urban_roundabout,100,1009,distributed_density_honest,,case-urban_roundabout-1009-veh_026-w0000,True,0,rsu-1,4,4,14.107112863426474,14.15459645021939,0,committed,29,10784,False,True,False,4,0,False
urban_roundabout,100,1009,distributed_density_honest,,case-urban_roundabout-1009-veh_003-w0001,True,0,rsu-4,4,4,29.043522142469698,29.07776149758344,0,committed,27,10080,False,True,False,4,0,False
urban_roundabout,100,1009,distributed_density_honest,,case-urban_roundabout-1009-veh_023-w0001,True,0,rsu-1,4,4,29.141235432869415,29.179461264860937,0,committed,27,10080,False,True,False,4,0,False
urban_roundabout,100,1009,distributed_density_honest,,case-urban_roundabout-1009-veh_026-w0001,True,0,rsu-1,4,4,29.220358497049965,29.254491737352943,0,committed,27,10080,False,True,False,4,0,False
urban_roundabout,100,1009,distributed_density_honest,,case-urban_roundabout-1009-veh_035-w0001,True,0,rsu-4,4,4,29.31100313834443,29.347695783609982,0,committed,27,10080,False,True,False,4,0,False
urban_roundabout,100,1009,distributed_density_honest,,case-urban_roundabout-1009-veh_055-w0001,True,0,rsu-2,4,4,29.401969464503615,29.4401721202972,0,committed,28,10432,False,True,False,4,0,False
urban_roundabout,100,1009,distributed_density_honest,,case-urban_roundabout-1009-veh_067-w0001,True,0,rsu-3,4,4,29.485309653386828,29.523023301621244,0,committed,27,10080,False,True,False,4,0,False
urban_roundabout,100,1009,distributed_density_honest,,case-urban_roundabout-1009-veh_090-w0001,True,0,rsu-1,4,4,29.56243649769238,29.603354107051082,0,committed,27,10080,False,True,False,4,0,False
urban_roundabout,100,1009,distributed_density_honest,,case-urban_roundabout-1009-veh_006-w0002,True,0,rsu-2,4,4,44.01449094448504,44.05145402151546,0,committed,27,10080,False,True,False,4,0,False
urban_roundabout,100,1009,distributed_density_honest,,case-urban_roundabout-1009-veh_026-w0002,True,0,rsu-2,4,4,44.0777510026563,44.1156462922011,0,committed,27,10080,False,True,False,4,0,False
urban_roundabout,100,1009,distributed_density_honest,,case-urban_roundabout-1009-veh_067-w0002,True,0,rsu-4,4,4,44.17086087089999,44.20466747450652,0,committed,27,10080,False,True,False,4,0,False
urban_roundabout,100,1009,distributed_density_honest,,case-urban_roundabout-1009-veh_087-w0002,True,0,rsu-1,4,4,44.25241461329529,44.29131944966243,0,committed,28,10432,False,True,False,4,0,False
urban_roundabout,100,1009,distributed_density_honest,,case-urban_roundabout-1009-veh_090-w0002,True,0,rsu-1,4,4,44.346787632331896,44.376521078552194,0,committed,27,10080,False,True,False,4,0,False
urban_roundabout,100,1009,distributed_density_honest,,case-urban_roundabout-1009-veh_067-w0003,True,0,rsu-2,4,4,59.05206124553711,59.0932650788942,0,committed,27,10080,False,True,False,4,0,False
urban_roundabout,100,1009,distributed_density_honest,,case-urban_roundabout-1009-veh_087-w0003,True,0,rsu-2,4,4,59.13736818181403,59.17320358304026,0,committed,29,10976,False,True,False,4,0,False
urban_roundabout,100,1009,distributed_density_honest,,case-urban_roundabout-1009-veh_090-w0003,True,0,rsu-1,4,4,59.2098739834096,59.24600879735125,0,committed,27,10080,False,True,False,4,0,False
urban_roundabout,100,1010,distributed_density_honest,,case-urban_roundabout-1010-veh_003-w0000,True,0,rsu-4,4,4,14.03875950355271,14.076337074456207,0,committed,27,10080,False,True,False,4,0,False
urban_roundabout,100,1010,distributed_density_honest,,case-urban_roundabout-1010-veh_023-w0000,True,0,rsu-4,4,4,14.100995664147197,14.136957990674345,0,committed,28,10432,False,True,False,4,0,False
urban_roundabout,100,1010,distributed_density_honest,,case-urban_roundabout-1010-veh_026-w0000,True,0,rsu-2,4,4,14.173271856092507,14.21437488511845,0,committed,27,10080,False,True,False,4,0,False
urban_roundabout,100,1010,distributed_density_honest,,case-urban_roundabout-1010-veh_003-w0001,True,0,rsu-2,4,4,29.039803115604236,29.070524078955145,0,committed,27,10080,False,True,False,4,0,False
urban_roundabout,100,1010,distributed_density_honest,,case-urban_roundabout-1010-veh_023-w0001,True,0,rsu-1,4,4,29.123558361886566,29.157319690755198,0,committed,27,10080,False,True,False,4,0,False
urban_roundabout,100,1010,distributed_density_honest,,case-urban_roundabout-1010-veh_026-w0001,True,0,rsu-3,4,4,29.209526270638094,29.24513980223083,0,committed,28,10432,False,True,False,4,0,False
urban_roundabout,100,1010,distributed_density_honest,,case-urban_roundabout-1010-veh_035-w0001,True,0,rsu-1,4,4,29.29634046206315,29.335953894923428,0,committed,27,10080,False,True,False,4,0,False
urban_roundabout,100,1010,distributed_density_honest,,case-urban_roundabout-1010-veh_067-w0001,True,0,rsu-3,4,4,29.402930551450247,29.435701364984904,0,committed,27,10080,False,True,False,4,0,False
urban_roundabout,100,1010,distributed_density_honest,,case-urban_roundabout-1010-veh_087-w0001,True,0,rsu-4,4,4,29.478231914827052,29.517435301525143,0,committed,27,10080,False,True,False,4,0,False
urban_roundabout,100,1010,distributed_density_honest,,case-urban_roundabout-1010-veh_090-w0001,True,0,rsu-4,4,4,29.541747578068158,29.583744889029628,0,committed,28,10432,False,True,False,4,0,False
urban_roundabout,100,1010,distributed_density_honest,,case-urban_roundabout-1010-veh_006-w0002,True,0,rsu-2,4,4,44.01539421106063,44.0630131304666,0,committed,28,10432,False,True,False,4,0,False
urban_roundabout,100,1010,distributed_density_honest,,case-urban_roundabout-1010-veh_026-w0002,True,0,rsu-3,4,4,44.108963364198274,44.15166958728124,0,committed,28,10432,False,True,False,4,0,False
urban_roundabout,100,1010,distributed_density_honest,,case-urban_roundabout-1010-veh_035-w0002,True,0,rsu-3,4,4,44.1856607471256,44.224815441083784,0,committed,28,10432,False,True,False,4,0,False
urban_roundabout,100,1010,distributed_density_honest,,case-urban_roundabout-1010-veh_055-w0002,True,0,rsu-1,4,4,44.279822184736204,44.316617228195646,0,committed,27,10080,False,True,False,4,0,False
urban_roundabout,100,1010,distributed_density_honest,,case-urban_roundabout-1010-veh_067-w0002,True,0,rsu-1,4,4,44.388053373639,44.4211688656078,0,committed,27,10080,False,True,False,4,0,False
urban_roundabout,100,1010,distributed_density_honest,,case-urban_roundabout-1010-veh_087-w0002,True,0,rsu-1,4,4,44.46078175412725,44.49466129055756,0,committed,27,10080,False,True,False,4,0,False
urban_roundabout,100,1010,distributed_density_honest,,case-urban_roundabout-1010-veh_090-w0002,True,0,rsu-2,4,4,44.54315042594451,44.58146938582694,0,committed,27,10080,False,True,False,4,0,False
urban_roundabout,100,1010,distributed_density_honest,,case-urban_roundabout-1010-veh_067-w0003,True,0,rsu-1,4,4,59.09509120899642,59.1302217821979,0,committed,27,10080,False,True,False,4,0,False
urban_roundabout,100,1010,distributed_density_honest,,case-urban_roundabout-1010-veh_087-w0003,True,0,rsu-1,4,4,59.15972597924455,59.189762804610936,0,committed,27,10080,False,True,False,4,0,False
urban_roundabout,100,1010,distributed_density_honest,,case-urban_roundabout-1010-veh_090-w0003,True,0,rsu-2,4,4,59.223342678627795,59.258753038646255,0,committed,28,10432,False,True,False,4,0,False
