topology,vehicle_count,seed,remote_architecture,backhaul_extra_latency_ms,shared_cases,classification_changes,agreement_rate
urban_roundabout,20,1001,centralized_remote_0ms_control,0.0,37,0,1.0
urban_roundabout,20,1001,centralized_remote_100ms,100.0,37,0,1.0
urban_roundabout,20,1002,centralized_remote_0ms_control,0.0,37,0,1.0
urban_roundabout,20,1002,centralized_remote_100ms,100.0,37,0,1.0
urban_roundabout,20,1003,centralized_remote_0ms_control,0.0,35,0,1.0
urban_roundabout,20,1003,centralized_remote_100ms,100.0,35,0,1.0
urban_roundabout,20,1004,centralized_remote_0ms_control,0.0,37,0,1.0
urban_roundabout,20,1004,centralized_remote_100ms,100.0,37,0,1.0
urban_roundabout,20,1005,centralized_remote_0ms_control,0.0,38,0,1.0
urban_roundabout,20,1005,centralized_remote_100ms,100.0,38,0,1.0
urban_roundabout,20,1006,centralized_remote_0ms_control,0.0,36,0,1.0
urban_roundabout,20,1006,centralized_remote_100ms,100.0,36,0,1.0
urban_roundabout,20,1007,centralized_remote_0ms_control,0.0,35,0,1.0
urban_roundabout,20,1007,centralized_remote_100ms,100.0,35,0,1.0
urban_roundabout,20,1008,centralized_remote_0ms_control,0.0,34,0,1.0
urban_roundabout,20,1008,centralized_remote_100ms,100.0,34,0,1.0
urban_roundabout,20,1009,centralized_remote_0ms_control,0.0,38,0,1.0
urban_roundabout,20,1009,centralized_remote_100ms,100.0,38,0,1.0
urban_roundabout,20,1010,centralized_remote_0ms_control,0.0,38,0,1.0
urban_roundabout,20,1010,centralized_remote_100ms,100.0,38,0,1.0
urban_roundabout,40,1001,centralized_remote_0ms_control,0.0,77,0,1.0
urban_roundabout,40,1001,centralized_remote_100ms,100.0,77,0,1.0
urban_roundabout,40,1002,centralized_remote_0ms_control,0.0,77,0,1.0
urban_roundabout,40,1002,centralized_remote_100ms,100.0,77,0,1.0
urban_roundabout,40,1003,centralized_remote_0ms_control,0.0,75,0,1.0
urban_roundabout,40,1003,centralized_remote_100ms,100.0,75,0,1.0
urban_roundabout,40,1004,centralized_remote_0ms_control,0.0,75,0,1.0
urban_roundabout,40,1004,centralized_remote_100ms,100.0,75,0,1.0
urban_roundabout,40,1005,centralized_remote_0ms_control,0.0,75,0,1.0
urban_roundabout,40,1005,centralized_remote_100ms,100.0,75,0,1.0
urban_roundabout,40,1006,centralized_remote_0ms_control,0.0,76,0,1.0
urban_roundabout,40,1006,centralized_remote_100ms,100.0,76,0,1.0
urban_roundabout,40,1007,centralized_remote_0ms_control,0.0,75,0,1.0
urban_roundabout,40,1007,centralized_remote_100ms,100.0,75,0,1.0
urban_roundabout,40,1008,centralized_remote_0ms_control,0.0,74,0,1.0
urban_roundabout,40,1008,centralized_remote_100ms,100.0,74,0,1.0
urban_roundabout,40,1009,centralized_remote_0ms_control,0.0,76,0,1.0
urban_roundabout,40,1009,centralized_remote_100ms,100.0,76,0,1.0
urban_roundabout,40,1010,centralized_remote_0ms_control,0.0,77,0,1.0
urban_roundabout,40,1010,centralized_remote_100ms,100.0,77,0,1.0
urban_roundabout,60,1001,centralized_remote_0ms_control,0.0,122,0,1.0
urban_roundabout,60,1001,centralized_remote_100ms,100.0,122,0,1.0
urban_roundabout,60,1002,centralized_remote_0ms_control,0.0,120,0,1.0
urban_roundabout,60,1002,centralized_remote_100ms,100.0,120,0,1.0
urban_roundabout,60,1003,centralized_remote_0ms_control,0.0,118,0,1.0
urban_roundabout,60,1003,centralized_remote_100ms,100.0,118,0,1.0
urban_roundabout,60,1004,centralized_remote_0ms_control,0.0,122,0,1.0
urban_roundabout,60,1004,centralized_remote_100ms,100.0,122,0,1.0
urban_roundabout,60,1005,centralized_remote_0ms_control,0.0,118,0,1.0
urban_roundabout,60,1005,centralized_remote_100ms,100.0,118,0,1.0
urban_roundabout,60,1006,centralized_remote_0ms_control,0.0,121,0,1.0
urban_roundabout,60,1006,centralized_remote_100ms,100.0,121,0,1.0
urban_roundabout,60,1007,centralized_remote_0ms_control,0.0,118,0,1.0
urban_roundabout,60,1007,centralized_remote_100ms,100.0,118,0,1.0
urban_roundabout,60,1008,centralized_remote_0ms_control,0.0,117,0,1.0
urban_roundabout,60,1008,centralized_remote_100ms,100.0,117,0,1.0
urban_roundabout,60,1009,centralized_remote_0ms_control,0.0,119,0,1.0
urban_roundabout,60,1009,centralized_remote_100ms,100.0,119,0,1.0
urban_roundabout,60,1010,centralized_remote_0ms_control,0.0,120,0,1.0
urban_roundabout,60,1010,centralized_remote_100ms,100.0,120,0,1.0
urban_roundabout,80,1001,centralized_remote_0ms_control,0.0,158,0,1.0
urban_roundabout,80,1001,centralized_remote_100ms,100.0,158,0,1.0
urban_roundabout,80,1002,centralized_remote_0ms_control,0.0,157,0,1.0
urban_roundabout,80,1002,centralized_remote_100ms,100.0,157,0,1.0
urban_roundabout,80,1003,centralized_remote_0ms_control,0.0,157,0,1.0
urban_roundabout,80,1003,centralized_remote_100ms,100.0,157,0,1.0
urban_roundabout,80,1004,centralized_remote_0ms_control,0.0,160,0,1.0
urban_roundabout,80,1004,centralized_remote_100ms,100.0,160,0,1.0
urban_roundabout,80,1005,centralized_remote_0ms_control,0.0,158,0,1.0
urban_roundabout,80,1005,centralized_remote_100ms,100.0,158,0,1.0
urban_roundabout,80,1006,centralized_remote_0ms_control,0.0,161,0,1.0
urban_roundabout,80,1006,centralized_remote_100ms,100.0,161,0,1.0
urban_roundabout,80,1007,centralized_remote_0ms_control,0.0,159,0,1.0
urban_roundabout,80,1007,centralized_remote_100ms,100.0,159,0,1.0
urban_roundabout,80,1008,centralized_remote_0ms_control,0.0,157,0,1.0
urban_roundabout,80,1008,centralized_remote_100ms,100.0,157,0,1.0
urban_roundabout,80,1009,centralized_remote_0ms_control,0.0,160,0,1.0
urban_roundabout,80,1009,centralized_remote_100ms,100.0,160,0,1.0
urban_roundabout,80,1010,centralized_remote_0ms_control,0.0,160,0,1.0
urban_roundabout,80,1010,centralized_remote_100ms,100.0,160,0,1.0
urban_roundabout,100,1001,centralized_remote_0ms_control,0.0,202,0,1.0
urban_roundabout,100,1001,centralized_remote_100ms,100.0,202,0,1.0
urban_roundabout,100,1002,centralized_remote_0ms_control,0.0,201,0,1.0
urban_roundabout,100,1002,centralized_remote_100ms,100.0,201,0,1.0
urban_roundabout,100,1003,centralized_remote_0ms_control,0.0,200,0,1.0
urban_roundabout,100,1003,centralized_remote_100ms,100.0,200,0,1.0
urban_roundabout,100,1004,centralized_remote_0ms_control,0.0,203,0,1.0
urban_roundabout,100,1004,centralized_remote_100ms,100.0,203,0,1.0
urban_roundabout,100,1005,centralized_remote_0ms_control,0.0,200,0,1.0
urban_roundabout,100,1005,centralized_remote_100ms,100.0,200,0,1.0
urban_roundabout,100,1006,centralized_remote_0ms_control,0.0,205,0,1.0
urban_roundabout,100,1006,centralized_remote_100ms,100.0,205,0,1.0
urban_roundabout,100,1007,centralized_remote_0ms_control,0.0,201,0,1.0
urban_roundabout,100,1007,centralized_remote_100ms,100.0,201,0,1.0
urban_roundabout,100,1008,centralized_remote_0ms_control,0.0,201,0,1.0
urban_roundabout,100,1008,centralized_remote_100ms,100.0,201,0,1.0
urban_roundabout,100,1009,centralized_remote_0ms_control,0.0,203,0,1.0
urban_roundabout,100,1009,centralized_remote_100ms,100.0,203,0,1.0
urban_roundabout,100,1010,centralized_remote_0ms_control,0.0,201,0,1.0
urban_roundabout,100,1010,centralized_remote_100ms,100.0,201,0,1.0
