topology,seed,requested_vehicle_count,observed_vehicle_count,ttl_seconds,interactions,mean_active_vehicles,peak_active_vehicles,cache_hits,cache_misses,cache_hit_rate,v2i_queries,v2i_queries_avoided,query_failures,accepted,rejected,anomaly_escalations,stale_trust_acceptances,stale_acceptance_rate,authorization_latency_mean_ms,authorization_latency_p95_ms,messages_total,messages_per_interaction,bytes_total,bytes_per_interaction,cache_entries_final,cache_entries_peak
urban_roundabout,1001,20,20,0.0,1570,17.8,20,0,1570,0.0,1570,0,0,1408,162,22,0,0.0,16.863022161770616,23.976122459475846,3215,2.0477707006369426,2262912,1441.3452229299362,77,77
urban_roundabout,1001,20,20,1.0,1570,17.8,20,752,818,0.4789808917197452,818,752,0,1400,170,29,1,0.0006369426751592356,8.980773640435238,22.354421266192404,1661,1.0579617834394905,1166208,742.807643312102,77,77
urban_roundabout,1001,20,20,2.0,1570,17.8,20,1003,567,0.6388535031847133,567,1003,0,1401,169,29,1,0.0006369426751592356,6.2724253150708975,22.05319619165937,1168,0.7439490445859872,826752,526.5936305732484,77,77
urban_roundabout,1001,20,20,5.0,1570,17.8,20,1247,323,0.7942675159235669,323,1247,0,1404,166,30,3,0.001910828025477707,3.680922445531034,20.089090254039732,657,0.41847133757961785,462976,294.8891719745223,77,77
urban_roundabout,1001,20,20,10.0,1570,17.8,20,1361,209,0.8668789808917198,209,1361,0,1400,170,31,1,0.0006369426751592356,2.4416138418221234,18.122328137146845,425,0.27070063694267515,299648,190.85859872611465,77,77
urban_roundabout,1001,20,20,30.0,1570,17.8,20,1437,133,0.9152866242038217,133,1437,0,1428,142,33,30,0.01910828025477707,1.6785706161235254,15.679644505228651,270,0.17197452229299362,191872,122.21146496815287,77,77
urban_roundabout,1002,20,20,0.0,1523,17.8,20,0,1523,0.0,1523,0,0,1287,236,29,0,0.0,16.979105981058897,24.137633422121496,3120,2.0485883125410376,2199168,1443.9711096520027,68,68
urban_roundabout,1002,20,20,1.0,1523,17.8,20,727,796,0.47734734077478663,796,727,0,1292,231,22,1,0.0006565988181221273,9.127332660692106,22.899883006769883,1625,1.066973079448457,1143552,750.854891661195,68,68
urban_roundabout,1002,20,20,2.0,1523,17.8,20,965,558,0.6336178594878529,558,965,0,1289,234,31,4,0.0026263952724885093,6.2688791398023165,21.529965561528996,1134,0.7445830597504924,801024,525.951411687459,68,68
urban_roundabout,1002,20,20,5.0,1523,17.8,20,1205,318,0.7912015758371634,318,1205,0,1300,223,27,12,0.007879185817465528,3.6457140953019396,19.266208479584176,649,0.4261326329612607,456448,299.7032173342088,68,68
urban_roundabout,1002,20,20,10.0,1523,17.8,20,1311,212,0.860801050558109,212,1311,0,1300,223,38,23,0.015101772816808929,2.5193815703237794,18.019760304063933,427,0.28036769533814837,301056,197.6730137885752,68,68
urban_roundabout,1002,20,20,30.0,1523,17.8,20,1403,120,0.9212081418253447,120,1403,0,1316,207,27,28,0.018384766907419567,1.5972442088909389,15.586146717269491,244,0.16021011162179907,172672,113.37623112278398,68,68
urban_roundabout,1003,20,20,0.0,1534,17.8,20,0,1534,0.0,1534,0,0,1362,172,37,0,0.0,16.895586668017597,24.11446308236691,3127,2.0384615384615383,2200064,1434.200782268579,65,65
urban_roundabout,1003,20,20,1.0,1534,17.8,20,741,793,0.4830508474576271,793,741,0,1372,162,30,2,0.001303780964797914,8.739941586706513,22.147611190150222,1616,1.0534550195567145,1141248,743.9687092568448,65,65
urban_roundabout,1003,20,20,2.0,1534,17.8,20,978,556,0.6375488917861799,556,978,0,1368,166,41,4,0.002607561929595828,6.298556090123302,21.664388262728096,1141,0.7438070404172099,801920,522.7640156453716,65,65
urban_roundabout,1003,20,20,5.0,1534,17.8,20,1231,303,0.8024771838331161,303,1231,0,1387,147,25,10,0.00651890482398957,3.5760863648360917,20.02369046770624,619,0.40352020860495436,435328,283.78617992177317,65,65
urban_roundabout,1003,20,20,10.0,1534,17.8,20,1337,197,0.8715775749674055,197,1337,0,1372,162,40,12,0.007822685788787484,2.361607512364003,17.713989855290166,405,0.26401564537157757,284672,185.5749674054759,65,65
urban_roundabout,1003,20,20,30.0,1534,17.8,20,1412,122,0.9204693611473272,122,1412,0,1386,148,37,23,0.01499348109517601,1.5987638264112307,15.779728634490194,250,0.16297262059973924,176000,114.73272490221643,65,65
urban_roundabout,1004,20,20,0.0,1556,17.8,20,0,1556,0.0,1556,0,0,1437,119,33,0,0.0,17.183963475955423,24.790310558775452,3183,2.045629820051414,2237696,1438.1079691516709,80,80
urban_roundabout,1004,20,20,1.0,1556,17.8,20,742,814,0.4768637532133676,814,742,0,1438,118,32,0,0.0,9.169176564351783,23.04650332544611,1672,1.0745501285347043,1177984,757.0591259640103,80,80
urban_roundabout,1004,20,20,2.0,1556,17.8,20,985,571,0.6330334190231363,571,985,0,1445,111,26,1,0.0006426735218508997,6.453532835865719,21.798013140607253,1170,0.7519280205655527,827264,531.6606683804628,80,80
urban_roundabout,1004,20,20,5.0,1556,17.8,20,1237,319,0.7949871465295629,319,1237,0,1447,109,25,3,0.0019280205655526992,3.673411724821552,19.807150983176314,653,0.41966580976863754,457472,294.0051413881748,80,80
urban_roundabout,1004,20,20,10.0,1556,17.8,20,1344,212,0.8637532133676092,212,1344,0,1455,101,23,8,0.005141388174807198,2.491644528214211,18.65985138033821,432,0.2776349614395887,302336,194.30334190231363,80,80
urban_roundabout,1004,20,20,30.0,1556,17.8,20,1424,132,0.9151670951156813,132,1424,0,1445,111,29,3,0.0019280205655526992,1.6671907125753802,15.67456801345335,272,0.17480719794344474,189696,121.91259640102828,80,80
urban_roundabout,1005,20,20,0.0,1545,17.8,20,0,1545,0.0,1545,0,0,1359,186,36,0,0.0,17.117227879741087,24.352501242432815,3158,2.0440129449838187,2227712,1441.884789644013,81,81
urban_roundabout,1005,20,20,1.0,1545,17.8,20,733,812,0.47443365695792883,812,733,0,1361,184,35,2,0.0012944983818770227,8.973454298181412,22.531981312197047,1665,1.0776699029126213,1174400,760.1294498381877,81,81
urban_roundabout,1005,20,20,2.0,1545,17.8,20,982,563,0.6355987055016181,563,982,0,1370,175,27,3,0.001941747572815534,6.349679186108551,21.642754855547253,1147,0.7423948220064724,806144,521.7760517799353,81,81
urban_roundabout,1005,20,20,5.0,1545,17.8,20,1214,331,0.7857605177993527,331,1214,0,1365,180,41,8,0.005177993527508091,3.7669268504394537,19.711268148012095,672,0.4349514563106796,470400,304.4660194174757,81,81
urban_roundabout,1005,20,20,10.0,1545,17.8,20,1330,215,0.86084142394822,215,1330,0,1364,181,36,6,0.003883495145631068,2.5816789898041606,18.30276572311788,436,0.2822006472491909,306944,198.66925566343042,81,81
urban_roundabout,1005,20,20,30.0,1545,17.8,20,1414,131,0.915210355987055,131,1414,0,1401,144,32,38,0.02459546925566343,1.6459414472748055,15.610979177480989,265,0.1715210355987055,187008,121.04077669902912,81,81
urban_roundabout,1006,20,20,0.0,1557,17.8,20,0,1557,0.0,1557,0,0,1403,154,19,0,0.0,16.68962744731842,23.92070401358807,3176,2.039820166987797,2243072,1440.6371226718047,71,71
urban_roundabout,1006,20,20,1.0,1557,17.8,20,748,809,0.48041104688503533,809,748,0,1391,166,35,2,0.0012845215157353885,8.87670199322893,22.31745286402712,1646,1.0571612074502248,1157888,743.6660244059088,71,71
urban_roundabout,1006,20,20,2.0,1557,17.8,20,993,564,0.6377649325626205,564,993,0,1393,164,35,4,0.002569043031470777,6.290803979850964,21.248385221559825,1148,0.737315350032113,810880,520.7964033397559,71,71
urban_roundabout,1006,20,20,5.0,1557,17.8,20,1246,311,0.8002569043031471,311,1246,0,1403,154,27,7,0.00449582530507386,3.6086414936247517,19.602417577837596,630,0.4046242774566474,442624,284.2800256904303,71,71
urban_roundabout,1006,20,20,10.0,1557,17.8,20,1352,205,0.8683365446371226,205,1352,0,1410,147,30,17,0.010918432883750802,2.378729134851302,17.45967081047577,416,0.26718047527296085,292864,188.09505459216442,71,71
urban_roundabout,1006,20,20,30.0,1557,17.8,20,1433,124,0.9203596660244059,124,1433,0,1432,125,30,37,0.023763648041104687,1.5229613058240283,15.435639826428366,252,0.16184971098265896,178304,114.51766217084136,71,71
urban_roundabout,1007,20,20,0.0,1537,17.8,20,0,1537,0.0,1537,0,0,1276,261,28,0,0.0,16.88569216486039,24.03491641125298,3127,2.0344827586206895,2200064,1431.4014313597918,72,72
urban_roundabout,1007,20,20,1.0,1537,17.8,20,728,809,0.47364996746909566,809,728,0,1282,255,26,2,0.0013012361743656475,9.049347007708311,22.31720861472297,1645,1.070266753415745,1159424,754.3422251138581,72,72
urban_roundabout,1007,20,20,2.0,1537,17.8,20,977,560,0.6356538711776187,560,977,0,1279,258,31,3,0.001951854261548471,6.336233403963652,21.69787687026314,1148,0.7469095640858816,809088,526.4072869225764,72,72
urban_roundabout,1007,20,20,5.0,1537,17.8,20,1221,316,0.7944046844502277,316,1221,0,1286,251,31,11,0.0071567989590110605,3.6931363389426193,20.019088588814782,650,0.4229017566688354,454912,295.9739752765127,72,72
urban_roundabout,1007,20,20,10.0,1537,17.8,20,1332,205,0.8666232921275211,205,1332,0,1282,255,25,2,0.0013012361743656475,2.4450120413554313,18.242293041237176,416,0.27065712426805466,291072,189.37670787247885,72,72
urban_roundabout,1007,20,20,30.0,1537,17.8,20,1412,125,0.9186727391021471,125,1412,0,1341,196,28,63,0.04098893949251789,1.577667579614507,14.811339200628725,254,0.1652569941444372,178816,116.3409238776838,72,72
urban_roundabout,1008,20,20,0.0,1575,17.8,20,0,1575,0.0,1575,0,0,1315,260,39,0,0.0,17.115000885326435,24.704391541819955,3230,2.0507936507936506,2268544,1440.3453968253968,78,78
urban_roundabout,1008,20,20,1.0,1575,17.8,20,751,824,0.4768253968253968,824,751,0,1311,264,40,2,0.0012698412698412698,8.874806072782201,22.648102781223038,1683,1.0685714285714285,1187072,753.6965079365079,78,78
urban_roundabout,1008,20,20,2.0,1575,17.8,20,999,576,0.6342857142857142,576,999,0,1319,256,35,4,0.0025396825396825397,6.335975696868154,21.407654395328276,1175,0.746031746031746,827648,525.4907936507936,78,78
urban_roundabout,1008,20,20,5.0,1575,17.8,20,1247,328,0.7917460317460318,328,1247,0,1326,249,32,12,0.007619047619047619,3.8735387881728776,20.888995493773876,672,0.4266666666666667,470400,298.6666666666667,78,78
urban_roundabout,1008,20,20,10.0,1575,17.8,20,1356,219,0.8609523809523809,219,1356,0,1337,238,30,19,0.012063492063492064,2.568118247901251,18.382207163365738,445,0.28253968253968254,311040,197.4857142857143,78,78
urban_roundabout,1008,20,20,30.0,1575,17.8,20,1444,131,0.9168253968253969,131,1444,0,1384,191,26,64,0.040634920634920635,1.6455506981880303,15.481174522359698,269,0.1707936507936508,189824,120.52317460317461,78,78
urban_roundabout,1009,20,20,0.0,1564,17.8,20,0,1564,0.0,1564,0,0,1354,210,26,0,0.0,17.074341917241675,24.023994491097326,3187,2.03772378516624,2244096,1434.843989769821,68,68
urban_roundabout,1009,20,20,1.0,1564,17.8,20,741,823,0.47378516624040923,823,741,0,1352,212,33,3,0.0019181585677749361,8.999443568821155,22.35028692367926,1669,1.0671355498721227,1170944,748.6854219948849,68,68
urban_roundabout,1009,20,20,2.0,1564,17.8,20,989,575,0.6323529411764706,575,989,0,1351,213,35,4,0.0025575447570332483,6.449863723938364,21.43970810504782,1180,0.7544757033248082,828928,530.0051150895141,68,68
urban_roundabout,1009,20,20,5.0,1564,17.8,20,1237,327,0.790920716112532,327,1237,0,1348,216,40,8,0.005115089514066497,3.7901087739805748,19.937984351771828,670,0.42838874680306904,472576,302.15856777493605,68,68
urban_roundabout,1009,20,20,10.0,1564,17.8,20,1352,212,0.8644501278772379,212,1352,0,1364,200,34,15,0.00959079283887468,2.5111872925924517,18.71438160404874,438,0.28005115089514065,304768,194.86445012787723,68,68
urban_roundabout,1009,20,20,30.0,1564,17.8,20,1436,128,0.9181585677749361,128,1436,0,1389,175,31,39,0.024936061381074168,1.6332562408126565,16.07762707453233,261,0.16687979539641945,184192,117.769820971867,68,68
urban_roundabout,1010,20,20,0.0,1570,17.8,20,0,1570,0.0,1570,0,0,1366,204,45,0,0.0,16.871179908725964,23.74488782773767,3196,2.035668789808917,2249088,1432.540127388535,68,68
urban_roundabout,1010,20,20,1.0,1570,17.8,20,749,821,0.4770700636942675,821,749,0,1385,185,26,1,0.0006369426751592356,8.888003247185024,22.06734424429992,1666,1.0611464968152866,1174656,748.1885350318471,68,68
urban_roundabout,1010,20,20,2.0,1570,17.8,20,998,572,0.6356687898089172,572,998,0,1385,185,29,2,0.0012738853503184713,6.272646545272999,21.32027552840796,1165,0.7420382165605095,817920,520.968152866242,68,68
urban_roundabout,1010,20,20,5.0,1570,17.8,20,1248,322,0.7949044585987262,322,1248,0,1384,186,32,3,0.001910828025477707,3.671173989338744,19.78966670714204,657,0.41847133757961785,461184,293.7477707006369,68,68
urban_roundabout,1010,20,20,10.0,1570,17.8,20,1360,210,0.8662420382165605,210,1360,0,1390,180,29,7,0.0044585987261146496,2.464922667296827,17.69561580970648,433,0.27579617834394904,305280,194.44585987261146,68,68
urban_roundabout,1010,20,20,30.0,1570,17.8,20,1445,125,0.9203821656050956,125,1445,0,1408,162,29,27,0.017197452229299363,1.5453294482098388,15.296150174535269,257,0.16369426751592356,180480,114.95541401273886,68,68
urban_roundabout,1001,40,40,0.0,3306,35.463157894736845,40,0,3306,0.0,3306,0,0,3112,194,53,0,0.0,16.88190531501865,24.07229174536574,6764,2.045977011494253,4768128,1442.2649727767696,193,193
urban_roundabout,1001,40,40,1.0,3306,35.463157894736845,40,1539,1767,0.46551724137931033,1767,1539,0,3102,204,64,2,0.0006049606775559589,9.161599816689915,22.37380092533492,3597,1.088021778584392,2526464,764.205686630369,193,193
urban_roundabout,1001,40,40,2.0,3306,35.463157894736845,40,2056,1250,0.6218995765275257,1250,2056,0,3109,197,60,6,0.0018148820326678765,6.622375482699809,22.285082196036754,2568,0.7767695099818511,1812352,548.2008469449486,193,193
urban_roundabout,1001,40,40,5.0,3306,35.463157894736845,40,2565,741,0.7758620689655172,741,2565,0,3101,205,71,9,0.0027223230490018148,3.9880603502183654,20.30872182778154,1510,0.45674531155474896,1065728,322.36176648517846,193,193
urban_roundabout,1001,40,40,10.0,3306,35.463157894736845,40,2799,507,0.8466424682395645,507,2799,0,3107,199,68,7,0.002117362371445856,2.781009114298194,18.820122674490847,1032,0.3121597096188748,725632,219.48941318814278,193,193
urban_roundabout,1001,40,40,30.0,3306,35.463157894736845,40,2998,308,0.9068360556563824,308,2998,0,3143,163,52,31,0.009376890502117362,1.8333749795940046,16.762290568557603,628,0.1899576527525711,442112,133.73018753781005,193,193
urban_roundabout,1002,40,40,0.0,3345,35.43157894736842,40,0,3345,0.0,3345,0,0,3101,244,75,0,0.0,17.03018087527886,24.169186487466728,6842,2.045440956651719,4819456,1440.7940209267563,192,192
urban_roundabout,1002,40,40,1.0,3345,35.43157894736842,40,1544,1801,0.4615844544095665,1801,1544,0,3101,244,78,3,0.0008968609865470852,9.330611111025373,22.884203331666686,3673,1.0980568011958147,2579968,771.2908819133035,192,192
urban_roundabout,1002,40,40,2.0,3345,35.43157894736842,40,2073,1272,0.6197309417040359,1272,2073,0,3107,238,72,1,0.00029895366218236175,6.609031907505153,21.72994050518824,2597,0.7763826606875934,1835904,548.8502242152466,192,192
urban_roundabout,1002,40,40,5.0,3345,35.43157894736842,40,2594,751,0.7754857997010464,751,2594,0,3117,228,67,6,0.0017937219730941704,3.984709623264274,20.006208944478487,1535,0.4588938714499253,1076608,321.8559043348281,192,192
urban_roundabout,1002,40,40,10.0,3345,35.43157894736842,40,2825,520,0.8445440956651719,520,2825,0,3109,236,72,6,0.0017937219730941704,2.807795277869556,18.437529868242564,1062,0.31748878923766816,748544,223.77997010463378,192,192
urban_roundabout,1002,40,40,30.0,3345,35.43157894736842,40,3022,323,0.9034379671150972,323,3022,0,3163,182,62,43,0.012855007473841554,1.9105316532240117,17.297408348024444,666,0.19910313901345292,470656,140.70433482810165,192,192
urban_roundabout,1003,40,40,0.0,3307,35.43157894736842,40,0,3307,0.0,3307,0,0,3186,121,71,0,0.0,16.828472576364454,24.144019529231286,6744,2.039310553371636,4740608,1433.507106138494,193,193
urban_roundabout,1003,40,40,1.0,3307,35.43157894736842,40,1532,1775,0.4632597520411249,1775,1532,0,3187,120,70,0,0.0,9.13773552664763,22.465441480719406,3627,1.0967644390686422,2554752,772.5285757484124,193,193
urban_roundabout,1003,40,40,2.0,3307,35.43157894736842,40,2053,1254,0.6208043543997581,1254,2053,0,3190,117,68,2,0.0006047777441790142,6.537215507225613,21.65359181444728,2565,0.7756274569095857,1803520,545.3643785908679,193,193
urban_roundabout,1003,40,40,5.0,3307,35.43157894736842,40,2560,747,0.7741155125491382,747,2560,0,3182,125,77,1,0.0003023888720895071,4.013551507516303,20.07813825807343,1522,0.4602358633202298,1071488,324.0060477774418,193,193
urban_roundabout,1003,40,40,10.0,3307,35.43157894736842,40,2806,501,0.848503175083157,501,2806,0,3195,112,64,3,0.0009071666162685213,2.747869844469078,18.390113417737552,1025,0.3099485938917448,722048,218.33928031448443,193,193
urban_roundabout,1003,40,40,30.0,3307,35.43157894736842,40,2980,327,0.9011188388267312,327,2980,0,3201,106,77,22,0.006652555185969156,1.9212831416189091,17.18000595809652,667,0.20169337768370124,467328,141.31478681584517,193,193
urban_roundabout,1004,40,40,0.0,3345,35.44210526315789,40,0,3345,0.0,3345,0,0,3220,125,66,0,0.0,17.080978043611474,24.35472619344523,6843,2.0457399103139013,4816128,1439.7991031390134,228,228
urban_roundabout,1004,40,40,1.0,3345,35.44210526315789,40,1538,1807,0.45979073243647234,1807,1538,0,3219,126,67,0,0.0,9.341022739288519,22.82409461075545,3695,1.1046337817638265,2605312,778.8675635276533,228,228
urban_roundabout,1004,40,40,2.0,3345,35.44210526315789,40,2055,1290,0.6143497757847534,1290,2055,1,3230,115,57,2,0.0005979073243647235,6.7374555571422645,21.95932748219036,2641,0.7895366218236174,1866880,558.1106128550075,228,228
urban_roundabout,1004,40,40,5.0,3345,35.44210526315789,40,2570,775,0.7683109118086696,775,2570,0,3220,125,68,2,0.0005979073243647235,4.114517917290821,20.14918343667062,1579,0.4720478325859492,1112064,332.4556053811659,228,228
urban_roundabout,1004,40,40,10.0,3345,35.44210526315789,40,2812,533,0.8406576980568012,533,2812,0,3242,103,52,6,0.0017937219730941704,2.9006715372803176,19.083353580093384,1092,0.32645739910313903,766080,229.02242152466368,228,228
urban_roundabout,1004,40,40,30.0,3345,35.44210526315789,40,2990,355,0.8938714499252616,355,2990,0,3223,122,76,11,0.003288490284005979,2.0337727095546576,17.050190211600125,731,0.21853512705530642,512384,153.17907324364722,228,228
urban_roundabout,1005,40,40,0.0,3325,35.43157894736842,40,0,3325,0.0,3325,0,0,3158,167,63,0,0.0,16.92708594977891,24.567684605224827,6793,2.0430075187969923,4791680,1441.1067669172933,199,199
urban_roundabout,1005,40,40,1.0,3325,35.43157894736842,40,1553,1772,0.46706766917293235,1772,1553,1,3158,167,65,1,0.0003007518796992481,9.127998043530535,22.527148467008118,3619,1.088421052631579,2549120,766.6526315789474,199,199
urban_roundabout,1005,40,40,2.0,3325,35.43157894736842,40,2067,1258,0.6216541353383459,1258,2067,0,3143,182,82,4,0.0012030075187969924,6.56292714351245,21.697218971904064,2554,0.7681203007518796,1796224,540.2177443609022,199,199
urban_roundabout,1005,40,40,5.0,3325,35.43157894736842,40,2592,733,0.7795488721804511,733,2592,0,3164,161,62,3,0.0009022556390977444,3.9202134520955156,20.176160490458976,1493,0.44902255639097743,1049728,315.70766917293236,199,199
urban_roundabout,1005,40,40,10.0,3325,35.43157894736842,40,2829,496,0.8508270676691729,496,2829,0,3162,163,61,2,0.0006015037593984962,2.7372137616192327,18.634134816787192,1015,0.30526315789473685,715008,215.04,199,199
urban_roundabout,1005,40,40,30.0,3325,35.43157894736842,40,2994,331,0.9004511278195488,331,2994,0,3181,144,75,34,0.010225563909774436,1.9306726652234196,17.192031884913913,678,0.20390977443609024,478208,143.82195488721806,199,199
urban_roundabout,1006,40,40,0.0,3311,35.44210526315789,40,0,3311,0.0,3311,0,0,3100,211,72,0,0.0,16.71078691784079,24.01507409796011,6750,2.0386590154032014,4754688,1436.027786167321,192,192
urban_roundabout,1006,40,40,1.0,3311,35.44210526315789,40,1550,1761,0.46813651464814254,1761,1550,0,3117,194,58,1,0.0003020235578375113,9.140719133084554,22.48250760564474,3592,1.0848686197523407,2530560,764.2887345212927,192,192
urban_roundabout,1006,40,40,2.0,3311,35.44210526315789,40,2072,1239,0.6257928118393234,1239,2072,0,3115,196,63,5,0.0015101177891875567,6.5019986547335,21.774626659571084,2526,0.7629115070975536,1784576,538.9839927514346,192,192
urban_roundabout,1006,40,40,5.0,3311,35.44210526315789,40,2578,733,0.7786167321051042,733,2578,0,3122,189,56,5,0.0015101177891875567,3.9461923671396257,19.98241077798646,1496,0.45182724252491696,1053184,318.0863787375415,192,192
urban_roundabout,1006,40,40,10.0,3311,35.44210526315789,40,2808,503,0.8480821504077318,503,2808,0,3110,201,76,9,0.002718212020537602,2.737514975889317,18.189869150063487,1030,0.31108426457263666,722432,218.19148293566897,192,192
urban_roundabout,1006,40,40,30.0,3311,35.44210526315789,40,2977,334,0.8991241316822712,334,2977,0,3127,184,85,32,0.009664753850800362,1.933727713913685,16.854445501383708,679,0.20507399577167018,478464,144.507399577167,192,192
urban_roundabout,1007,40,40,0.0,3357,35.44210526315789,40,0,3357,0.0,3357,0,0,3145,212,59,0,0.0,16.85450450615319,24.283815116184822,6833,2.0354483169496573,4806400,1431.7545427464997,219,219
urban_roundabout,1007,40,40,1.0,3357,35.44210526315789,40,1550,1807,0.46172177539469766,1807,1550,0,3126,231,81,0,0.0,9.247041304769393,22.677076484789893,3673,1.0941316651772415,2587136,770.6690497467978,219,219
urban_roundabout,1007,40,40,2.0,3357,35.44210526315789,40,2094,1263,0.6237712243074174,1263,2094,0,3163,194,46,4,0.0011915400655347036,6.498018559967779,21.73180544228046,2580,0.7685433422698839,1814528,540.5207030086386,219,219
urban_roundabout,1007,40,40,5.0,3357,35.44210526315789,40,2594,763,0.7727137324992552,763,2594,0,3140,217,69,4,0.0011915400655347036,4.018028760005994,20.117190596508294,1564,0.4658921656240691,1098368,327.1873696753053,219,219
urban_roundabout,1007,40,40,10.0,3357,35.44210526315789,40,2831,526,0.8433124813821865,526,2831,0,3152,205,57,5,0.0014894250819183796,2.8592329242682806,18.97221165163074,1067,0.3178433124813822,749824,223.3613345248734,219,219
urban_roundabout,1007,40,40,30.0,3357,35.44210526315789,40,3011,346,0.8969317843312481,346,3011,0,3182,175,63,39,0.01161751563896336,1.9389728000432,17.012510178041396,702,0.20911528150134048,493312,146.95025320226392,219,219
urban_roundabout,1008,40,40,0.0,3356,35.44210526315789,40,0,3356,0.0,3356,0,0,3110,246,57,0,0.0,16.976100577630877,24.26572427442686,6871,2.047377830750894,4834048,1440.419547079857,216,216
urban_roundabout,1008,40,40,1.0,3356,35.44210526315789,40,1555,1801,0.4633492252681764,1801,1555,0,3111,245,56,2,0.0005959475566150178,9.1454721891401,22.59192206899563,3668,1.0929678188319427,2584960,770.2502979737783,216,216
urban_roundabout,1008,40,40,2.0,3356,35.44210526315789,40,2069,1287,0.616507747318236,1287,2069,0,3108,248,60,4,0.0011918951132300357,6.676048364368666,21.862145868197125,2629,0.783373063170441,1853952,552.4290822407628,216,216
urban_roundabout,1008,40,40,5.0,3356,35.44210526315789,40,2583,773,0.7696662693682956,773,2583,0,3097,259,72,5,0.0014898688915375446,4.17043675985059,20.7469209240152,1580,0.47079856972586415,1107840,330.1072705601907,216,216
urban_roundabout,1008,40,40,10.0,3356,35.44210526315789,40,2841,515,0.8465435041716329,515,2841,0,3124,232,56,14,0.004171632896305125,2.798030925428897,18.677430443814647,1048,0.31227651966626935,735104,219.04171632896305,216,216
urban_roundabout,1008,40,40,30.0,3356,35.44210526315789,40,3015,341,0.8983909415971395,341,3015,0,3144,212,67,43,0.012812872467222885,1.965535597690292,17.10460128404989,694,0.2067938021454112,490368,146.11680572109654,216,216
urban_roundabout,1009,40,40,0.0,3355,35.44210526315789,40,0,3355,0.0,3355,0,0,3146,209,66,0,0.0,16.943069460513854,24.03516901174747,6845,2.0402384500745154,4813952,1434.8590163934425,188,188
urban_roundabout,1009,40,40,1.0,3355,35.44210526315789,40,1573,1782,0.46885245901639344,1782,1573,0,3135,220,75,0,0.0,9.044541931826647,22.603215445401048,3630,1.0819672131147542,2555520,761.7049180327868,188,188
urban_roundabout,1009,40,40,2.0,3355,35.44210526315789,40,2109,1246,0.6286140089418778,1246,2109,0,3139,216,74,4,0.0011922503725782414,6.485996302804537,21.690613417346675,2548,0.7594634873323398,1793792,534.6622950819672,188,188
urban_roundabout,1009,40,40,5.0,3355,35.44210526315789,40,2619,736,0.7806259314456035,736,2619,0,3141,214,73,3,0.0008941877794336811,3.9517908165737263,20.18710996740651,1505,0.4485842026825633,1058176,315.4026825633383,188,188
urban_roundabout,1009,40,40,10.0,3355,35.44210526315789,40,2857,498,0.851564828614009,498,2857,0,3139,216,74,2,0.0005961251862891207,2.7095055590530874,18.708020756495706,1017,0.3031296572280179,711040,211.9344262295082,188,188
urban_roundabout,1009,40,40,30.0,3355,35.44210526315789,40,3039,316,0.9058122205663189,316,3039,0,3166,189,72,26,0.007749627421758569,1.8140078448713215,16.559374179048092,643,0.1916542473919523,453120,135.05812220566318,188,188
urban_roundabout,1010,40,40,0.0,3330,35.43157894736842,40,0,3330,0.0,3330,0,0,3120,210,64,0,0.0,16.77865679717416,23.865685936568326,6789,2.0387387387387386,4778112,1434.8684684684686,200,200
urban_roundabout,1010,40,40,1.0,3330,35.43157894736842,40,1559,1771,0.46816816816816814,1771,1559,0,3118,212,65,1,0.0003003003003003003,9.084764567356054,22.233101791131734,3606,1.082882882882883,2540416,762.8876876876877,200,200
urban_roundabout,1010,40,40,2.0,3330,35.43157894736842,40,2083,1247,0.6255255255255255,1247,2083,0,3122,208,64,4,0.0012012012012012011,6.503921691712587,21.593084136494763,2552,0.7663663663663663,1795712,539.2528528528528,200,200
urban_roundabout,1010,40,40,5.0,3330,35.43157894736842,40,2592,738,0.7783783783783784,738,2592,0,3136,194,52,6,0.0018018018018018018,3.9717262274608034,20.092053755661162,1508,0.45285285285285287,1059840,318.27027027027026,200,200
urban_roundabout,1010,40,40,10.0,3330,35.43157894736842,40,2830,500,0.8498498498498499,500,2830,0,3133,197,62,11,0.003303303303303303,2.7584889905266228,18.664107451489528,1021,0.3066066066066066,717440,215.44744744744744,200,200
urban_roundabout,1010,40,40,30.0,3330,35.43157894736842,40,3011,319,0.9042042042042042,319,3011,0,3151,179,62,31,0.009309309309309309,1.8400900227181647,16.43703903847359,651,0.1954954954954955,458752,137.76336336336337,200,200
urban_roundabout,1001,60,60,0.0,4950,52.642105263157895,60,0,4950,0.0,4950,0,0,4649,301,105,0,0.0,16.90680845564295,24.110969708217667,10120,2.0444444444444443,7129856,1440.3749494949495,338,338
urban_roundabout,1001,60,60,1.0,4950,52.642105263157895,60,2236,2714,0.45171717171717174,2714,2236,0,4662,288,98,4,0.0008080808080808081,9.382463684900564,22.672237345959978,5533,1.1177777777777778,3886720,785.1959595959596,338,338
urban_roundabout,1001,60,60,2.0,4950,52.642105263157895,60,2970,1980,0.6,1980,2970,0,4664,286,97,6,0.0012121212121212121,6.962136253604605,22.1400951835637,4056,0.8193939393939393,2859008,577.5773737373737,338,338
urban_roundabout,1001,60,60,5.0,4950,52.642105263157895,60,3763,1187,0.7602020202020202,1187,3763,0,4673,277,97,16,0.0032323232323232323,4.2436948803058465,20.401636769804554,2418,0.48848484848484847,1704064,344.25535353535355,338,338
urban_roundabout,1001,60,60,10.0,4950,52.642105263157895,60,4128,822,0.833939393939394,822,4128,0,4683,267,91,23,0.004646464646464647,2.998324938005607,19.22056807249657,1679,0.3391919191919192,1182464,238.88161616161617,338,338
urban_roundabout,1001,60,60,30.0,4950,52.642105263157895,60,4409,541,0.8907070707070707,541,4409,0,4690,260,96,32,0.006464646464646465,2.094460104459957,17.71049256401938,1104,0.22303030303030302,778112,157.19434343434344,338,338
urban_roundabout,1002,60,60,0.0,4980,52.50526315789474,60,0,4980,0.0,4980,0,0,4648,332,96,0,0.0,16.917749068950595,24.046959692237742,10175,2.0431726907630523,7167232,1439.2032128514056,335,335
urban_roundabout,1002,60,60,1.0,4980,52.50526315789474,60,2252,2728,0.45220883534136547,2728,2252,0,4650,330,98,4,0.0008032128514056225,9.456039588854834,23.00669259942545,5569,1.118273092369478,3918336,786.8144578313253,335,335
urban_roundabout,1002,60,60,2.0,4980,52.50526315789474,60,3010,1970,0.6044176706827309,1970,3010,0,4631,349,115,2,0.00040160642570281126,6.847846442258529,21.87093268832286,4016,0.8064257028112449,2834432,569.1630522088353,335,335
urban_roundabout,1002,60,60,5.0,4980,52.50526315789474,60,3775,1205,0.7580321285140562,1205,3775,0,4646,334,113,15,0.0030120481927710845,4.288147459841858,20.269634813724657,2457,0.49337349397590363,1727488,346.885140562249,335,335
urban_roundabout,1002,60,60,10.0,4980,52.50526315789474,60,4122,858,0.827710843373494,858,4122,0,4650,330,112,18,0.0036144578313253013,3.099539144319784,18.920617260431886,1752,0.35180722891566263,1235200,248.0321285140562,335,335
urban_roundabout,1002,60,60,30.0,4980,52.50526315789474,60,4449,531,0.8933734939759036,531,4449,0,4707,273,94,59,0.011847389558232932,2.0625012526594357,17.661920586359166,1094,0.21967871485943774,770176,154.65381526104417,335,335
urban_roundabout,1003,60,60,0.0,4982,52.526315789473685,60,0,4982,0.0,4982,0,0,4672,310,110,0,0.0,16.887719932432663,24.174024574610442,10173,2.041951023685267,7152384,1435.6451224407867,341,341
urban_roundabout,1003,60,60,1.0,4982,52.526315789473685,60,2246,2736,0.4508229626655961,2736,2246,0,4668,314,114,2,0.0004014452027298274,9.360694101443073,22.54682440312976,5588,1.1216378964271376,3932160,789.273384183059,341,341
urban_roundabout,1003,60,60,2.0,4982,52.526315789473685,60,3013,1969,0.604777197912485,1969,3013,0,4680,302,105,3,0.0006021678040947411,6.867745464378788,21.94367248228168,4019,0.8067041348855881,2827136,567.4700923323966,341,341
urban_roundabout,1003,60,60,5.0,4982,52.526315789473685,60,3793,1189,0.7613408269771176,1189,3793,0,4695,287,96,9,0.0018065034122842231,4.20213283926083,20.22274178507075,2423,0.4863508631071859,1705344,342.30108390204737,341,341
urban_roundabout,1003,60,60,10.0,4982,52.526315789473685,60,4167,815,0.8364110798875953,815,4167,0,4708,274,82,11,0.0022079486150140505,2.9389380958133615,18.592110754104493,1666,0.3344038538739462,1175552,235.95985547972703,341,341
urban_roundabout,1003,60,60,30.0,4982,52.526315789473685,60,4450,532,0.8932155760738659,532,4450,0,4746,236,90,57,0.01144118827780008,2.0688368122108822,17.594070555809083,1085,0.21778402248093134,761600,152.87033319951826,341,341
urban_roundabout,1004,60,60,0.0,4986,52.67368421052632,60,0,4986,0.0,4986,0,0,4657,329,93,0,0.0,17.069106188599786,24.37442847618243,10192,2.0441235459286,7169792,1437.9847573204975,375,375
urban_roundabout,1004,60,60,1.0,4986,52.67368421052632,60,2232,2754,0.44765342960288806,2754,2232,0,4672,314,87,4,0.0008022462896109105,9.551150275217074,22.998231179761852,5633,1.1297633373445648,3968768,795.9823505816286,375,375
urban_roundabout,1004,60,60,2.0,4986,52.67368421052632,60,2991,1995,0.5998796630565584,1995,2991,1,4650,336,104,4,0.0008022462896109105,6.920104951890603,21.952782952699582,4078,0.8178900922583233,2878080,577.2322503008423,375,375
urban_roundabout,1004,60,60,5.0,4986,52.67368421052632,60,3772,1214,0.7565182511030887,1214,3772,0,4663,323,105,13,0.002607300441235459,4.305325535687793,20.462263722448526,2477,0.49679101484155636,1746048,350.1901323706378,375,375
urban_roundabout,1004,60,60,10.0,4986,52.67368421052632,60,4137,849,0.8297232250300842,849,4137,0,4674,312,101,22,0.004412354592860008,3.11433746951247,19.348111406426227,1736,0.3481748896911352,1222144,245.11512234255918,375,375
urban_roundabout,1004,60,60,30.0,4986,52.67368421052632,60,4415,571,0.8854793421580425,571,4415,0,4703,283,96,46,0.009225832330525471,2.176251567011712,17.416029724659055,1169,0.23445647813878862,821632,164.7878058563979,375,375
urban_roundabout,1005,60,60,0.0,4988,52.63157894736842,60,0,4988,0.0,4988,0,0,4697,291,93,0,0.0,16.93564839110759,24.344213228074082,10181,2.0410986367281474,7179520,1439.3584603047314,344,344
urban_roundabout,1005,60,60,1.0,4988,52.63157894736842,60,2261,2727,0.4532878909382518,2727,2261,1,4679,309,112,1,0.00020048115477145148,9.384268306257463,22.69020870867386,5580,1.1186848436246992,3934592,788.8115477145149,344,344
urban_roundabout,1005,60,60,2.0,4988,52.63157894736842,60,3040,1948,0.6094627105052125,1948,3040,0,4711,277,79,1,0.00020048115477145148,6.786909040716632,21.9347181649299,3962,0.7943063352044908,2785664,558.4731355252607,344,344
urban_roundabout,1005,60,60,5.0,4988,52.63157894736842,60,3806,1182,0.7630312750601443,1182,3806,0,4697,291,101,9,0.0018043303929430633,4.215187620746247,20.357417687480243,2411,0.48336006415396954,1695104,339.8364073777065,344,344
urban_roundabout,1005,60,60,10.0,4988,52.63157894736842,60,4170,818,0.8360064153969526,818,4170,0,4697,291,96,4,0.0008019246190858059,3.003198055927614,19.024274915007396,1670,0.33480352846832395,1174784,235.52205292702487,344,344
urban_roundabout,1005,60,60,30.0,4988,52.63157894736842,60,4447,541,0.8915396952686447,541,4447,0,4712,276,92,12,0.0024057738572574178,2.0809722817417993,17.415519664274,1107,0.22193263833199678,781568,156.68965517241378,344,344
urban_roundabout,1006,60,60,0.0,4988,52.61052631578947,60,0,4988,0.0,4988,0,0,4604,384,111,0,0.0,16.787345946245757,24.13115136778696,10179,2.0406976744186047,7163776,1436.2020850040096,332,332
urban_roundabout,1006,60,60,1.0,4988,52.61052631578947,60,2284,2704,0.4578989574979952,2704,2284,0,4624,364,93,6,0.0012028869286287089,9.240581188127281,22.41465263569608,5502,1.103047313552526,3877888,777.4434643143544,332,332
urban_roundabout,1006,60,60,2.0,4988,52.61052631578947,60,3032,1956,0.6078588612670409,1956,3032,0,4640,348,83,10,0.002004811547714515,6.781540822499253,21.846838300633916,3988,0.7995188452285485,2813824,564.1186848436247,332,332
urban_roundabout,1006,60,60,5.0,4988,52.61052631578947,60,3809,1179,0.7636327185244587,1179,3809,0,4606,382,126,19,0.003809141940657578,4.165639751548285,20.04007214448151,2405,0.4821571772253408,1693568,339.52846832397756,332,332
urban_roundabout,1006,60,60,10.0,4988,52.61052631578947,60,4181,807,0.8382117080994387,807,4181,0,4646,342,91,25,0.005012028869286287,2.911187632777541,18.531280060703985,1650,0.33079390537289494,1158016,232.16038492381716,332,332
urban_roundabout,1006,60,60,30.0,4988,52.61052631578947,60,4467,521,0.8955493183640738,521,4467,0,4690,298,95,72,0.014434643143544507,1.9819002506768342,16.968211027683097,1061,0.21271050521251003,746496,149.65838011226944,332,332
urban_roundabout,1007,60,60,0.0,4987,52.578947368421055,60,0,4987,0.0,4987,0,0,4536,451,111,0,0.0,16.809561254113785,24.10024923478744,10157,2.0366954080609583,7145600,1432.8453980348906,350,350
urban_roundabout,1007,60,60,1.0,4987,52.578947368421055,60,2267,2720,0.4545819129737317,2720,2267,0,4549,438,107,3,0.00060156406657309,9.352659561152818,22.61731254376222,5535,1.1098857028273512,3898880,781.8087026268298,350,350
urban_roundabout,1007,60,60,2.0,4987,52.578947368421055,60,3042,1945,0.6099859635051132,1945,3042,0,4560,427,90,4,0.0008020854220974534,6.734785573818298,21.823570806864723,3981,0.7982755163424905,2800384,561.5367956687387,350,350
urban_roundabout,1007,60,60,5.0,4987,52.578947368421055,60,3807,1180,0.7633848004812512,1180,3807,0,4565,422,101,20,0.0040104271104872665,4.15784557988389,20.079672326896514,2416,0.48445959494686186,1697280,340.3408863043914,350,350
urban_roundabout,1007,60,60,10.0,4987,52.578947368421055,60,4162,825,0.8345698816924002,825,4162,0,4557,430,105,18,0.00360938439943854,2.997628317486529,19.312445809890377,1680,0.33687587728093044,1179136,236.4419490675757,350,350
urban_roundabout,1007,60,60,30.0,4987,52.578947368421055,60,4445,542,0.891317425305795,542,4445,0,4641,346,94,91,0.018247443352717066,2.030461537350491,17.150355331634156,1098,0.22017244836575095,771200,154.64206938038902,350,350
urban_roundabout,1008,60,60,0.0,4994,52.65263157894737,60,0,4994,0.0,4994,0,0,4595,399,89,0,0.0,16.94071631776768,24.181589165359437,10214,2.0452543051661993,7186176,1438.9619543452143,370,370
urban_roundabout,1008,60,60,1.0,4994,52.65263157894737,60,2222,2772,0.44493392070484583,2772,2222,0,4601,393,82,4,0.0008009611533840609,9.508971565200977,22.856441062800315,5651,1.131557869443332,3981440,797.2446936323588,370,370
urban_roundabout,1008,60,60,2.0,4994,52.65263157894737,60,2994,2000,0.5995194233079696,2000,2994,0,4584,410,103,2,0.00040048057669203043,6.979332692487646,22.120247639897347,4086,0.8181818181818182,2880128,576.7176611934321,370,370
urban_roundabout,1008,60,60,5.0,4994,52.65263157894737,60,3771,1223,0.7551061273528233,1223,3771,0,4585,409,106,11,0.0022026431718061676,4.385340852972451,20.71855307756926,2496,0.49979975971165397,1755392,351.50020024028834,370,370
urban_roundabout,1008,60,60,10.0,4994,52.65263157894737,60,4117,877,0.8243892671205446,877,4117,0,4589,405,112,22,0.004405286343612335,3.176740677528773,19.385012729669878,1783,0.35702843412094515,1252992,250.8994793752503,370,370
urban_roundabout,1008,60,60,30.0,4994,52.65263157894737,60,4426,568,0.8862635162194633,568,4426,0,4650,344,84,53,0.010612735282338807,2.156385796648242,17.528111036091328,1158,0.2318782539046856,817024,163.60112134561473,370,370
urban_roundabout,1009,60,60,0.0,4990,52.61052631578947,60,0,4990,0.0,4990,0,0,4657,333,92,0,0.0,17.000702546412562,24.100052456313747,10191,2.0422845691382765,7169536,1436.780761523046,331,331
urban_roundabout,1009,60,60,1.0,4990,52.61052631578947,60,2274,2716,0.4557114228456914,2716,2274,1,4645,345,110,1,0.0002004008016032064,9.270633934295113,22.74105127120265,5537,1.1096192384769539,3897600,781.0821643286573,331,331
urban_roundabout,1009,60,60,2.0,4990,52.61052631578947,60,3051,1939,0.6114228456913827,1939,3051,0,4649,341,104,3,0.0006012024048096192,6.739197194099032,21.787988494838473,3963,0.7941883767535071,2793984,559.916633266533,331,331
urban_roundabout,1009,60,60,5.0,4990,52.61052631578947,60,3815,1175,0.7645290581162325,1175,3815,0,4656,334,103,9,0.0018036072144288577,4.20364640879473,20.489323783160263,2399,0.4807615230460922,1689344,338.54589178356713,331,331
urban_roundabout,1009,60,60,10.0,4990,52.61052631578947,60,4179,811,0.8374749498997996,811,4179,0,4668,322,92,12,0.002404809619238477,2.952503814564075,19.104338501639628,1657,0.33206412825651305,1165184,233.50380761523047,331,331
urban_roundabout,1009,60,60,30.0,4990,52.61052631578947,60,4463,527,0.8943887775551103,527,4463,0,4710,280,90,51,0.010220440881763528,2.008421286571521,16.98412430499268,1071,0.21462925851703407,753536,151.00921843687374,331,331
urban_roundabout,1010,60,60,0.0,4987,52.578947368421055,60,0,4987,0.0,4987,0,0,4708,279,105,0,0.0,16.908135398082422,24.01801089917654,10174,2.0401042711048727,7158912,1435.514738319631,339,339
urban_roundabout,1010,60,60,1.0,4987,52.578947368421055,60,2280,2707,0.45718869059554845,2707,2280,0,4721,266,90,2,0.0004010427110487267,9.263665518348192,22.41554108954915,5523,1.1074794465610587,3885056,779.036695408061,339,339
urban_roundabout,1010,60,60,2.0,4987,52.578947368421055,60,3041,1946,0.609785442149589,1946,3041,0,4726,261,83,1,0.00020052135552436334,6.734064756970736,21.622173642808917,3980,0.7980749949869661,2801920,561.8447964708241,339,339
urban_roundabout,1010,60,60,5.0,4987,52.578947368421055,60,3801,1186,0.7621816723481051,1186,3801,0,4720,267,99,6,0.00120312813314618,4.250515749366413,20.488799721984915,2420,0.4852616803689593,1699200,340.7258873069982,339,339
urban_roundabout,1010,60,60,10.0,4987,52.578947368421055,60,4170,817,0.8361740525365952,817,4170,0,4718,269,100,6,0.00120312813314618,2.968013494584198,18.911715675503157,1669,0.3346701423701624,1178112,236.23661519951875,339,339
urban_roundabout,1010,60,60,30.0,4987,52.578947368421055,60,4445,542,0.891317425305795,542,4445,0,4749,238,100,40,0.008020854220974533,2.0649889521664875,17.073396453213608,1108,0.22217766192099458,781824,156.77240826147985,339,339
urban_roundabout,1001,80,80,0.0,6479,68.69473684210526,80,0,6479,0.0,6479,0,0,6030,449,142,0,0.0,16.88569671204235,24.076616305616213,13237,2.0430622009569377,9328256,1439.767865411329,513,513
urban_roundabout,1001,80,80,1.0,6479,68.69473684210526,80,2758,3721,0.4256829757678654,3721,2758,0,6049,430,124,4,0.0006173792251890724,9.819856512593082,22.705415928910885,7590,1.1714770797962648,5335296,823.4752276585892,513,513
urban_roundabout,1001,80,80,2.0,6479,68.69473684210526,80,3752,2727,0.5791017132273499,2727,3752,0,6048,431,134,11,0.001697792869269949,7.329399134437151,22.315543207487565,5579,0.8610896743324588,3928960,606.4145701497145,513,513
urban_roundabout,1001,80,80,5.0,6479,68.69473684210526,80,4782,1697,0.7380768637135361,1697,4782,0,6074,405,114,14,0.0021608272881617533,4.630022695879488,20.700396460993886,3460,0.5340330297885476,2439424,376.5124247569069,513,513
urban_roundabout,1001,80,80,10.0,6479,68.69473684210526,80,5281,1198,0.8150949220558729,1198,5281,0,6066,413,132,28,0.004321654576323507,3.3279350466763424,19.56509536118496,2451,0.3782991202346041,1727744,266.6683130112672,513,513
urban_roundabout,1001,80,80,30.0,6479,68.69473684210526,80,5671,808,0.8752893965118074,808,5671,0,6115,364,145,89,0.01373668776045686,2.3501057283781717,18.17123367527457,1647,0.25420589597160054,1162624,179.44497607655504,513,513
urban_roundabout,1002,80,80,0.0,6509,68.6,80,0,6509,0.0,6509,0,0,6090,419,128,0,0.0,16.96051749501344,24.26672279444232,13310,2.0448609617452758,9369344,1439.4444615148257,511,511
urban_roundabout,1002,80,80,1.0,6509,68.6,80,2838,3671,0.4360116761407282,3671,2838,0,6094,415,134,5,0.0007681671531725304,9.754469615883833,23.116888465635547,7498,1.1519434628975265,5274112,810.2799201106161,511,511
urban_roundabout,1002,80,80,2.0,6509,68.6,80,3828,2681,0.5881087724688893,2681,3828,0,6079,430,145,6,0.0009218005838070364,7.097368979765603,21.911156460450336,5475,0.8411430327239208,3861120,593.1971116915041,511,511
urban_roundabout,1002,80,80,5.0,6509,68.6,80,4851,1658,0.7452757720079889,1658,4851,0,6102,407,132,15,0.002304501459517591,4.504213134750106,20.509706992091026,3383,0.5197418958365341,2379392,365.55415578429864,511,511
urban_roundabout,1002,80,80,10.0,6509,68.6,80,5313,1196,0.8162544169611308,1196,5313,0,6087,422,155,23,0.0035335689045936395,3.312596125120082,19.214400259400577,2438,0.3745583038869258,1717248,263.82670149024426,511,511
urban_roundabout,1002,80,80,30.0,6509,68.6,80,5720,789,0.8787832232293747,789,5720,0,6169,340,128,74,0.01136887386695345,2.28837629928669,17.98807924832886,1620,0.24888615762789984,1143168,175.62882163158704,511,511
urban_roundabout,1003,80,80,0.0,6521,68.71578947368421,80,0,6521,0.0,6521,0,0,6074,447,123,0,0.0,16.910773881192732,24.1923654483287,13314,2.041711393957982,9365888,1436.265603435056,527,527
urban_roundabout,1003,80,80,1.0,6521,68.71578947368421,80,2828,3693,0.43367581659254717,3693,2828,0,6043,478,150,2,0.00030670142616163164,9.656419405182033,22.68160116310014,7543,1.1567244287685938,5308928,814.1278944947094,527,527
urban_roundabout,1003,80,80,2.0,6521,68.71578947368421,80,3834,2687,0.5879466339518479,2687,3834,0,6074,447,122,4,0.0006134028523232633,7.129827285366673,21.934340139743824,5482,0.8406686091090324,3857536,591.555896334918,527,527
urban_roundabout,1003,80,80,5.0,6521,68.71578947368421,80,4846,1675,0.7431375555896335,1675,4846,0,6073,448,133,14,0.0021469099831314216,4.486765393781951,20.37360080994688,3411,0.5230792823186627,2400896,368.1791136328784,527,527
urban_roundabout,1003,80,80,10.0,6521,68.71578947368421,80,5333,1188,0.8178193528599907,1188,5333,0,6088,433,127,23,0.003527066400858764,3.2484030345822603,18.994503910292337,2424,0.37172212850789754,1706496,261.69237846955986,527,527
urban_roundabout,1003,80,80,30.0,6521,68.71578947368421,80,5699,822,0.8739457138475694,822,5699,0,6106,415,149,61,0.009354393497929766,2.3869242728511337,18.255187750327195,1680,0.2576291979757706,1178240,180.68394418034043,527,527
urban_roundabout,1004,80,80,0.0,6527,68.82105263157895,80,0,6527,0.0,6527,0,0,6047,480,142,0,0.0,17.011537492381215,24.216123727919125,13346,2.0447372452888004,9387520,1438.2595373065726,549,549
urban_roundabout,1004,80,80,1.0,6527,68.82105263157895,80,2843,3684,0.43557530258924465,3684,2843,0,6070,457,120,2,0.00030641948827945457,9.713257336701545,22.91345683751302,7525,1.1529033246514477,5304320,812.6735100352382,549,549
urban_roundabout,1004,80,80,2.0,6527,68.82105263157895,80,3814,2713,0.5843419641489199,2713,3814,1,6068,459,130,4,0.0006128389765589091,7.183331361549083,21.92435110253399,5542,0.8490884020223686,3906944,598.5818906082427,549,549
urban_roundabout,1004,80,80,5.0,6527,68.82105263157895,80,4844,1683,0.742148000612839,1683,4844,0,6096,431,103,9,0.0013788876972575456,4.566126738699376,20.772263464179726,3438,0.5267351003523824,2423040,371.2333384403248,549,549
urban_roundabout,1004,80,80,10.0,6527,68.82105263157895,80,5323,1204,0.8155354680557684,1204,5323,0,6082,445,119,7,0.001072468208978091,3.3342643881882696,19.481914321958797,2455,0.3761299218630305,1728768,264.86410295694805,549,549
urban_roundabout,1004,80,80,30.0,6527,68.82105263157895,80,5702,825,0.873601961084725,825,5702,0,6122,405,133,66,0.010111843113222002,2.367240711013887,17.96467316905143,1691,0.25907767734027887,1190016,182.3220468821817,549,549
urban_roundabout,1005,80,80,0.0,6517,68.73684210526316,80,0,6517,0.0,6517,0,0,6051,466,132,0,0.0,16.930074249210616,24.247197393668785,13324,2.0444990026085623,9390848,1440.9771367193493,512,512
urban_roundabout,1005,80,80,1.0,6517,68.73684210526316,80,2892,3625,0.4437624673929722,3625,2892,1,6057,460,125,4,0.0006137793463249962,9.515115483821763,22.6875009145191,7410,1.1370262390670554,5222016,801.2913917446677,512,512
urban_roundabout,1005,80,80,2.0,6517,68.73684210526316,80,3865,2652,0.5930642933865276,2652,3865,0,6059,458,129,7,0.0010741138560687433,7.071710766634999,22.05937864040237,5392,0.8273745588460948,3793280,582.0592297069204,512,512
urban_roundabout,1005,80,80,5.0,6517,68.73684210526316,80,4863,1654,0.7462022402946141,1654,4863,1,6058,459,140,19,0.0029154518950437317,4.502691367029705,20.671414117806375,3380,0.5186435476446217,2373248,364.16265152677613,511,511
urban_roundabout,1005,80,80,10.0,6517,68.73684210526316,80,5367,1150,0.8235384379315636,1150,5367,0,6091,426,117,33,0.005063679607181218,3.21086553026401,19.3921740592998,2347,0.3601350314561915,1652736,253.60380543194722,512,512
urban_roundabout,1005,80,80,30.0,6517,68.73684210526316,80,5722,795,0.878011354917907,795,5722,0,6139,378,132,81,0.012429031763081173,2.2884699267964073,17.857361532418278,1624,0.24919441460794844,1145088,175.70784103114931,512,512
urban_roundabout,1006,80,80,0.0,6518,68.71578947368421,80,0,6518,0.0,6518,0,0,6072,446,125,0,0.0,16.83775185474522,24.14143982498497,13307,2.0415771709113226,9365888,1436.9266646210494,529,529
urban_roundabout,1006,80,80,1.0,6518,68.71578947368421,80,2811,3707,0.4312672598956735,3707,2811,0,6065,453,129,2,0.0003068425897514575,9.704391666357806,22.581831861895903,7554,1.158944461491255,5327872,817.4090211721386,529,529
urban_roundabout,1006,80,80,2.0,6518,68.71578947368421,80,3823,2695,0.586529610309911,2695,3823,0,6069,449,134,5,0.0007671064743786437,7.163204163799816,22.052622452262575,5501,0.8439705431113839,3879424,595.1862534519792,529,529
urban_roundabout,1006,80,80,5.0,6518,68.71578947368421,80,4830,1688,0.7410248542497698,1688,4830,0,6084,434,118,8,0.00122737035900583,4.571077331961221,20.484414509153474,3442,0.5280760969622583,2424064,371.9030377416385,529,529
urban_roundabout,1006,80,80,10.0,6518,68.71578947368421,80,5316,1202,0.815587603559374,1202,5316,0,6070,448,136,16,0.00245474071801166,3.297922529842706,19.240426710756605,2457,0.37695612150966556,1726592,264.8959803620743,529,529
urban_roundabout,1006,80,80,30.0,6518,68.71578947368421,80,5710,808,0.8760355937404112,808,5710,0,6169,349,126,101,0.015495550782448604,2.3170597954091554,17.938176025611956,1647,0.25268487266032524,1158144,177.683952132556,529,529
urban_roundabout,1007,80,80,0.0,6518,68.69473684210526,80,0,6518,0.0,6518,0,0,5992,526,149,0,0.0,16.81546594797709,24.164098608414967,13275,2.036667689475299,9346944,1434.0202516109237,544,544
urban_roundabout,1007,80,80,1.0,6518,68.69473684210526,80,2841,3677,0.43586989874194537,3677,2841,0,6009,509,136,1,0.00015342129487572875,9.68058181346102,22.72632295311361,7488,1.1488186560294569,5272448,808.9057993249463,544,544
urban_roundabout,1007,80,80,2.0,6518,68.69473684210526,80,3843,2675,0.5895980362074256,2675,3843,0,6012,506,134,6,0.0009205277692543725,7.081966502840676,22.04918251839665,5471,0.839367904265112,3851136,590.8462718625345,544,544
urban_roundabout,1007,80,80,5.0,6518,68.69473684210526,80,4853,1665,0.7445535440319117,1665,4853,0,6048,470,107,16,0.00245474071801166,4.49633423613323,20.573930683768893,3405,0.5223995090518564,2393088,367.150659711568,544,544
urban_roundabout,1007,80,80,10.0,6518,68.69473684210526,80,5316,1202,0.815587603559374,1202,5316,0,6024,494,138,21,0.0032218471923903037,3.288008086826857,19.459950902671604,2446,0.3752684872660325,1715712,263.22675667382634,544,544
urban_roundabout,1007,80,80,30.0,6518,68.69473684210526,80,5701,817,0.8746548020865296,817,5701,0,6091,427,116,63,0.009665541577170911,2.3225999397064494,17.923628551156405,1659,0.254525928198834,1164800,178.70512427124885,544,544
urban_roundabout,1008,80,80,0.0,6512,68.63157894736842,80,0,6512,0.0,6512,0,0,6099,413,138,0,0.0,16.952770087092826,24.18662213266387,13330,2.046990171990172,9380736,1440.5307125307124,536,536
urban_roundabout,1008,80,80,1.0,6512,68.63157894736842,80,2851,3661,0.4378071253071253,3661,2851,0,6114,398,129,1,0.00015356265356265356,9.6232232993362,22.85675091314019,7458,1.1452702702702702,5258496,807.5085995085996,536,536
urban_roundabout,1008,80,80,2.0,6512,68.63157894736842,80,3833,2679,0.5886056511056511,2679,3833,0,6115,397,132,4,0.0006142506142506142,7.1770879922480235,22.184189246572036,5482,0.8418304668304668,3862912,593.1990171990172,536,536
urban_roundabout,1008,80,80,5.0,6512,68.63157894736842,80,4822,1690,0.7404791154791155,1690,4822,0,6122,390,127,8,0.0012285012285012285,4.615252629592171,20.813935207839048,3444,0.5288697788697788,2423680,372.1867321867322,536,536
urban_roundabout,1008,80,80,10.0,6512,68.63157894736842,80,5324,1188,0.8175675675675675,1188,5324,0,6107,405,136,5,0.0007678132678132678,3.304356194440976,19.612428707685577,2415,0.3708538083538084,1697024,260.5995085995086,536,536
urban_roundabout,1008,80,80,30.0,6512,68.63157894736842,80,5705,807,0.8760749385749386,807,5705,0,6152,360,128,40,0.006142506142506142,2.326154428700376,17.974170441859627,1646,0.25276412776412777,1161472,178.35872235872236,536,536
urban_roundabout,1009,80,80,0.0,6511,68.62105263157895,80,0,6511,0.0,6511,0,0,6001,510,130,0,0.0,16.99540625782767,24.096227676562165,13301,2.042850560589771,9359872,1437.5475349408694,514,514
urban_roundabout,1009,80,80,1.0,6511,68.62105263157895,80,2862,3649,0.43956381508216863,3649,2862,1,5999,512,139,4,0.0006143449546920596,9.567868853524542,22.84345110101675,7431,1.1412993395791737,5231872,803.5435416986638,513,513
urban_roundabout,1009,80,80,2.0,6511,68.62105263157895,80,3846,2665,0.5906926739364153,2665,3846,0,6011,500,125,9,0.001382276148057134,7.097363736264294,21.949385100363372,5455,0.8378129319612962,3844352,590.4395638150821,514,514
urban_roundabout,1009,80,80,5.0,6511,68.62105263157895,80,4851,1660,0.7450468438027953,1660,4851,0,6020,491,121,12,0.0018430348640761788,4.531933775523276,20.989722528730326,3385,0.5198894179081555,2383488,366.0709568422669,514,514
urban_roundabout,1009,80,80,10.0,6511,68.62105263157895,80,5349,1162,0.8215327906619567,1162,5349,0,6032,479,110,15,0.0023037935800952233,3.2048100055984836,19.41525320664894,2371,0.3641529718937183,1666048,255.88204576869913,514,514
urban_roundabout,1009,80,80,30.0,6511,68.62105263157895,80,5726,785,0.8794348026416833,785,5726,0,6101,410,117,91,0.013976347719244355,2.2577988540780463,17.808317416653896,1598,0.2454308093994778,1127680,173.19612962678545,514,514
urban_roundabout,1010,80,80,0.0,6511,68.62105263157895,80,0,6511,0.0,6511,0,0,6017,494,122,0,0.0,16.912711610296817,24.122016175589067,13277,2.039164490861619,9343872,1435.0901551221011,514,514
urban_roundabout,1010,80,80,1.0,6511,68.62105263157895,80,2824,3687,0.43372753801259406,3687,2824,0,6023,488,116,4,0.0006143449546920596,9.679802059149246,22.653799684814402,7533,1.1569651359238213,5299200,813.8841959760406,514,514
urban_roundabout,1010,80,80,2.0,6511,68.62105263157895,80,3833,2678,0.5886960528336661,2678,3833,0,6010,501,129,5,0.0007679311933650745,7.109379961400526,22.00463233801031,5481,0.8418061741667947,3856384,592.2875134387959,514,514
urban_roundabout,1010,80,80,5.0,6511,68.62105263157895,80,4827,1684,0.741360774074643,1684,4827,0,6035,476,113,11,0.0016894486254031638,4.5759091019987,20.622365769318307,3437,0.5278759023191522,2413824,370.7301489786515,514,514
urban_roundabout,1010,80,80,10.0,6511,68.62105263157895,80,5329,1182,0.8184610658884964,1182,5329,0,6020,491,134,16,0.0024573798187682385,3.2744541550160426,19.487393560119415,2414,0.370757180156658,1699456,261.0130548302872,514,514
urban_roundabout,1010,80,80,30.0,6511,68.62105263157895,80,5722,789,0.8788204576869912,789,5722,0,6092,419,118,74,0.011365381661803103,2.2684783823343273,17.771228818345364,1610,0.24727384426355398,1137024,174.6312394409461,514,514
urban_roundabout,1001,100,100,0.0,7856,83.15789473684211,100,0,7856,0.0,7856,0,0,7187,669,146,0,0.0,16.883463563346055,24.153196485800166,16052,2.043279022403259,11314048,1440.1792260692464,665,665
urban_roundabout,1001,100,100,1.0,7856,83.15789473684211,100,3284,4572,0.4180244399185336,4572,3284,0,7175,681,166,4,0.0005091649694501018,9.92485599581104,22.742298947182604,9325,1.1869908350305498,6558976,834.9002036659878,665,665
urban_roundabout,1001,100,100,2.0,7856,83.15789473684211,100,4490,3366,0.5715376782077393,3366,4490,0,7230,626,117,11,0.00140020366598778,7.456062806644607,22.335951735868775,6881,0.8758910386965377,4844672,616.684317718941,665,665
urban_roundabout,1001,100,100,5.0,7856,83.15789473684211,100,5737,2119,0.7302698574338086,2119,5737,0,7217,639,149,24,0.003054989816700611,4.749397137775119,20.796113869717914,4322,0.550152749490835,3045376,387.6496945010183,665,665
urban_roundabout,1001,100,100,10.0,7856,83.15789473684211,100,6358,1498,0.8093177189409368,1498,6358,0,7212,644,163,40,0.0050916496945010185,3.4296914055185397,19.748726294899654,3069,0.3906568228105906,2161920,275.19348268839104,665,665
urban_roundabout,1001,100,100,30.0,7856,83.15789473684211,100,6843,1013,0.8710539714867617,1013,6843,0,7274,582,169,104,0.013238289205702648,2.416679091001443,18.243983139024422,2065,0.26285641547861505,1455104,185.22199592668025,665,665
urban_roundabout,1002,100,100,0.0,7885,83.06315789473685,100,0,7885,0.0,7885,0,0,7213,672,165,0,0.0,16.994426156046462,24.352165298991924,16121,2.0445149017121116,11349632,1439.3953075459733,663,663
urban_roundabout,1002,100,100,1.0,7885,83.06315789473685,100,3386,4499,0.42942295497780597,4499,3386,0,7231,654,150,4,0.000507292327203551,9.833612067396986,23.06078182810154,9186,1.164996829422955,6461568,819.4759670259988,663,663
urban_roundabout,1002,100,100,2.0,7885,83.06315789473685,100,4571,3314,0.5797083069118579,3314,4571,0,7199,686,179,4,0.000507292327203551,7.225963203711067,22.016337702132912,6772,0.8588459099556119,4771968,605.1956880152188,663,663
urban_roundabout,1002,100,100,5.0,7885,83.06315789473685,100,5795,2090,0.7349397590361446,2090,5795,0,7237,648,163,19,0.0024096385542168677,4.667386204119564,20.56082682828162,4262,0.5405199746353836,3003136,380.86696258719087,663,663
urban_roundabout,1002,100,100,10.0,7885,83.06315789473685,100,6413,1472,0.8133164235890932,1472,6413,0,7262,623,149,35,0.004438807863031071,3.3465339965122833,19.210062845313292,3001,0.38059606848446415,2114048,268.11008243500316,663,663
urban_roundabout,1002,100,100,30.0,7885,83.06315789473685,100,6890,995,0.8738110336081166,995,6890,0,7352,533,152,125,0.01585288522511097,2.364959489277899,18.116421997692097,2034,0.2579581483830057,1434624,181.9434369055168,663,663
urban_roundabout,1003,100,100,0.0,7891,83.12631578947368,100,0,7891,0.0,7891,0,0,7156,735,159,0,0.0,16.940947766607373,24.265475004625614,16112,2.041819794702826,11334784,1436.419211760233,640,640
urban_roundabout,1003,100,100,1.0,7891,83.12631578947368,100,3386,4505,0.4290964389811177,4505,3386,0,7175,716,150,6,0.0007603599036877456,9.730164075228323,22.649720320849553,9198,1.1656317323533139,6478080,820.9453808135851,640,640
urban_roundabout,1003,100,100,2.0,7891,83.12631578947368,100,4590,3301,0.5816753263211253,3301,4590,0,7186,705,132,6,0.0007603599036877456,7.228393471832231,21.964794464594206,6740,0.8541376251425675,4740480,600.745152705614,640,640
urban_roundabout,1003,100,100,5.0,7891,83.12631578947368,100,5828,2063,0.7385629197820301,2063,5828,0,7184,707,153,21,0.0026612596629071094,4.588672320102402,20.572159916145694,4202,0.5325053858826512,2960000,375.1108858192878,640,640
urban_roundabout,1003,100,100,10.0,7891,83.12631578947368,100,6438,1453,0.8158661766569509,1453,6438,0,7223,668,129,35,0.004435432771511849,3.290755668348873,19.145274016779013,2963,0.37549106577113167,2086400,264.40248384235207,640,640
urban_roundabout,1003,100,100,30.0,7891,83.12631578947368,100,6920,971,0.8769484222531998,971,6920,0,7330,561,143,156,0.019769357495881382,2.3267472034028676,18.1638023461268,1987,0.2518058547712584,1392128,176.41971866683565,640,640
urban_roundabout,1004,100,100,0.0,7919,83.46315789473684,100,0,7919,0.0,7919,0,0,7142,777,174,0,0.0,16.982313382306884,24.148970395487623,16188,2.0441974996843038,11386496,1437.8704381866398,705,705
urban_roundabout,1004,100,100,1.0,7919,83.46315789473684,100,3365,4554,0.4249273898219472,4554,3365,0,7173,746,147,3,0.00037883571157974494,9.884620742971213,22.96745622590954,9310,1.175653491602475,6562304,828.6783684808688,705,705
urban_roundabout,1004,100,100,2.0,7919,83.46315789473684,100,4576,3343,0.5778507387296375,3343,4576,1,7167,752,163,10,0.0012627857052658164,7.300177446178407,22.008264107765818,6825,0.8618512438439196,4807040,607.026139664099,705,705
urban_roundabout,1004,100,100,5.0,7919,83.46315789473684,100,5832,2087,0.7364566233110241,2087,5832,0,7192,727,146,21,0.0026518499810582142,4.662734672557578,20.85283467056058,4255,0.5373153175906049,2996864,378.4397019825736,705,705
urban_roundabout,1004,100,100,10.0,7919,83.46315789473684,100,6417,1502,0.8103295870690744,1502,6417,0,7202,717,141,24,0.0030306856926379596,3.426587558536727,19.580815947190892,3058,0.3861598686702867,2153728,271.96969314307364,705,705
urban_roundabout,1004,100,100,30.0,7919,83.46315789473684,100,6873,1046,0.8679126152291956,1046,6873,0,7271,648,170,121,0.015279707033716379,2.4825121565679016,18.390119729632204,2142,0.27048869806793785,1508864,190.5371890390201,705,705
urban_roundabout,1005,100,100,0.0,7906,83.32631578947368,100,0,7906,0.0,7906,0,0,7278,628,143,0,0.0,16.936540254048165,24.191558552221437,16149,2.0426258537819377,11377408,1439.0852517075639,666,666
urban_roundabout,1005,100,100,1.0,7906,83.32631578947368,100,3393,4513,0.42916772071844167,4513,3393,1,7252,654,166,1,0.00012648621300278268,9.779517122084485,22.78357278887597,9219,1.1660763976726536,6498688,821.9944346066279,666,666
urban_roundabout,1005,100,100,2.0,7906,83.32631578947368,100,4619,3287,0.5842398178598532,3287,4619,0,7262,644,166,5,0.0006324310650139134,7.227091724993262,22.20064409389977,6691,0.846319251201619,4703744,594.9587654945611,666,666
urban_roundabout,1005,100,100,5.0,7906,83.32631578947368,100,5844,2062,0.7391854287882621,2062,5844,1,7255,651,181,16,0.002023779408044523,4.613929228798175,20.77049171470264,4212,0.5327599291677207,2961664,374.6096635466734,666,666
urban_roundabout,1005,100,100,10.0,7906,83.32631578947368,100,6454,1452,0.8163420187199595,1452,6454,0,7274,632,152,10,0.0012648621300278269,3.329849275416767,19.56109121986671,2964,0.3749051353402479,2087552,264.046546926385,666,666
urban_roundabout,1005,100,100,30.0,7906,83.32631578947368,100,6890,1016,0.8714900075891728,1016,6890,0,7344,562,173,90,0.011383759170250442,2.3978847938558565,17.988113450781995,2074,0.26233240576777134,1462784,185.02200860106248,666,666
urban_roundabout,1006,100,100,0.0,7908,83.30526315789474,100,0,7908,0.0,7908,0,0,7198,710,166,0,0.0,16.844736337018656,24.277071029824523,16154,2.0427415275670207,11367936,1437.5235204855842,671,671
urban_roundabout,1006,100,100,1.0,7908,83.30526315789474,100,3437,4471,0.4346231664137582,4471,3437,0,7215,693,152,2,0.00025290844714213456,9.671240064015906,22.624402374379393,9115,1.1526302478502781,6419200,811.7349519473951,671,671
urban_roundabout,1006,100,100,2.0,7908,83.30526315789474,100,4618,3290,0.5839656044511887,3290,4618,0,7200,708,167,7,0.0008851795649974709,7.207778100159419,22.118561839360495,6724,0.8502781992918563,4739072,599.2756702073849,671,671
urban_roundabout,1006,100,100,5.0,7908,83.30526315789474,100,5833,2075,0.7376074860900355,2075,5833,0,7209,699,170,12,0.0015174506828528073,4.621705833804795,20.577324041780543,4225,0.5342690945877593,2977536,376.5220030349014,671,671
urban_roundabout,1006,100,100,10.0,7908,83.30526315789474,100,6436,1472,0.813859382903389,1472,6436,0,7241,667,151,22,0.00278199291856348,3.3307870980089596,19.302139244935994,3012,0.38088012139605465,2118656,267.9129994941831,671,671
urban_roundabout,1006,100,100,30.0,7908,83.30526315789474,100,6909,999,0.8736722306525038,999,6909,0,7310,598,148,98,0.012392513909964592,2.3586385337649944,17.970733882845725,2038,0.2577137076378351,1433856,181.31714719271625,671,671
urban_roundabout,1007,100,100,0.0,7886,83.07368421052631,100,0,7886,0.0,7886,0,0,7183,703,139,0,0.0,16.853501843109157,24.226786798948297,16059,2.036393608927213,11308672,1434.0187674359624,711,711
urban_roundabout,1007,100,100,1.0,7886,83.07368421052631,100,3391,4495,0.43000253613999495,4495,3391,0,7177,709,148,1,0.000126806999746386,9.764545181306204,22.752447262895714,9150,1.1602840476794318,6444288,817.1808267816383,711,711
urban_roundabout,1007,100,100,2.0,7886,83.07368421052631,100,4573,3313,0.5798884098402232,3313,4573,0,7171,715,155,4,0.000507227998985544,7.243245535488589,22.056605669506624,6770,0.8584833882830333,4764288,604.1450672077099,711,711
urban_roundabout,1007,100,100,5.0,7886,83.07368421052631,100,5799,2087,0.7353537915292924,2087,5799,0,7173,713,161,18,0.002282525995434948,4.669165790809456,20.739459389005788,4261,0.5403246259193507,2996608,379.99086989601824,711,711
urban_roundabout,1007,100,100,10.0,7886,83.07368421052631,100,6387,1499,0.8099163073801674,1499,6387,0,7214,672,141,33,0.004184630991630738,3.3822331277419138,19.484039568015366,3052,0.38701496322597007,2143232,271.77681968044635,711,711
urban_roundabout,1007,100,100,30.0,7886,83.07368421052631,100,6856,1030,0.8693887902612224,1030,6856,0,7300,586,134,114,0.014455997971088003,2.416055777537432,18.029906450743205,2091,0.26515343646969314,1469824,186.38397159523205,711,711
urban_roundabout,1008,100,100,0.0,7880,83.01052631578948,100,0,7880,0.0,7880,0,0,7135,745,168,0,0.0,16.94827641069962,24.247267271640272,16111,2.0445431472081217,11340800,1439.1878172588833,680,680
urban_roundabout,1008,100,100,1.0,7880,83.01052631578948,100,3388,4492,0.4299492385786802,4492,3388,0,7131,749,162,2,0.0002538071065989848,9.73040676913608,22.817369695523478,9156,1.1619289340101522,6458368,819.589847715736,680,680
urban_roundabout,1008,100,100,2.0,7880,83.01052631578948,100,4560,3320,0.5786802030456852,3320,4560,0,7127,753,175,8,0.0010152284263959391,7.31765912594739,22.14237185153571,6789,0.8615482233502538,4787072,607.4964467005076,680,680
urban_roundabout,1008,100,100,5.0,7880,83.01052631578948,100,5800,2080,0.7360406091370558,2080,5800,0,7171,709,152,24,0.003045685279187817,4.6663857316316655,20.838761665839556,4240,0.5380710659898477,2980480,378.2335025380711,680,680
urban_roundabout,1008,100,100,10.0,7880,83.01052631578948,100,6399,1481,0.8120558375634518,1481,6399,0,7187,693,138,29,0.0036802030456852793,3.3920080438689024,19.676586535740267,3017,0.3828680203045685,2120832,269.141116751269,680,680
urban_roundabout,1008,100,100,30.0,7880,83.01052631578948,100,6881,999,0.8732233502538072,999,6881,0,7253,627,146,100,0.012690355329949238,2.374312809032309,18.008331728647654,2036,0.2583756345177665,1435136,182.1238578680203,680,680
urban_roundabout,1009,100,100,0.0,7894,83.15789473684211,100,0,7894,0.0,7894,0,0,7171,723,150,0,0.0,16.96751856519604,24.042777651237657,16123,2.0424372941474536,11346560,1437.3650874081582,656,656
urban_roundabout,1009,100,100,1.0,7894,83.15789473684211,100,3419,4475,0.4331137572840132,4475,3419,1,7166,728,158,4,0.0005067139599695972,9.68079093735404,22.86421358634811,9112,1.1542944008107423,6417536,812.9637699518622,656,656
urban_roundabout,1009,100,100,2.0,7894,83.15789473684211,100,4608,3286,0.5837344818849759,3286,4608,0,7179,715,153,10,0.001266784899923993,7.182749661810049,21.95302655111737,6715,0.8506460602989613,4728704,599.0250823410184,656,656
urban_roundabout,1009,100,100,5.0,7894,83.15789473684211,100,5823,2071,0.7376488472257411,2071,5823,0,7185,709,165,27,0.0034203192297947807,4.636115707259084,20.904413618217866,4223,0.5349632632379022,2971648,376.44388142893337,656,656
urban_roundabout,1009,100,100,10.0,7894,83.15789473684211,100,6413,1481,0.8123891563212566,1481,6413,0,7201,693,166,47,0.005953889029642767,3.3667200526392587,19.5690362067502,3022,0.38282239675703067,2126592,269.3934633899164,656,656
urban_roundabout,1009,100,100,30.0,7894,83.15789473684211,100,6897,997,0.873701545477578,997,6897,0,7303,591,154,134,0.016974917658981504,2.3487343446151683,17.94997778434748,2030,0.2571573346845706,1430912,181.26577147200405,656,656
urban_roundabout,1010,100,100,0.0,7885,83.06315789473685,100,0,7885,0.0,7885,0,0,7184,701,167,0,0.0,16.939531788297703,24.122394147232733,16077,2.0389346861128725,11307904,1434.103233988586,645,645
urban_roundabout,1010,100,100,1.0,7885,83.06315789473685,100,3369,4516,0.4272669625871909,4516,3369,0,7190,695,161,4,0.000507292327203551,9.812101394770625,22.79530527335822,9234,1.1710843373493975,6495360,823.7615726062144,645,645
urban_roundabout,1010,100,100,2.0,7885,83.06315789473685,100,4548,3337,0.5767913760304375,3337,4548,0,7186,699,170,3,0.0003804692454026633,7.313770658764281,22.123329772779222,6828,0.8659480025364616,4805120,609.4001268230818,645,645
urban_roundabout,1010,100,100,5.0,7885,83.06315789473685,100,5800,2085,0.735573874445149,2085,5800,0,7200,685,164,13,0.001648700063411541,4.692106217437146,20.768240281006452,4254,0.5395053899809765,2988544,379.0163601775523,645,645
urban_roundabout,1010,100,100,10.0,7885,83.06315789473685,100,6424,1461,0.8147114774889029,1461,6424,0,7226,659,149,28,0.0035510462904248573,3.341456204179319,19.516112235675102,2980,0.3779327837666455,2097024,265.95104629042487,645,645
urban_roundabout,1010,100,100,30.0,7885,83.06315789473685,100,6896,989,0.874571972098922,989,6896,0,7283,602,167,103,0.01306277742549144,2.340043866848566,17.95439539013585,2016,0.25567533291058975,1422848,180.44996829422956,645,645
