topology,vehicle_count,architecture,backhaul_extra_latency_ms,message_type,seed_count,messages__mean,delivered__mean,dropped__mean,bytes_total__mean,retransmissions__mean,mean_queue_delay_ms__mean,messages__median,delivered__median,dropped__median,bytes_total__median,retransmissions__median,mean_queue_delay_ms__median,messages__std,delivered__std,dropped__std,bytes_total__std,retransmissions__std,mean_queue_delay_ms__std
urban_roundabout,20,centralized_remote_0ms_control,0.0,ATTESTATION_TO_SERVER,10,1324.8,1301.5,23.3,932659.2,23.3,4016.2271310293117,1333.0,1310.0,22.5,938432.0,22.5,4020.1893420686592,38.56826559635668,36.821642186808205,3.802046232695699,27152.0589798351,3.802046232695699,94.7303653613939
urban_roundabout,20,centralized_remote_100ms,100.0,ATTESTATION_TO_SERVER,10,1324.8,1301.5,23.3,932659.2,23.3,4016.2271310293117,1333.0,1310.0,22.5,938432.0,22.5,4020.1893420686592,38.56826559635668,36.821642186808205,3.802046232695699,27152.0589798351,3.802046232695699,94.7303653613939
urban_roundabout,20,distributed_density_honest,,COMMIT,10,59.9,58.8,1.1,21084.8,1.1,0.0,61.0,60.0,1.0,21472.0,1.0,0.0,3.9285281382896238,3.794733192202055,0.8755950357709131,1382.8419046779475,0.8755950357709131,0.0
urban_roundabout,20,distributed_density_honest,,LEDGER_REPLICATION,10,15.0,14.7,0.3,16800.0,0.3,0.0,15.0,15.0,0.0,16800.0,0.0,0.0,1.1547005383792515,0.9486832980505138,0.48304589153964794,1293.2646029847617,0.48304589153964794,0.0
urban_roundabout,20,distributed_density_honest,,PREPARE,10,59.4,58.8,0.6,20908.8,0.6,0.0,60.0,60.0,0.5,21120.0,0.5,0.0,3.7178249316263168,3.794733192202055,0.6992058987801011,1308.6743759324631,0.6992058987801011,0.0
urban_roundabout,20,distributed_density_honest,,PRE_PREPARE,10,14.8,14.7,0.1,8051.2,0.1,0.0,15.0,15.0,0.0,8160.0,0.0,0.0,1.0327955589886446,0.9486832980505138,0.31622776601683794,561.8407840898227,0.31622776601683794,0.0
urban_roundabout,20,distributed_density_honest,,RSU_EVIDENCE_EXCHANGE,10,861.4,845.1,16.3,606425.6,16.3,3990.1170710790857,865.0,848.5,15.5,608960.0,15.5,4048.1492093014276,28.320389200087728,26.467800143654618,3.4334951418181574,19937.55399686176,3.4334951418181574,246.2563250688843
urban_roundabout,20,distributed_density_honest,,RSU_READ_CACHE_SYNC,10,10.2,9.8,0.4,11424.0,0.4,0.0,10.0,10.0,0.0,11200.0,0.0,0.0,0.9189365834726815,0.632455532033676,0.5163977794943222,1029.2089734894032,0.5163977794943222,0.0
urban_roundabout,20,distributed_density_honest,,VPUFT_EVIDENCE_BUNDLE,10,15.1,14.7,0.4,425382.4,0.4,0.028389936207015392,15.0,15.0,0.0,429760.0,0.0,0.0,0.875595035770913,0.9486832980505138,0.5163977794943222,25628.680822685972,0.5163977794943222,0.08977686104105018
urban_roundabout,40,centralized_remote_0ms_control,0.0,ATTESTATION_TO_SERVER,10,2407.4,2365.0,42.4,1694809.6,42.4,5291.612806179253,2414.5,2373.0,42.0,1699808.0,42.0,5272.802930957465,28.795061304945282,29.773216897816816,4.402019738458447,20271.723158681452,4.402019738458447,63.58270569058078
urban_roundabout,40,centralized_remote_100ms,100.0,ATTESTATION_TO_SERVER,10,2407.4,2365.0,42.4,1694809.6,42.4,5291.612806179253,2414.5,2373.0,42.0,1699808.0,42.0,5272.802930957465,28.795061304945282,29.773216897816816,4.402019738458447,20271.723158681452,4.402019738458447,63.58270569058078
urban_roundabout,40,distributed_density_honest,,COMMIT,10,57.2,56.4,0.8,20134.4,0.8,0.0,60.0,60.0,1.0,21120.0,1.0,0.0,5.940445175985458,5.796550698475775,0.7888106377466155,2091.036701946881,0.7888106377466155,0.0
urban_roundabout,40,distributed_density_honest,,LEDGER_REPLICATION,10,14.3,14.1,0.2,16016.0,0.2,0.0,15.0,15.0,0.0,16800.0,0.0,0.0,1.4181364924121764,1.4491376746189437,0.4216370213557839,1588.3128715016378,0.4216370213557839,0.0
urban_roundabout,40,distributed_density_honest,,PREPARE,10,57.5,56.4,1.1,20240.0,1.1,0.00168100052971316,60.5,60.0,1.0,21296.0,1.0,0.0,5.720334100576838,5.796550698475775,0.9944289260117531,2013.5576034030464,0.9944289260117531,0.005315790421843138
urban_roundabout,40,distributed_density_honest,,PRE_PREPARE,10,14.2,14.1,0.1,7724.8,0.1,0.0,15.0,15.0,0.0,8160.0,0.0,0.0,1.5491933384829668,1.4491376746189437,0.31622776601683794,842.7611761347339,0.31622776601683794,0.0
urban_roundabout,40,distributed_density_honest,,RSU_EVIDENCE_EXCHANGE,10,1480.5,1452.4,28.1,1042272.0,28.1,4530.045855251061,1485.5,1456.5,28.5,1045792.0,28.5,4562.021675010719,26.184176731589446,24.61345612103718,4.998888765404657,18433.660419039,4.998888765404657,299.6961753727594
urban_roundabout,40,distributed_density_honest,,RSU_READ_CACHE_SYNC,10,9.8,9.4,0.4,10976.0,0.4,0.0,10.0,10.0,0.0,11200.0,0.0,0.0,0.9189365834726815,0.9660917830792962,0.5163977794943222,1029.2089734894032,0.5163977794943222,0.0
urban_roundabout,40,distributed_density_honest,,VPUFT_EVIDENCE_BUNDLE,10,14.4,14.1,0.3,348166.4,0.3,4.137160658582593,15.0,15.0,0.0,351072.0,0.0,5.4356027540501275,1.7763883459298973,1.4491376746189437,0.6749485577105528,27677.867817686634,0.6749485577105528,2.7074428436205262
urban_roundabout,60,centralized_remote_0ms_control,0.0,ATTESTATION_TO_SERVER,10,3207.3,3147.9,59.4,2257939.2,59.4,5557.031734720227,3209.5,3145.5,58.5,2259488.0,58.5,5553.757219610898,31.464442011755267,32.96951453826534,5.501514942874067,22150.967176275753,5.501514942874067,27.716178543598513
urban_roundabout,60,centralized_remote_100ms,100.0,ATTESTATION_TO_SERVER,10,3207.3,3147.9,59.4,2257939.2,59.4,5557.031734720227,3209.5,3145.5,58.5,2259488.0,58.5,5553.757219610898,31.464442011755267,32.96951453826534,5.501514942874067,22150.967176275753,5.501514942874067,27.716178543598513
urban_roundabout,60,distributed_density_honest,,COMMIT,10,81.6,80.4,1.2,28723.2,1.2,0.0,84.0,84.0,1.0,29568.0,1.0,0.0,10.44775361288519,9.879271228182777,1.3984117975602022,3677.6092717355873,1.3984117975602022,0.0
urban_roundabout,60,distributed_density_honest,,LEDGER_REPLICATION,10,20.3,20.1,0.2,22736.0,0.2,0.0,21.0,21.0,0.0,23520.0,0.0,0.0,2.7100635498903793,2.469817807045694,0.42163702135578396,3035.271175877225,0.42163702135578396,0.0
urban_roundabout,60,distributed_density_honest,,PREPARE,10,81.8,80.4,1.4,28793.6,1.4,0.00752601159907626,85.0,84.0,1.0,29920.0,1.0,0.0,10.643725329455329,9.879271228182777,1.3498971154211057,3746.5913159682746,1.3498971154211057,0.02379933834992696
urban_roundabout,60,distributed_density_honest,,PRE_PREPARE,10,20.1,20.1,0.0,10934.4,0.0,0.0,21.0,21.0,0.0,11424.0,0.0,0.0,2.469817807045694,2.469817807045694,0.0,1343.5808870328572,0.0,0.0
urban_roundabout,60,distributed_density_honest,,RSU_EVIDENCE_EXCHANGE,10,1857.5,1821.1,36.4,1307680.0,36.4,4764.773401447053,1850.5,1811.5,35.5,1302752.0,35.5,4774.450553527621,29.926762456221535,29.598986469134363,6.397916327472042,21068.44076918,6.397916327472042,188.1523133140197
urban_roundabout,60,distributed_density_honest,,RSU_READ_CACHE_SYNC,10,13.8,13.4,0.4,15456.0,0.4,0.0,14.0,14.0,0.0,15680.0,0.0,0.0,1.873795909674026,1.6465452046971294,0.5163977794943222,2098.6514188349092,0.5163977794943222,0.0
urban_roundabout,60,distributed_density_honest,,VPUFT_EVIDENCE_BUNDLE,10,20.9,20.1,0.8,535955.2,0.8,9.297620458621761,21.5,21.0,1.0,537312.0,1.0,9.831151961483734,2.5144029554194818,2.469817807045694,0.7888106377466155,69025.91159975923,0.7888106377466155,4.696919982740908
urban_roundabout,80,centralized_remote_0ms_control,0.0,ATTESTATION_TO_SERVER,10,4175.5,4094.8,80.7,2939552.0,80.7,5730.5300493998975,4158.0,4081.0,78.5,2927232.0,78.5,5726.746594199242,47.61477361771941,49.39140725987782,6.600505031182591,33520.800626874436,6.600505031182591,24.80603819100946
urban_roundabout,80,centralized_remote_100ms,100.0,ATTESTATION_TO_SERVER,10,4175.5,4094.8,80.7,2939552.0,80.7,5730.5300493998975,4158.0,4081.0,78.5,2927232.0,78.5,5726.746594199242,47.61477361771941,49.39140725987782,6.600505031182591,33520.800626874436,6.600505031182591,24.80603819100946
urban_roundabout,80,distributed_density_honest,,COMMIT,10,133.9,130.8,3.1,47132.8,3.1,0.0,134.5,132.0,3.0,47344.0,3.0,0.0,10.989388821343375,10.507140429250956,1.449137674618944,3868.2648651128666,1.449137674618944,0.0
urban_roundabout,80,distributed_density_honest,,LEDGER_REPLICATION,10,33.5,32.7,0.8,37520.0,0.8,0.0,33.0,33.0,0.0,36960.0,0.0,0.0,3.5355339059327373,2.626785107312739,1.3165611772087666,3959.7979746446663,1.3165611772087666,0.0
urban_roundabout,80,distributed_density_honest,,PREPARE,10,133.3,130.8,2.5,46921.6,2.5,0.0,133.5,132.0,2.0,46992.0,2.0,0.0,10.382142788889432,10.507140429250956,1.1785113019775793,3654.5142616890826,1.1785113019775793,0.0
urban_roundabout,80,distributed_density_honest,,PRE_PREPARE,10,33.1,32.7,0.4,18006.4,0.4,0.0,33.0,33.0,0.0,17952.0,0.0,0.0,2.643650674519781,2.626785107312739,0.6992058987801011,1438.145966938759,0.6992058987801011,0.0
urban_roundabout,80,distributed_density_honest,,RSU_EVIDENCE_EXCHANGE,10,2412.0,2365.2,46.8,1698048.0,46.8,5086.567257748326,2429.0,2379.5,47.0,1710016.0,47.0,5064.429612352307,60.99726769837045,60.15129074074616,6.988880056521535,42942.07645965279,6.988880056521535,119.92797726506376
urban_roundabout,80,distributed_density_honest,,RSU_READ_CACHE_SYNC,10,22.5,21.8,0.7,25200.0,0.7,0.0,22.0,22.0,0.5,24640.0,0.5,0.0,1.9002923751652303,1.751190071541827,0.8232726023485646,2128.3274601850576,0.8232726023485646,0.0
urban_roundabout,80,distributed_density_honest,,VPUFT_EVIDENCE_BUNDLE,10,33.1,32.7,0.4,1181068.8,0.4,0.05451018988838803,33.0,33.0,0.0,1191136.0,0.0,0.0,2.6012817353502222,2.626785107312739,0.5163977794943222,91419.36372174599,0.5163977794943222,0.07821581031655568
urban_roundabout,100,centralized_remote_0ms_control,0.0,ATTESTATION_TO_SERVER,10,5900.4,5784.9,115.5,4153881.6,115.4,5904.983863941172,5902.5,5788.0,111.5,4155360.0,111.5,5901.684949303562,51.98333066153669,56.44751741416289,10.458914326491488,36596.26478572187,10.276186062932103,48.77805138325456
urban_roundabout,100,centralized_remote_100ms,100.0,ATTESTATION_TO_SERVER,10,5900.4,5784.9,115.5,4153881.6,115.4,5904.983863941172,5902.5,5788.0,111.5,4155360.0,111.5,5901.684949303562,51.98333066153669,56.44751741416289,10.458914326491488,36596.26478572187,10.276186062932103,48.77805138325456
urban_roundabout,100,distributed_density_honest,,COMMIT,10,228.2,224.4,3.8,80326.4,3.8,0.0,232.0,228.0,3.5,81664.0,3.5,0.0,13.92679272322079,13.91402170474087,1.3984117975602022,4902.231038573718,1.3984117975602022,0.0
urban_roundabout,100,distributed_density_honest,,LEDGER_REPLICATION,10,57.2,56.1,1.1,64064.0,1.1,0.0,57.5,57.0,1.0,64400.0,1.0,0.0,3.9944405810520647,3.4785054261852175,0.9944289260117533,4473.7734507783125,0.9944289260117533,0.0
urban_roundabout,100,distributed_density_honest,,PREPARE,10,229.4,224.4,5.0,80748.8,5.0,0.0,231.0,228.0,5.5,81312.0,5.5,0.0,14.135848832745141,13.91402170474087,1.8856180831641267,4975.818789126291,1.8856180831641267,0.0
urban_roundabout,100,distributed_density_honest,,PRE_PREPARE,10,57.3,56.1,1.2,31171.2,1.2,0.0,58.0,57.0,1.0,31552.0,1.0,0.0,3.0568684048294332,3.4785054261852175,0.9189365834726815,1662.9364122272116,0.9189365834726815,0.0
urban_roundabout,100,distributed_density_honest,,RSU_EVIDENCE_EXCHANGE,10,3489.9,3422.4,67.5,2456889.6,67.5,5601.340395917724,3506.5,3438.5,66.0,2468576.0,66.0,5584.13670767903,69.88951598376141,66.79853624477443,8.329999333066533,49202.219252568095,8.329999333066533,95.63146502770921
urban_roundabout,100,distributed_density_honest,,RSU_READ_CACHE_SYNC,10,38.4,37.4,1.0,43008.0,1.0,0.0,39.5,38.0,0.5,44240.0,0.5,0.0,2.319003617456812,2.319003617456811,1.3333333333333333,2597.2840515516286,1.3333333333333333,0.0
urban_roundabout,100,distributed_density_honest,,VPUFT_EVIDENCE_BUNDLE,10,57.6,56.1,1.5,1994726.4,1.5,0.21036088591439145,58.0,57.0,1.0,1979200.0,1.0,0.1248547670661688,4.005551702879948,3.4785054261852175,1.5092308563562362,128404.10946971716,1.5092308563562362,0.23819017964870443
