topology,vehicle_count,backhaul_extra_latency_ms,metric,paired_seed_count,distributed_mean,remote_mean,mean_difference_distributed_minus_remote,median_difference_distributed_minus_remote,difference_std,minimum_difference,maximum_difference,mean_difference_ci95_lower,mean_difference_ci95_upper,wilcoxon_raw_p,rank_biserial,holm_adjusted_p_within_metric,holm_reject_0_05,holm_adjusted_p_within_metric_and_backhaul,holm_reject_0_05_within_metric_and_backhaul,analysis_family
urban_roundabout,20,0.0,trust_precision,10,0.795,0.795,0.0,0.0,0.0,0.0,0.0,0.0,0.0,1.0,,1.0,False,1.0,False,supplementary_exploratory_density
urban_roundabout,20,0.0,malicious_revocation_recall,10,0.4333333333333333,0.4333333333333333,0.0,0.0,0.0,0.0,0.0,0.0,0.0,1.0,,1.0,False,1.0,False,supplementary_exploratory_density
urban_roundabout,20,0.0,false_revocation_rate,10,0.03645512469650397,0.03645512469650397,0.0,0.0,0.0,0.0,0.0,0.0,0.0,1.0,,1.0,False,1.0,False,supplementary_exploratory_density
urban_roundabout,20,0.0,trust_f1,10,0.5604395604395604,0.5604395604395604,0.0,0.0,0.0,0.0,0.0,0.0,0.0,1.0,,1.0,False,1.0,False,supplementary_exploratory_density
urban_roundabout,20,0.0,mcc,10,0.5012022153936407,0.5012022153936407,0.0,0.0,0.0,0.0,0.0,0.0,0.0,1.0,,1.0,False,1.0,False,supplementary_exploratory_density
urban_roundabout,20,0.0,detection_latency_p95_ms,10,9064.999999999995,9064.999999999995,0.0,0.0,0.0,0.0,0.0,0.0,0.0,1.0,,1.0,False,1.0,False,supplementary_exploratory_density
urban_roundabout,20,0.0,qualification_latency_p95_ms,10,14097.473233402638,14042.573473937071,54.899759465565694,53.76014164259868,7.4512828058617435,46.22198191429925,71.66487591424448,50.930409596664994,59.509595921327495,0.001953125,1.0,0.01953125,True,0.009765625,True,supplementary_exploratory_density
urban_roundabout,20,0.0,consensus_latency_p95_ms,10,78.51852886836348,0.0,78.51852886836348,74.12765894854125,8.856656408967044,67.49563716837201,93.93187612068203,73.70000060826378,84.07455402628473,0.001953125,1.0,0.01953125,True,0.009765625,True,supplementary_exploratory_density
urban_roundabout,20,0.0,latency_p50_ms,10,14084.912323674642,14028.863412241772,56.048911432866774,56.046092232629235,7.011550258945753,46.29456711278726,71.83073676358617,52.35278488783895,60.526272134101205,0.001953125,1.0,0.01953125,True,0.009765625,True,supplementary_exploratory_density
urban_roundabout,20,0.0,latency_p95_ms,10,14168.130520791578,14054.154777359503,113.97574343207471,110.04683274436229,11.931118398553885,100.5624034979428,134.7692510478446,107.3922075204401,121.32821172205007,0.001953125,1.0,0.01953125,True,0.009765625,True,supplementary_exploratory_density
urban_roundabout,20,0.0,latency_p99_ms,10,14174.540702792176,14067.735761609481,106.80494118269289,106.45402368735813,13.031093172147344,90.72618502045589,131.29652006509787,99.62127589355696,114.92971189889857,0.001953125,1.0,0.01953125,True,0.009765625,True,supplementary_exploratory_density
urban_roundabout,20,0.0,ledger_consistency_delay_p95_ms,10,14.879194392905788,1.000000000001222,13.879194392904566,13.980075463279817,1.2790786494758275,12.056271872550184,16.561891073241952,13.164068587574414,14.653746695873762,0.001953125,1.0,0.01953125,True,0.009765625,True,supplementary_exploratory_density
urban_roundabout,20,0.0,messages_per_decision,10,28.411423404828973,36.3331198956586,-7.921696490829618,-7.875289575289575,0.5755079042157355,-8.666666666666668,-6.72972972972973,-8.240619724988147,-7.564561976284112,0.001953125,-1.0,0.01953125,True,0.009765625,True,supplementary_exploratory_density
urban_roundabout,20,0.0,bytes_per_decision,10,30446.64209500965,25578.51640654365,4868.125688465999,4842.996904024769,674.742927510294,3730.16216216216,5737.263157894737,4452.235058106315,5252.707929282669,0.001953125,1.0,0.01953125,True,0.009765625,True,supplementary_exploratory_density
urban_roundabout,20,0.0,retransmissions,10,19.2,23.3,-4.1,-5.0,3.314949304120485,-8.0,1.0,-6.0,-2.097500000000014,0.015625,-0.9444444444444444,0.03125,True,0.015625,True,supplementary_exploratory_density
urban_roundabout,20,0.0,mean_queue_delay_ms,10,3316.5573826076497,4016.227131029311,-699.6697484216612,-724.3810428598565,204.62545848053438,-1042.9642697447066,-295.49214649517944,-812.4894647772553,-574.7654203936619,0.001953125,-1.0,0.01953125,True,0.009765625,True,supplementary_exploratory_density
urban_roundabout,20,0.0,packet_delivery_ratio,10,0.9815066085816996,0.982435974456864,-0.0009293658751643119,-0.0004771435517850753,0.0027573237256363556,-0.005429753376479218,0.002192975491394966,-0.002658077229588267,0.0006727707654307296,0.625,-0.2,1.0,False,1.0,False,supplementary_exploratory_density
urban_roundabout,20,0.0,runtime_seconds,10,0.7874107400006324,0.5257965899996634,0.26161415000096894,0.2781117000049562,0.08321893402573495,0.08354770000005374,0.3754635999939637,0.20892192100207466,0.30628106225060037,0.001953125,1.0,0.01953125,True,0.009765625,True,supplementary_exploratory_density
urban_roundabout,20,0.0,cpu_time_seconds,10,0.7484375,0.5046875,0.24375,0.25,0.08844970714730742,0.046875,0.375,0.1858984375,0.290625,0.001953125,1.0,0.01953125,True,0.009765625,True,supplementary_exploratory_density
urban_roundabout,20,0.0,peak_memory_kb,10,1206.547265625,1276.22333984375,-69.67607421875,-48.54541015625,57.074058492143685,-176.2236328125,-9.3603515625,-110.17257080078126,-40.48775146484376,0.001953125,-1.0,0.01953125,True,0.009765625,True,supplementary_exploratory_density
urban_roundabout,20,100.0,trust_precision,10,0.795,0.795,0.0,0.0,0.0,0.0,0.0,0.0,0.0,1.0,,1.0,False,1.0,False,supplementary_exploratory_density
urban_roundabout,20,100.0,malicious_revocation_recall,10,0.4333333333333333,0.4333333333333333,0.0,0.0,0.0,0.0,0.0,0.0,0.0,1.0,,1.0,False,1.0,False,supplementary_exploratory_density
urban_roundabout,20,100.0,false_revocation_rate,10,0.03645512469650397,0.03645512469650397,0.0,0.0,0.0,0.0,0.0,0.0,0.0,1.0,,1.0,False,1.0,False,supplementary_exploratory_density
urban_roundabout,20,100.0,trust_f1,10,0.5604395604395604,0.5604395604395604,0.0,0.0,0.0,0.0,0.0,0.0,0.0,1.0,,1.0,False,1.0,False,supplementary_exploratory_density
urban_roundabout,20,100.0,mcc,10,0.5012022153936407,0.5012022153936407,0.0,0.0,0.0,0.0,0.0,0.0,0.0,1.0,,1.0,False,1.0,False,supplementary_exploratory_density
urban_roundabout,20,100.0,detection_latency_p95_ms,10,9064.999999999995,9064.999999999995,0.0,0.0,0.0,0.0,0.0,0.0,0.0,1.0,,1.0,False,1.0,False,supplementary_exploratory_density
urban_roundabout,20,100.0,qualification_latency_p95_ms,10,14097.473233402638,14142.573473937071,-45.10024053443503,-46.23985835740223,7.451282805861719,-53.77801808570075,-28.335124085755524,-48.98820586267701,-40.494392585084555,0.001953125,-1.0,0.01953125,True,0.009765625,True,supplementary_exploratory_density
urban_roundabout,20,100.0,consensus_latency_p95_ms,10,78.51852886836348,0.0,78.51852886836348,74.12765894854125,8.856656408967044,67.49563716837201,93.93187612068203,73.35241548253983,83.93285298559219,0.001953125,1.0,0.01953125,True,0.009765625,True,supplementary_exploratory_density
urban_roundabout,20,100.0,latency_p50_ms,10,14084.912323674642,14128.863412241772,-43.95108856713377,-43.9539077673744,7.011550258945942,-53.70543288721274,-28.169263236413826,-47.706794352774565,-39.67308412218705,0.001953125,-1.0,0.01953125,True,0.009765625,True,supplementary_exploratory_density
urban_roundabout,20,100.0,latency_p95_ms,10,14168.130520791578,14154.154777359505,13.97574343207325,10.046832744358653,11.931118398554215,0.5624034979427961,34.76925104784641,7.60911989432192,21.220519463004056,0.001953125,1.0,0.01953125,True,0.009765625,True,supplementary_exploratory_density
urban_roundabout,20,100.0,latency_p99_ms,10,14174.540702792176,14167.735761609487,6.804941182691982,6.454023687356312,13.03109317214755,-9.273814979544113,31.296520065097866,-0.5028051631885774,14.810771110934013,0.232421875,0.45454545454545453,0.697265625,False,0.46484375,False,supplementary_exploratory_density
urban_roundabout,20,100.0,ledger_consistency_delay_p95_ms,10,14.879194392905788,1.000000000001222,13.879194392904566,13.980075463279817,1.2790786494758275,12.056271872550184,16.561891073241952,13.163249422839483,14.674711903834094,0.001953125,1.0,0.01953125,True,0.009765625,True,supplementary_exploratory_density
urban_roundabout,20,100.0,messages_per_decision,10,28.411423404828973,36.3331198956586,-7.921696490829618,-7.875289575289575,0.5755079042157355,-8.666666666666668,-6.72972972972973,-8.242557410019486,-7.5728416988417,0.001953125,-1.0,0.01953125,True,0.009765625,True,supplementary_exploratory_density
urban_roundabout,20,100.0,bytes_per_decision,10,30446.64209500965,25578.51640654365,4868.125688465999,4842.996904024769,674.742927510294,3730.16216216216,5737.263157894737,4460.032712050398,5243.744156161468,0.001953125,1.0,0.01953125,True,0.009765625,True,supplementary_exploratory_density
urban_roundabout,20,100.0,retransmissions,10,19.2,23.3,-4.1,-5.0,3.314949304120485,-8.0,1.0,-6.0,-2.1,0.015625,-0.9444444444444444,0.03125,True,0.015625,True,supplementary_exploratory_density
urban_roundabout,20,100.0,mean_queue_delay_ms,10,3316.5573826076497,4016.227131029311,-699.6697484216612,-724.3810428598565,204.62545848053438,-1042.9642697447066,-295.49214649517944,-812.5561742744432,-576.0636119693687,0.001953125,-1.0,0.01953125,True,0.009765625,True,supplementary_exploratory_density
urban_roundabout,20,100.0,packet_delivery_ratio,10,0.9815066085816996,0.982435974456864,-0.0009293658751643119,-0.0004771435517850753,0.0027573237256363556,-0.005429753376479218,0.002192975491394966,-0.0025588217301572916,0.000605724719001579,0.625,-0.2,1.0,False,1.0,False,supplementary_exploratory_density
urban_roundabout,20,100.0,runtime_seconds,10,0.7874107400006324,0.49576015999991796,0.2916505800007144,0.28860800000620657,0.08138586509412805,0.16708769999240758,0.42238630000065314,0.24571076375015763,0.33898434774986524,0.001953125,1.0,0.01953125,True,0.009765625,True,supplementary_exploratory_density
urban_roundabout,20,100.0,cpu_time_seconds,10,0.7484375,0.4765625,0.271875,0.265625,0.07261843774138907,0.15625,0.390625,0.2296875,0.3140625,0.001953125,1.0,0.01953125,True,0.009765625,True,supplementary_exploratory_density
urban_roundabout,20,100.0,peak_memory_kb,10,1206.547265625,1250.34384765625,-43.79658203125,-46.73828125,18.168047161612474,-68.4716796875,-6.91015625,-53.76584716796875,-33.12990722656251,0.001953125,-1.0,0.01953125,True,0.009765625,True,supplementary_exploratory_density
urban_roundabout,40,0.0,trust_precision,10,0.8100000000000002,0.8100000000000002,0.0,0.0,0.0,0.0,0.0,0.0,0.0,1.0,,1.0,False,1.0,False,supplementary_exploratory_density
urban_roundabout,40,0.0,malicious_revocation_recall,10,0.475,0.475,0.0,0.0,0.0,0.0,0.0,0.0,0.0,1.0,,1.0,False,1.0,False,supplementary_exploratory_density
urban_roundabout,40,0.0,false_revocation_rate,10,0.01330371509113346,0.01330371509113346,0.0,0.0,0.0,0.0,0.0,0.0,0.0,1.0,,1.0,False,1.0,False,supplementary_exploratory_density
urban_roundabout,40,0.0,trust_f1,10,0.5974358974358974,0.5974358974358974,0.0,0.0,0.0,0.0,0.0,0.0,0.0,1.0,,1.0,False,1.0,False,supplementary_exploratory_density
urban_roundabout,40,0.0,mcc,10,0.5881227332859068,0.5881227332859068,0.0,0.0,0.0,0.0,0.0,0.0,0.0,1.0,,1.0,False,1.0,False,supplementary_exploratory_density
urban_roundabout,40,0.0,detection_latency_p95_ms,10,9674.999999999998,9674.999999999998,0.0,0.0,0.0,0.0,0.0,0.0,0.0,1.0,,1.0,False,1.0,False,supplementary_exploratory_density
urban_roundabout,40,0.0,qualification_latency_p95_ms,10,13973.190475562727,14005.445465581675,-32.25499001894932,-32.468694822715406,9.712801976825563,-46.81308775561229,-10.23882637544375,-37.53313695900519,-26.266116388103928,0.001953125,-1.0,0.01953125,True,0.009765625,True,supplementary_exploratory_density
urban_roundabout,40,0.0,consensus_latency_p95_ms,10,79.11769661093578,0.0,79.11769661093578,78.13455973527752,7.9539789341130005,69.08293072478226,92.31220284959888,74.63808211011789,83.87416492980095,0.001953125,1.0,0.01953125,True,0.009765625,True,supplementary_exploratory_density
urban_roundabout,40,0.0,latency_p50_ms,10,14079.931274241255,14040.249508566052,39.681765675203316,40.18423313126823,3.0125388287575645,34.35064962284014,44.501485215250796,37.94893823522007,41.38651345287164,0.001953125,1.0,0.01953125,True,0.009765625,True,supplementary_exploratory_density
urban_roundabout,40,0.0,latency_p95_ms,10,14096.363618608582,14079.957695331785,16.405923276796056,13.955661904133194,7.685967399586757,6.884373936094562,28.09626865087739,11.989575823856262,21.05394380652129,0.001953125,1.0,0.01953125,True,0.009765625,True,supplementary_exploratory_density
urban_roundabout,40,0.0,latency_p99_ms,10,14099.010945888838,14094.29956540216,4.7113804866809,4.3621731902148895,11.154695132485024,-11.125955532357693,23.139180020296408,-1.9747996855170231,11.448057779627266,0.275390625,0.41818181818181815,0.697265625,False,0.275390625,False,supplementary_exploratory_density
urban_roundabout,40,0.0,ledger_consistency_delay_p95_ms,10,14.13773730499464,1.0000000000008935,13.137737304993749,13.254596008088138,1.066657001960763,11.636131833484598,14.373274597698682,12.525469404841719,13.750039918425422,0.001953125,1.0,0.01953125,True,0.009765625,True,supplementary_exploratory_density
urban_roundabout,40,0.0,messages_per_decision,10,21.772945742735214,31.80493790372738,-10.03199216099216,-10.071428571428573,0.5239053961092204,-10.70666666666667,-8.932432432432428,-10.323920773524723,-9.700071533101795,0.001953125,-1.0,0.01953125,True,0.009765625,True,supplementary_exploratory_density
urban_roundabout,40,0.0,bytes_per_decision,10,19362.858931899777,22390.67628422408,-3027.817352324301,-3082.2455411255414,590.6470623126206,-4184.84210526316,-2163.8918918918935,-3377.6466407837793,-2686.420124911789,0.001953125,-1.0,0.01953125,True,0.009765625,True,supplementary_exploratory_density
urban_roundabout,40,0.0,retransmissions,10,31.0,42.4,-11.4,-13.5,6.899275324264136,-22.0,-1.0,-15.3,-7.2,0.001953125,-1.0,0.01953125,True,0.009765625,True,supplementary_exploratory_density
urban_roundabout,40,0.0,mean_queue_delay_ms,10,4068.8835121477605,5291.612806179253,-1222.7292940314928,-1190.530204378801,213.32160059198725,-1700.7744173651622,-963.845954723577,-1354.3473615287567,-1113.39536863759,0.001953125,-1.0,0.01953125,True,0.009765625,True,supplementary_exploratory_density
urban_roundabout,40,0.0,packet_delivery_ratio,10,0.9812164500404048,0.9823824724581574,-0.0011660224177526212,-0.0004184669590436285,0.003339633424475195,-0.005903397413669076,0.0040042183693012046,-0.003157578344746621,0.0007938574014578465,0.375,-0.34545454545454546,1.0,False,1.0,False,supplementary_exploratory_density
urban_roundabout,40,0.0,runtime_seconds,10,1.177698949999467,0.9060584200007724,0.27164052999869454,0.2552708500006702,0.11320764657034078,0.0704005999941727,0.4528211999931955,0.209672913997474,0.3378805334981371,0.001953125,1.0,0.01953125,True,0.009765625,True,supplementary_exploratory_density
urban_roundabout,40,0.0,cpu_time_seconds,10,1.14375,0.8640625,0.2796875,0.2421875,0.13828100478634883,0.109375,0.53125,0.2,0.3640625,0.001953125,1.0,0.01953125,True,0.009765625,True,supplementary_exploratory_density
urban_roundabout,40,0.0,peak_memory_kb,10,2058.1541015625,2210.71669921875,-152.56259765625,-153.80322265625,10.378853920382843,-164.626953125,-130.6650390625,-158.09229980468749,-146.15506591796876,0.001953125,-1.0,0.01953125,True,0.009765625,True,supplementary_exploratory_density
urban_roundabout,40,100.0,trust_precision,10,0.8100000000000002,0.8100000000000002,0.0,0.0,0.0,0.0,0.0,0.0,0.0,1.0,,1.0,False,1.0,False,supplementary_exploratory_density
urban_roundabout,40,100.0,malicious_revocation_recall,10,0.475,0.475,0.0,0.0,0.0,0.0,0.0,0.0,0.0,1.0,,1.0,False,1.0,False,supplementary_exploratory_density
urban_roundabout,40,100.0,false_revocation_rate,10,0.01330371509113346,0.01330371509113346,0.0,0.0,0.0,0.0,0.0,0.0,0.0,1.0,,1.0,False,1.0,False,supplementary_exploratory_density
urban_roundabout,40,100.0,trust_f1,10,0.5974358974358974,0.5974358974358974,0.0,0.0,0.0,0.0,0.0,0.0,0.0,1.0,,1.0,False,1.0,False,supplementary_exploratory_density
urban_roundabout,40,100.0,mcc,10,0.5881227332859068,0.5881227332859068,0.0,0.0,0.0,0.0,0.0,0.0,0.0,1.0,,1.0,False,1.0,False,supplementary_exploratory_density
urban_roundabout,40,100.0,detection_latency_p95_ms,10,9674.999999999998,9674.999999999998,0.0,0.0,0.0,0.0,0.0,0.0,0.0,1.0,,1.0,False,1.0,False,supplementary_exploratory_density
urban_roundabout,40,100.0,qualification_latency_p95_ms,10,13973.190475562727,14105.445465581675,-132.25499001895005,-132.4686948227136,9.712801976824839,-146.8130877556141,-110.23882637544921,-137.66932956268806,-125.90707879141337,0.001953125,-1.0,0.01953125,True,0.009765625,True,supplementary_exploratory_density
urban_roundabout,40,100.0,consensus_latency_p95_ms,10,79.11769661093578,0.0,79.11769661093578,78.13455973527752,7.9539789341130005,69.08293072478226,92.31220284959888,74.72740027043821,83.60372911467333,0.001953125,1.0,0.01953125,True,0.009765625,True,supplementary_exploratory_density
urban_roundabout,40,100.0,latency_p50_ms,10,14079.931274241255,14140.249508566052,-60.31823432479705,-59.81576686872995,3.01253882875826,-65.64935037716168,-55.49851478475102,-62.09624490250352,-58.54957469524445,0.001953125,-1.0,0.01953125,True,0.009765625,True,supplementary_exploratory_density
urban_roundabout,40,100.0,latency_p95_ms,10,14096.363618608582,14179.957695331785,-83.59407672320359,-86.04433809586772,7.6859673995883835,-93.11562606390726,-71.90373134911715,-87.98776241632025,-78.94647371180629,0.001953125,-1.0,0.01953125,True,0.009765625,True,supplementary_exploratory_density
urban_roundabout,40,100.0,latency_p99_ms,10,14099.010945888838,14194.299565402156,-95.2886195133182,-95.63782680978511,11.154695132485196,-111.12595553235406,-76.86081997970177,-101.75651843585429,-89.14687445467108,0.001953125,-1.0,0.01953125,True,0.009765625,True,supplementary_exploratory_density
urban_roundabout,40,100.0,ledger_consistency_delay_p95_ms,10,14.13773730499464,1.0000000000008935,13.137737304993749,13.254596008088138,1.066657001960763,11.636131833484598,14.373274597698682,12.49482525309101,13.75963032271744,0.001953125,1.0,0.01953125,True,0.009765625,True,supplementary_exploratory_density
urban_roundabout,40,100.0,messages_per_decision,10,21.772945742735214,31.80493790372738,-10.03199216099216,-10.071428571428573,0.5239053961092204,-10.70666666666667,-8.932432432432428,-10.331670289359762,-9.708566366776893,0.001953125,-1.0,0.01953125,True,0.009765625,True,supplementary_exploratory_density
urban_roundabout,40,100.0,bytes_per_decision,10,19362.858931899777,22390.67628422408,-3027.817352324301,-3082.2455411255414,590.6470623126206,-4184.84210526316,-2163.8918918918935,-3371.6742432789606,-2682.336149632066,0.001953125,-1.0,0.01953125,True,0.009765625,True,supplementary_exploratory_density
urban_roundabout,40,100.0,retransmissions,10,31.0,42.4,-11.4,-13.5,6.899275324264136,-22.0,-1.0,-15.3025,-7.3,0.001953125,-1.0,0.01953125,True,0.009765625,True,supplementary_exploratory_density
urban_roundabout,40,100.0,mean_queue_delay_ms,10,4068.8835121477605,5291.612806179253,-1222.7292940314928,-1190.530204378801,213.32160059198725,-1700.7744173651622,-963.845954723577,-1354.0312321011663,-1102.208969122733,0.001953125,-1.0,0.01953125,True,0.009765625,True,supplementary_exploratory_density
urban_roundabout,40,100.0,packet_delivery_ratio,10,0.9812164500404048,0.9823824724581574,-0.0011660224177526212,-0.0004184669590436285,0.003339633424475195,-0.005903397413669076,0.0040042183693012046,-0.0030818004615573236,0.0008060588040671998,0.375,-0.34545454545454546,1.0,False,1.0,False,supplementary_exploratory_density
urban_roundabout,40,100.0,runtime_seconds,10,1.177698949999467,0.9298815699999977,0.24781737999946926,0.25852930000110064,0.06500431205128081,0.15558690000034403,0.36204409999481857,0.20851412499934668,0.285774875498555,0.001953125,1.0,0.01953125,True,0.009765625,True,supplementary_exploratory_density
urban_roundabout,40,100.0,cpu_time_seconds,10,1.14375,0.8953125,0.2484375,0.234375,0.07418904741903919,0.15625,0.375,0.20625,0.29375,0.001953125,1.0,0.01953125,True,0.009765625,True,supplementary_exploratory_density
urban_roundabout,40,100.0,peak_memory_kb,10,2058.1541015625,2208.13369140625,-149.97958984375,-149.80517578125,9.676925394543956,-164.626953125,-130.5009765625,-155.384609375,-144.037763671875,0.001953125,-1.0,0.01953125,True,0.009765625,True,supplementary_exploratory_density
urban_roundabout,60,0.0,trust_precision,10,0.9136904761904763,0.9136904761904763,0.0,0.0,0.0,0.0,0.0,0.0,0.0,1.0,,1.0,False,1.0,False,supplementary_exploratory_density
urban_roundabout,60,0.0,malicious_revocation_recall,10,0.6277777777777777,0.6277777777777777,0.0,0.0,0.0,0.0,0.0,0.0,0.0,1.0,,1.0,False,1.0,False,supplementary_exploratory_density
urban_roundabout,60,0.0,false_revocation_rate,10,0.005480626730626699,0.005480626730626699,0.0,0.0,0.0,0.0,0.0,0.0,0.0,1.0,,1.0,False,1.0,False,supplementary_exploratory_density
urban_roundabout,60,0.0,trust_f1,10,0.74234360410831,0.74234360410831,0.0,0.0,0.0,0.0,0.0,0.0,0.0,1.0,,1.0,False,1.0,False,supplementary_exploratory_density
urban_roundabout,60,0.0,mcc,10,0.7399001527649096,0.7399001527649096,0.0,0.0,0.0,0.0,0.0,0.0,0.0,1.0,,1.0,False,1.0,False,supplementary_exploratory_density
urban_roundabout,60,0.0,detection_latency_p95_ms,10,9519.999999999996,9519.999999999996,0.0,0.0,0.0,0.0,0.0,0.0,0.0,1.0,,1.0,False,1.0,False,supplementary_exploratory_density
urban_roundabout,60,0.0,qualification_latency_p95_ms,10,14122.051400321277,14071.794816338079,50.25658398319756,52.06232097958764,20.26207137459574,23.925411057150995,94.18184338124956,39.548583694994086,62.44348358020386,0.001953125,1.0,0.01953125,True,0.009765625,True,supplementary_exploratory_density
urban_roundabout,60,0.0,consensus_latency_p95_ms,10,106.7551204600909,0.0,106.7551204600909,105.28277137738003,15.046633271562381,86.29855288513042,138.28293697698797,98.35258121021144,115.77501764043197,0.001953125,1.0,0.01953125,True,0.009765625,True,supplementary_exploratory_density
urban_roundabout,60,0.0,latency_p50_ms,10,14096.224912870643,14053.273928903922,42.95098396671983,36.841648723294384,19.310635143037786,24.30996646825406,88.5588699703585,32.974259447434314,55.17766175145113,0.001953125,1.0,0.01953125,True,0.009765625,True,supplementary_exploratory_density
urban_roundabout,60,0.0,latency_p95_ms,10,14197.951871664889,14101.898808576972,96.05306308791714,99.78010935048951,20.128823947221775,66.89136561177656,128.8004912630695,85.22038206802792,107.44194666350184,0.001953125,1.0,0.01953125,True,0.009765625,True,supplementary_exploratory_density
urban_roundabout,60,0.0,latency_p99_ms,10,14207.724202175265,14113.652302753277,94.07189942198656,88.92231777451616,19.41870155936637,65.1195855991864,124.08104852884026,82.51225895217021,105.5619238072586,0.001953125,1.0,0.01953125,True,0.009765625,True,supplementary_exploratory_density
urban_roundabout,60,0.0,ledger_consistency_delay_p95_ms,10,13.72942610250199,1.0000000000011864,12.729426102500803,12.781175041350945,1.3132825296638129,10.637015742556953,14.314482719965937,11.942844689302298,13.470022351492565,0.001953125,1.0,0.01953125,True,0.009765625,True,supplementary_exploratory_density
urban_roundabout,60,0.0,messages_per_decision,10,17.546539578960605,26.843257435780977,-9.296717856820374,-9.20902787505253,0.38546619250873115,-9.966666666666665,-8.669491525423727,-9.52576841519573,-9.076520028723408,0.001953125,-1.0,0.01953125,True,0.009765625,True,supplementary_exploratory_density
urban_roundabout,60,0.0,bytes_per_decision,10,16327.889404943504,18897.653234789806,-2569.763829846301,-2637.125868296751,755.079567540581,-3857.0666666666675,-1363.4188034188082,-3021.744970260874,-2148.3692489822433,0.001953125,-1.0,0.01953125,True,0.009765625,True,supplementary_exploratory_density
urban_roundabout,60,0.0,retransmissions,10,40.4,59.4,-19.0,-21.5,9.83192080250175,-38.0,-7.0,-25.0,-13.4,0.001953125,-1.0,0.01953125,True,0.009765625,True,supplementary_exploratory_density
urban_roundabout,60,0.0,mean_queue_delay_ms,10,4222.234510564877,5557.031734720227,-1334.7972241553507,-1341.8436741299297,139.5472889679822,-1539.7787067796676,-1150.5014899397156,-1419.85254571479,-1253.207011657655,0.001953125,-1.0,0.01953125,True,0.009765625,True,supplementary_exploratory_density
urban_roundabout,60,0.0,packet_delivery_ratio,10,0.980750789146924,0.9814752386784431,-0.0007244495315189448,0.00013939588041195217,0.003806018649636826,-0.005340097614433548,0.006104958587835441,-0.002820950715973039,0.0015713632834238533,0.76953125,-0.12727272727272726,1.0,False,1.0,False,supplementary_exploratory_density
urban_roundabout,60,0.0,runtime_seconds,10,1.6462583500004258,1.2616487999999664,0.38460955000045943,0.4044567500022823,0.12395616958635677,0.13360600000305567,0.5611118000015267,0.30865017574900777,0.4554306575005466,0.001953125,1.0,0.01953125,True,0.009765625,True,supplementary_exploratory_density
urban_roundabout,60,0.0,cpu_time_seconds,10,1.5765625,1.209375,0.3671875,0.390625,0.10079167958522724,0.15625,0.5,0.3062109375,0.421875,0.001953125,1.0,0.01953125,True,0.009765625,True,supplementary_exploratory_density
urban_roundabout,60,0.0,peak_memory_kb,10,2619.4857421875,2834.98623046875,-215.50048828125,-221.6708984375,37.65345105066013,-247.048828125,-113.6123046875,-232.47380371093752,-189.9518017578125,0.001953125,-1.0,0.01953125,True,0.009765625,True,supplementary_exploratory_density
urban_roundabout,60,100.0,trust_precision,10,0.9136904761904763,0.9136904761904763,0.0,0.0,0.0,0.0,0.0,0.0,0.0,1.0,,1.0,False,1.0,False,supplementary_exploratory_density
urban_roundabout,60,100.0,malicious_revocation_recall,10,0.6277777777777777,0.6277777777777777,0.0,0.0,0.0,0.0,0.0,0.0,0.0,1.0,,1.0,False,1.0,False,supplementary_exploratory_density
urban_roundabout,60,100.0,false_revocation_rate,10,0.005480626730626699,0.005480626730626699,0.0,0.0,0.0,0.0,0.0,0.0,0.0,1.0,,1.0,False,1.0,False,supplementary_exploratory_density
urban_roundabout,60,100.0,trust_f1,10,0.74234360410831,0.74234360410831,0.0,0.0,0.0,0.0,0.0,0.0,0.0,1.0,,1.0,False,1.0,False,supplementary_exploratory_density
urban_roundabout,60,100.0,mcc,10,0.7399001527649096,0.7399001527649096,0.0,0.0,0.0,0.0,0.0,0.0,0.0,1.0,,1.0,False,1.0,False,supplementary_exploratory_density
urban_roundabout,60,100.0,detection_latency_p95_ms,10,9519.999999999996,9519.999999999996,0.0,0.0,0.0,0.0,0.0,0.0,0.0,1.0,,1.0,False,1.0,False,supplementary_exploratory_density
urban_roundabout,60,100.0,qualification_latency_p95_ms,10,14122.051400321277,14171.794816338079,-49.74341601680135,-47.93767902040872,20.262071374594637,-76.07458894284355,-5.818156618752255,-61.430691525783494,-36.66276364831527,0.001953125,-1.0,0.01953125,True,0.009765625,True,supplementary_exploratory_density
urban_roundabout,60,100.0,consensus_latency_p95_ms,10,106.7551204600909,0.0,106.7551204600909,105.28277137738003,15.046633271562381,86.29855288513042,138.28293697698797,98.50426873762557,116.11034490798866,0.001953125,1.0,0.01953125,True,0.009765625,True,supplementary_exploratory_density
urban_roundabout,60,100.0,latency_p50_ms,10,14096.224912870643,14153.273928903925,-57.04901603328126,-63.158351276705616,19.31063514303863,-75.69003353175503,-11.441130029643318,-66.96790488102852,-44.9041074105711,0.001953125,-1.0,0.01953125,True,0.009765625,True,supplementary_exploratory_density
urban_roundabout,60,100.0,latency_p95_ms,10,14197.951871664889,14201.89880857697,-3.9469369120803095,-0.21989064950776083,20.128823947221377,-33.10863438821616,28.800491263073127,-15.706066709085576,7.795370279851873,0.625,-0.2,0.625,False,0.625,False,supplementary_exploratory_density
urban_roundabout,60,100.0,latency_p99_ms,10,14207.724202175265,14213.652302753277,-5.9281005780138,-11.07768222548475,19.418701559363406,-34.88041440080815,24.08104852883298,-16.732982365263403,4.97747064242986,0.322265625,-0.38181818181818183,0.697265625,False,0.46484375,False,supplementary_exploratory_density
urban_roundabout,60,100.0,ledger_consistency_delay_p95_ms,10,13.72942610250199,1.0000000000011864,12.729426102500803,12.781175041350945,1.3132825296638129,10.637015742556953,14.314482719965937,11.980155921457998,13.467620610069677,0.001953125,1.0,0.01953125,True,0.009765625,True,supplementary_exploratory_density
urban_roundabout,60,100.0,messages_per_decision,10,17.546539578960605,26.843257435780977,-9.296717856820374,-9.20902787505253,0.38546619250873115,-9.966666666666665,-8.669491525423727,-9.521044780734728,-9.066620618937437,0.001953125,-1.0,0.01953125,True,0.009765625,True,supplementary_exploratory_density
urban_roundabout,60,100.0,bytes_per_decision,10,16327.889404943504,18897.653234789806,-2569.763829846301,-2637.125868296751,755.079567540581,-3857.0666666666675,-1363.4188034188082,-3012.0546197408094,-2143.5283789941677,0.001953125,-1.0,0.01953125,True,0.009765625,True,supplementary_exploratory_density
urban_roundabout,60,100.0,retransmissions,10,40.4,59.4,-19.0,-21.5,9.83192080250175,-38.0,-7.0,-25.0,-13.6,0.001953125,-1.0,0.01953125,True,0.009765625,True,supplementary_exploratory_density
urban_roundabout,60,100.0,mean_queue_delay_ms,10,4222.234510564877,5557.031734720227,-1334.7972241553507,-1341.8436741299297,139.5472889679822,-1539.7787067796676,-1150.5014899397156,-1415.1558505916512,-1254.503776072044,0.001953125,-1.0,0.01953125,True,0.009765625,True,supplementary_exploratory_density
urban_roundabout,60,100.0,packet_delivery_ratio,10,0.980750789146924,0.9814752386784431,-0.0007244495315189448,0.00013939588041195217,0.003806018649636826,-0.005340097614433548,0.006104958587835441,-0.002987026065339423,0.0014769562913110716,0.76953125,-0.12727272727272726,1.0,False,1.0,False,supplementary_exploratory_density
urban_roundabout,60,100.0,runtime_seconds,10,1.6462583500004258,1.2350259499995446,0.41123240000088107,0.34456995000800783,0.15598877148432858,0.22727609999128595,0.6463702000037301,0.324049487248867,0.5063259865009057,0.001953125,1.0,0.01953125,True,0.009765625,True,supplementary_exploratory_density
urban_roundabout,60,100.0,cpu_time_seconds,10,1.5765625,1.1953125,0.38125,0.34375,0.1392096989357343,0.25,0.609375,0.303125,0.46875,0.001953125,1.0,0.01953125,True,0.009765625,True,supplementary_exploratory_density
urban_roundabout,60,100.0,peak_memory_kb,10,2619.4857421875,2833.98662109375,-214.50087890625,-221.0732421875,37.87847657944929,-245.45703125,-111.5341796875,-231.211533203125,-189.7487939453125,0.001953125,-1.0,0.01953125,True,0.009765625,True,supplementary_exploratory_density
urban_roundabout,80,0.0,trust_precision,10,0.8254545454545456,0.8254545454545456,0.0,0.0,0.0,0.0,0.0,0.0,0.0,1.0,,1.0,False,1.0,False,supplementary_exploratory_density
urban_roundabout,80,0.0,malicious_revocation_recall,10,0.6475457875457875,0.6475457875457875,0.0,0.0,0.0,0.0,0.0,0.0,0.0,1.0,,1.0,False,1.0,False,supplementary_exploratory_density
urban_roundabout,80,0.0,false_revocation_rate,10,0.0131330355281026,0.0131330355281026,0.0,0.0,0.0,0.0,0.0,0.0,0.0,1.0,,1.0,False,1.0,False,supplementary_exploratory_density
urban_roundabout,80,0.0,trust_f1,10,0.72520896816549,0.72520896816549,0.0,0.0,0.0,0.0,0.0,0.0,0.0,1.0,,1.0,False,1.0,False,supplementary_exploratory_density
urban_roundabout,80,0.0,mcc,10,0.7087438968655001,0.7087438968655001,0.0,0.0,0.0,0.0,0.0,0.0,0.0,1.0,,1.0,False,1.0,False,supplementary_exploratory_density
urban_roundabout,80,0.0,detection_latency_p95_ms,10,10254.99999999999,10254.99999999999,0.0,0.0,0.0,0.0,0.0,0.0,0.0,1.0,,1.0,False,1.0,False,supplementary_exploratory_density
urban_roundabout,80,0.0,qualification_latency_p95_ms,10,14252.71866181083,14119.848045270002,132.8706165408299,128.56486241350012,29.899150532523112,90.9566056909589,177.47088122423702,115.57093738747616,149.9133503708157,0.001953125,1.0,0.01953125,True,0.009765625,True,supplementary_exploratory_density
urban_roundabout,80,0.0,consensus_latency_p95_ms,10,78.24810967217898,0.0,78.24810967217898,75.5444195048648,4.786647538630938,73.6768094769614,87.52515877804878,75.69132105078579,81.15873253082911,0.001953125,1.0,0.01953125,True,0.009765625,True,supplementary_exploratory_density
urban_roundabout,80,0.0,latency_p50_ms,10,14175.606222762366,14063.430989776743,112.17523298562101,108.8155042810231,13.854426567231371,96.78164146670133,131.02091113317147,104.32087665631907,120.80385835916994,0.001953125,1.0,0.01953125,True,0.009765625,True,supplementary_exploratory_density
urban_roundabout,80,0.0,latency_p95_ms,10,14379.4622655071,14127.315124248256,252.14714125884583,257.1321657601229,32.33353810462783,201.79996584057153,299.762879892387,233.88151006707292,270.81978960112707,0.001953125,1.0,0.01953125,True,0.009765625,True,supplementary_exploratory_density
urban_roundabout,80,0.0,latency_p99_ms,10,14403.570423558738,14139.88458998255,263.6858335761879,273.2749683262882,38.83881739477997,205.4630677940968,327.31010193525617,241.53732225307414,286.3497354935499,0.001953125,1.0,0.01953125,True,0.009765625,True,supplementary_exploratory_density
urban_roundabout,80,0.0,ledger_consistency_delay_p95_ms,10,16.15384808510888,1.000000000001222,15.153848085107658,14.03361990354739,2.126046952083152,13.313105586751918,18.882825622779617,13.911383698349768,16.456139693953624,0.001953125,1.0,0.01953125,True,0.009765625,True,supplementary_exploratory_density
urban_roundabout,80,0.0,messages_per_decision,10,17.65477632925309,26.312960783221058,-8.658184453967971,-8.726028481012658,0.26664836158858424,-9.01875,-8.09433962264151,-8.806138975648233,-8.485144947946925,0.001953125,-1.0,0.01953125,True,0.009765625,True,supplementary_exploratory_density
urban_roundabout,80,0.0,bytes_per_decision,10,19243.527141937502,18524.32439138763,719.2027505498754,649.0099378881969,602.144104550706,-279.4936708860805,1733.0314465408846,350.9967807968697,1059.1807970839398,0.005859375,0.9272727272727272,0.01953125,True,0.009765625,True,supplementary_exploratory_density
urban_roundabout,80,0.0,retransmissions,10,54.7,80.7,-26.0,-25.5,12.064640713902572,-52.0,-9.0,-33.5,-19.39750000000001,0.001953125,-1.0,0.01953125,True,0.009765625,True,supplementary_exploratory_density
urban_roundabout,80,0.0,mean_queue_delay_ms,10,4378.70329238154,5730.530049399897,-1351.8267570183566,-1342.4944453297758,83.8924130216967,-1476.915354880166,-1217.305258953891,-1400.0315727701259,-1303.2245461866837,0.001953125,-1.0,0.01953125,True,0.009765625,True,supplementary_exploratory_density
urban_roundabout,80,0.0,packet_delivery_ratio,10,0.9804748039780737,0.9806674570703056,-0.00019265309223173154,-6.78428148289667e-05,0.0036206558631195207,-0.005544042833712792,0.007468684498328604,-0.002250385747493928,0.002092396202207927,0.845703125,-0.09090909090909091,1.0,False,1.0,False,supplementary_exploratory_density
urban_roundabout,80,0.0,runtime_seconds,10,1.98262742000079,1.3040685899999516,0.6785588300008385,0.7333762000052958,0.18523216627286232,0.3345020000051593,0.899201100000937,0.5692480150006123,0.7821999577493807,0.001953125,1.0,0.01953125,True,0.009765625,True,supplementary_exploratory_density
urban_roundabout,80,0.0,cpu_time_seconds,10,1.8875,1.2734375,0.6140625,0.6328125,0.1555627245991861,0.3125,0.78125,0.521875,0.703125,0.001953125,1.0,0.01953125,True,0.009765625,True,supplementary_exploratory_density
urban_roundabout,80,0.0,peak_memory_kb,10,3429.075,3716.01005859375,-286.93505859375,-282.04052734375,34.282045467006874,-377.30859375,-258.2626953125,-309.377255859375,-270.44420654296874,0.001953125,-1.0,0.01953125,True,0.009765625,True,supplementary_exploratory_density
urban_roundabout,80,100.0,trust_precision,10,0.8254545454545456,0.8254545454545456,0.0,0.0,0.0,0.0,0.0,0.0,0.0,1.0,,1.0,False,1.0,False,supplementary_exploratory_density
urban_roundabout,80,100.0,malicious_revocation_recall,10,0.6475457875457875,0.6475457875457875,0.0,0.0,0.0,0.0,0.0,0.0,0.0,1.0,,1.0,False,1.0,False,supplementary_exploratory_density
urban_roundabout,80,100.0,false_revocation_rate,10,0.0131330355281026,0.0131330355281026,0.0,0.0,0.0,0.0,0.0,0.0,0.0,1.0,,1.0,False,1.0,False,supplementary_exploratory_density
urban_roundabout,80,100.0,trust_f1,10,0.72520896816549,0.72520896816549,0.0,0.0,0.0,0.0,0.0,0.0,0.0,1.0,,1.0,False,1.0,False,supplementary_exploratory_density
urban_roundabout,80,100.0,mcc,10,0.7087438968655001,0.7087438968655001,0.0,0.0,0.0,0.0,0.0,0.0,0.0,1.0,,1.0,False,1.0,False,supplementary_exploratory_density
urban_roundabout,80,100.0,detection_latency_p95_ms,10,10254.99999999999,10254.99999999999,0.0,0.0,0.0,0.0,0.0,0.0,0.0,1.0,,1.0,False,1.0,False,supplementary_exploratory_density
urban_roundabout,80,100.0,qualification_latency_p95_ms,10,14252.71866181083,14219.848045270002,32.87061654082972,28.564862413499213,29.89915053252351,-9.043394309041105,77.47088122423884,15.57867408580867,50.316128857701834,0.009765625,0.8909090909090909,0.01953125,True,0.009765625,True,supplementary_exploratory_density
urban_roundabout,80,100.0,consensus_latency_p95_ms,10,78.24810967217898,0.0,78.24810967217898,75.5444195048648,4.786647538630938,73.6768094769614,87.52515877804878,75.67416591316514,81.26807273682309,0.001953125,1.0,0.01953125,True,0.009765625,True,supplementary_exploratory_density
urban_roundabout,80,100.0,latency_p50_ms,10,14175.606222762366,14163.430989776742,12.175232985623007,8.815504281024914,13.854426567230593,-3.2183585332913935,31.020911133169648,4.189963340141722,20.357102013304143,0.037109375,0.7454545454545455,0.037109375,True,0.037109375,True,supplementary_exploratory_density
urban_roundabout,80,100.0,latency_p95_ms,10,14379.4622655071,14227.315124248253,152.1471412588471,157.13216576012837,32.33353810462893,101.79996584057153,199.762879892387,133.12528373380454,170.2885243728219,0.001953125,1.0,0.01953125,True,0.009765625,True,supplementary_exploratory_density
urban_roundabout,80,100.0,latency_p99_ms,10,14403.570423558738,14239.88458998255,163.68583357618826,173.27496832629095,38.83881739477974,105.46306779410224,227.31010193525617,140.5854895988938,186.71843868524994,0.001953125,1.0,0.01953125,True,0.009765625,True,supplementary_exploratory_density
urban_roundabout,80,100.0,ledger_consistency_delay_p95_ms,10,16.15384808510888,1.000000000001222,15.153848085107658,14.03361990354739,2.126046952083152,13.313105586751918,18.882825622779617,14.040273805604048,16.49067688370642,0.001953125,1.0,0.01953125,True,0.009765625,True,supplementary_exploratory_density
urban_roundabout,80,100.0,messages_per_decision,10,17.65477632925309,26.312960783221058,-8.658184453967971,-8.726028481012658,0.26664836158858424,-9.01875,-8.09433962264151,-8.804111929520284,-8.490721747915176,0.001953125,-1.0,0.01953125,True,0.009765625,True,supplementary_exploratory_density
urban_roundabout,80,100.0,bytes_per_decision,10,19243.527141937502,18524.32439138763,719.2027505498754,649.0099378881969,602.144104550706,-279.4936708860805,1733.0314465408846,386.77940015538974,1047.5472911285917,0.005859375,0.9272727272727272,0.01953125,True,0.009765625,True,supplementary_exploratory_density
urban_roundabout,80,100.0,retransmissions,10,54.7,80.7,-26.0,-25.5,12.064640713902572,-52.0,-9.0,-33.8,-19.6,0.001953125,-1.0,0.01953125,True,0.009765625,True,supplementary_exploratory_density
urban_roundabout,80,100.0,mean_queue_delay_ms,10,4378.70329238154,5730.530049399897,-1351.8267570183566,-1342.4944453297758,83.8924130216967,-1476.915354880166,-1217.305258953891,-1398.671016368008,-1301.6343381362155,0.001953125,-1.0,0.01953125,True,0.009765625,True,supplementary_exploratory_density
urban_roundabout,80,100.0,packet_delivery_ratio,10,0.9804748039780737,0.9806674570703056,-0.00019265309223173154,-6.78428148289667e-05,0.0036206558631195207,-0.005544042833712792,0.007468684498328604,-0.0021585736827303462,0.0021119980970231342,0.845703125,-0.09090909090909091,1.0,False,1.0,False,supplementary_exploratory_density
urban_roundabout,80,100.0,runtime_seconds,10,1.98262742000079,1.3633482799996273,0.6192791400011629,0.5953506000005294,0.1397549598915306,0.42215269999724114,0.8965559000062058,0.5416724970011819,0.701395105502961,0.001953125,1.0,0.01953125,True,0.009765625,True,supplementary_exploratory_density
urban_roundabout,80,100.0,cpu_time_seconds,10,1.8875,1.3203125,0.5671875,0.5546875,0.11483164382525886,0.390625,0.75,0.5015234375000001,0.6359375,0.001953125,1.0,0.01953125,True,0.009765625,True,supplementary_exploratory_density
urban_roundabout,80,100.0,peak_memory_kb,10,3429.075,3717.10224609375,-288.02724609375,-280.79833984375,40.37944844111218,-395.646484375,-254.7939453125,-315.4107421875,-269.1831420898438,0.001953125,-1.0,0.01953125,True,0.009765625,True,supplementary_exploratory_density
urban_roundabout,100,0.0,trust_precision,10,0.8985517715858273,0.8985517715858273,0.0,0.0,0.0,0.0,0.0,0.0,0.0,1.0,,1.0,False,1.0,False,supplementary_exploratory_density
urban_roundabout,100,0.0,malicious_revocation_recall,10,0.6222222222222222,0.6222222222222222,0.0,0.0,0.0,0.0,0.0,0.0,0.0,1.0,,1.0,False,1.0,False,supplementary_exploratory_density
urban_roundabout,100,0.0,false_revocation_rate,10,0.010880837980769508,0.010880837980769508,0.0,0.0,0.0,0.0,0.0,0.0,0.0,1.0,,1.0,False,1.0,False,supplementary_exploratory_density
urban_roundabout,100,0.0,trust_f1,10,0.7346576776086489,0.7346576776086489,0.0,0.0,0.0,0.0,0.0,0.0,0.0,1.0,,1.0,False,1.0,False,supplementary_exploratory_density
urban_roundabout,100,0.0,mcc,10,0.7175705220845753,0.7175705220845753,0.0,0.0,0.0,0.0,0.0,0.0,0.0,1.0,,1.0,False,1.0,False,supplementary_exploratory_density
urban_roundabout,100,0.0,detection_latency_p95_ms,10,10089.999999999996,10089.999999999996,0.0,0.0,0.0,0.0,0.0,0.0,0.0,1.0,,1.0,False,1.0,False,supplementary_exploratory_density
urban_roundabout,100,0.0,qualification_latency_p95_ms,10,14378.325142967666,14160.02997277707,218.29517019059404,231.34185779490326,48.13427694544207,115.78275802560165,265.47713781977654,188.161535637072,244.3961627135668,0.001953125,1.0,0.01953125,True,0.009765625,True,supplementary_exploratory_density
urban_roundabout,100,0.0,consensus_latency_p95_ms,10,81.64443315016382,0.0,81.64443315016382,77.8183641842073,7.8541927978076,74.40834007778321,92.96274195336169,77.16862627114511,86.61112839755411,0.001953125,1.0,0.01953125,True,0.009765625,True,supplementary_exploratory_density
urban_roundabout,100,0.0,latency_p50_ms,10,14232.463761418277,14073.727527012608,158.73623440566698,160.40085197205826,10.305872063181909,132.23370536696893,169.4071514359839,152.24098301397757,163.7349455374744,0.001953125,1.0,0.01953125,True,0.009765625,True,supplementary_exploratory_density
urban_roundabout,100,0.0,latency_p95_ms,10,14557.503414700284,14155.600041853811,401.9033728464743,401.6506220884921,17.228638283475732,374.3208321594702,434.6177934345051,391.16388680125846,412.00509015959926,0.001953125,1.0,0.01953125,True,0.009765625,True,supplementary_exploratory_density
urban_roundabout,100,0.0,latency_p99_ms,10,14601.102096671966,14172.438317389722,428.66377928224466,436.5271925700554,30.02935034006397,382.4935440233894,472.9163234110565,410.9515323690567,445.0562943828668,0.001953125,1.0,0.01953125,True,0.009765625,True,supplementary_exploratory_density
urban_roundabout,100,0.0,ledger_consistency_delay_p95_ms,10,15.666668973739224,1.000000000001222,14.666668973738002,14.551465038200995,0.7900925129738301,13.523063727889806,16.21493794589597,14.234934967626655,15.146628532382769,0.001953125,1.0,0.01953125,True,0.009765625,True,supplementary_exploratory_density
urban_roundabout,100,0.0,messages_per_decision,10,20.61726568936023,29.255457893492082,-8.638192204131851,-8.624059405940594,0.25587367429922364,-9.054187192118224,-8.298507462686565,-8.784680285162587,-8.489986967578824,0.001953125,-1.0,0.01953125,True,0.009765625,True,supplementary_exploratory_density
urban_roundabout,100,0.0,bytes_per_decision,10,23558.42375970094,20595.842357018424,2962.5814026825165,2995.662487562189,760.3238590885903,1571.1527093596123,4127.044776119401,2501.58350509273,3413.571796819813,0.001953125,1.0,0.01953125,True,0.009765625,True,supplementary_exploratory_density
urban_roundabout,100,0.0,retransmissions,10,81.1,115.4,-34.3,-29.5,16.55999194846825,-70.0,-15.0,-44.9,-25.7,0.001953125,-1.0,0.01953125,True,0.009765625,True,supplementary_exploratory_density
urban_roundabout,100,0.0,mean_queue_delay_ms,10,4701.16123774137,5904.983863941172,-1203.8226261998016,-1191.66473358247,70.37207132320971,-1342.8553947568125,-1084.9070320788733,-1245.4757750124736,-1163.8818470248857,0.001953125,-1.0,0.01953125,True,0.009765625,True,supplementary_exploratory_density
urban_roundabout,100,0.0,packet_delivery_ratio,10,0.9805162917274636,0.9804188349680422,9.745675942144372e-05,-0.0009367079666454114,0.0033423302679566028,-0.003864242882923641,0.007530266343825587,-0.0017049439656831593,0.0022678338829895707,0.76953125,-0.12727272727272726,1.0,False,1.0,False,supplementary_exploratory_density
urban_roundabout,100,0.0,runtime_seconds,10,2.3007948700003906,1.441324309999618,0.859470560000773,0.8628629500017269,0.1052388124795329,0.6213569999963511,1.0220106000051605,0.7949230260029072,0.9195497167505711,0.001953125,1.0,0.01953125,True,0.009765625,True,supplementary_exploratory_density
urban_roundabout,100,0.0,cpu_time_seconds,10,2.2703125,1.421875,0.8484375,0.859375,0.0846414260687073,0.640625,0.953125,0.7921875,0.8921875,0.001953125,1.0,0.01953125,True,0.009765625,True,supplementary_exploratory_density
urban_roundabout,100,0.0,peak_memory_kb,10,4997.10830078125,5347.23984375,-350.13154296875,-326.86279296875,70.99619102715532,-549.4150390625,-313.0693359375,-396.63781494140625,-322.8984692382813,0.001953125,-1.0,0.01953125,True,0.009765625,True,supplementary_exploratory_density
urban_roundabout,100,100.0,trust_precision,10,0.8985517715858273,0.8985517715858273,0.0,0.0,0.0,0.0,0.0,0.0,0.0,1.0,,1.0,False,1.0,False,supplementary_exploratory_density
urban_roundabout,100,100.0,malicious_revocation_recall,10,0.6222222222222222,0.6222222222222222,0.0,0.0,0.0,0.0,0.0,0.0,0.0,1.0,,1.0,False,1.0,False,supplementary_exploratory_density
urban_roundabout,100,100.0,false_revocation_rate,10,0.010880837980769508,0.010880837980769508,0.0,0.0,0.0,0.0,0.0,0.0,0.0,1.0,,1.0,False,1.0,False,supplementary_exploratory_density
urban_roundabout,100,100.0,trust_f1,10,0.7346576776086489,0.7346576776086489,0.0,0.0,0.0,0.0,0.0,0.0,0.0,1.0,,1.0,False,1.0,False,supplementary_exploratory_density
urban_roundabout,100,100.0,mcc,10,0.7175705220845753,0.7175705220845753,0.0,0.0,0.0,0.0,0.0,0.0,0.0,1.0,,1.0,False,1.0,False,supplementary_exploratory_density
urban_roundabout,100,100.0,detection_latency_p95_ms,10,10089.999999999996,10089.999999999996,0.0,0.0,0.0,0.0,0.0,0.0,0.0,1.0,,1.0,False,1.0,False,supplementary_exploratory_density
urban_roundabout,100,100.0,qualification_latency_p95_ms,10,14378.325142967666,14260.02997277707,118.29517019059385,131.34185779490326,48.134276945441925,15.782758025599833,165.47713781977654,89.68054603833895,144.88185689017817,0.001953125,1.0,0.01953125,True,0.009765625,True,supplementary_exploratory_density
urban_roundabout,100,100.0,consensus_latency_p95_ms,10,81.64443315016382,0.0,81.64443315016382,77.8183641842073,7.8541927978076,74.40834007778321,92.96274195336169,77.13816011641718,86.1353844439961,0.001953125,1.0,0.01953125,True,0.009765625,True,supplementary_exploratory_density
urban_roundabout,100,100.0,latency_p50_ms,10,14232.463761418277,14173.727527012612,58.73623440566534,60.40085197205735,10.305872063185083,32.23370536695984,69.4071514359839,52.11156547971257,63.745396977700274,0.001953125,1.0,0.01953125,True,0.009765625,True,supplementary_exploratory_density
urban_roundabout,100,100.0,latency_p95_ms,10,14557.503414700284,14255.600041853811,301.9033728464741,301.6506220884921,17.22863828347625,274.32083215946295,334.6177934345051,292.6061198022084,312.5402323242511,0.001953125,1.0,0.01953125,True,0.009765625,True,supplementary_exploratory_density
urban_roundabout,100,100.0,latency_p99_ms,10,14601.102096671966,14272.438317389722,328.663779282245,336.5271925700554,30.029350340065022,282.4935440233894,372.91632341106015,310.93737017014183,346.43500544925297,0.001953125,1.0,0.01953125,True,0.009765625,True,supplementary_exploratory_density
urban_roundabout,100,100.0,ledger_consistency_delay_p95_ms,10,15.666668973739224,1.000000000001222,14.666668973738002,14.551465038200995,0.7900925129738301,13.523063727889806,16.21493794589597,14.229336024202928,15.14435569752429,0.001953125,1.0,0.01953125,True,0.009765625,True,supplementary_exploratory_density
urban_roundabout,100,100.0,messages_per_decision,10,20.61726568936023,29.255457893492082,-8.638192204131851,-8.624059405940594,0.25587367429922364,-9.054187192118224,-8.298507462686565,-8.79710000317876,-8.489802788572948,0.001953125,-1.0,0.01953125,True,0.009765625,True,supplementary_exploratory_density
urban_roundabout,100,100.0,bytes_per_decision,10,23558.42375970094,20595.842357018424,2962.5814026825165,2995.662487562189,760.3238590885903,1571.1527093596123,4127.044776119401,2498.1138029279296,3402.5813134250893,0.001953125,1.0,0.01953125,True,0.009765625,True,supplementary_exploratory_density
urban_roundabout,100,100.0,retransmissions,10,81.1,115.4,-34.3,-29.5,16.55999194846825,-70.0,-15.0,-45.0,-25.4,0.001953125,-1.0,0.01953125,True,0.009765625,True,supplementary_exploratory_density
urban_roundabout,100,100.0,mean_queue_delay_ms,10,4701.16123774137,5904.983863941172,-1203.8226261998016,-1191.66473358247,70.37207132320971,-1342.8553947568125,-1084.9070320788733,-1248.299649178381,-1165.9576670229694,0.001953125,-1.0,0.01953125,True,0.009765625,True,supplementary_exploratory_density
urban_roundabout,100,100.0,packet_delivery_ratio,10,0.9805162917274636,0.9804188349680422,9.745675942144372e-05,-0.0009367079666454114,0.0033423302679566028,-0.003864242882923641,0.007530266343825587,-0.0017098885497371145,0.0021612508834756516,0.76953125,-0.12727272727272726,1.0,False,1.0,False,supplementary_exploratory_density
urban_roundabout,100,100.0,runtime_seconds,10,2.3007948700003906,1.4400579899986041,0.8607368800017866,0.8642613000047277,0.07311661271324946,0.7534788000048138,0.9490494999990919,0.8170862532521097,0.903262783500868,0.001953125,1.0,0.01953125,True,0.009765625,True,supplementary_exploratory_density
urban_roundabout,100,100.0,cpu_time_seconds,10,2.2703125,1.4140625,0.85625,0.8515625,0.058370523858841256,0.765625,0.9375,0.8203125,0.890625,0.001953125,1.0,0.01953125,True,0.009765625,True,supplementary_exploratory_density
urban_roundabout,100,100.0,peak_memory_kb,10,4997.10830078125,5361.34375,-364.23544921875,-330.45068359375,65.7915472995512,-512.2646484375,-313.41796875,-406.4159375,-330.1225830078125,0.001953125,-1.0,0.01953125,True,0.009765625,True,supplementary_exploratory_density
