,,bytes_per_decision,bytes_per_decision,bytes_per_decision,false_revocation_rate,false_revocation_rate,false_revocation_rate,latency_p95_ms,latency_p95_ms,latency_p95_ms,malicious_revocation_recall,malicious_revocation_recall,malicious_revocation_recall,mcc,mcc,mcc,messages_per_decision,messages_per_decision,messages_per_decision,peak_memory_kb,peak_memory_kb,peak_memory_kb,trust_f1,trust_f1,trust_f1,trust_precision,trust_precision,trust_precision
architecture,,ahmed_inspired_witness_vpuft,centralized_vpuft,distributed_rsu_vpuft,ahmed_inspired_witness_vpuft,centralized_vpuft,distributed_rsu_vpuft,ahmed_inspired_witness_vpuft,centralized_vpuft,distributed_rsu_vpuft,ahmed_inspired_witness_vpuft,centralized_vpuft,distributed_rsu_vpuft,ahmed_inspired_witness_vpuft,centralized_vpuft,distributed_rsu_vpuft,ahmed_inspired_witness_vpuft,centralized_vpuft,distributed_rsu_vpuft,ahmed_inspired_witness_vpuft,centralized_vpuft,distributed_rsu_vpuft,ahmed_inspired_witness_vpuft,centralized_vpuft,distributed_rsu_vpuft,ahmed_inspired_witness_vpuft,centralized_vpuft,distributed_rsu_vpuft
topology,seed,,,,,,,,,,,,,,,,,,,,,,,,,,,
corridor,1001,161968.0253164557,30811.13924050633,29332.45569620253,0.0300751879699248,0.0150375939849624,0.0150375939849624,14889.909616233124,14198.610294600116,14399.906817451689,0.88,0.84,0.84,0.836570783400992,0.8536880074557871,0.8536880074557871,216.81012658227849,43.765822784810126,43.29746835443038,19568.2607421875,6151.4814453125,6139.302734375,0.8627450980392156,0.8749999999999999,0.8749999999999999,0.8461538461538461,0.9130434782608696,0.9130434782608696
corridor,1002,162419.67088607594,30976.0,29379.240506329115,0.0300751879699248,0.0150375939849624,0.0150375939849624,14900.688310439711,14203.621697810631,14430.976315557124,0.96,0.84,0.84,0.888777330115168,0.8536880074557871,0.8536880074557871,217.5506329113924,44.0,43.35443037974684,19527.6591796875,6217.5986328125,6193.6650390625,0.9056603773584904,0.8749999999999999,0.8749999999999999,0.8571428571428571,0.9130434782608696,0.9130434782608696
corridor,1003,162233.74683544305,30882.430379746835,29364.86075949367,0.0300751879699248,0.0150375939849624,0.0150375939849624,14887.087553160249,14195.63990116953,14404.776456310898,0.88,0.88,0.88,0.836570783400992,0.8794983658474717,0.8794983658474717,217.13924050632912,43.86708860759494,43.37341772151899,19407.7138671875,6157.880859375,6144.1875,0.8627450980392156,0.8979591836734694,0.8979591836734694,0.8461538461538461,0.9166666666666666,0.9166666666666666
corridor,1004,162377.3924050633,30984.91139240506,29363.645569620254,0.0300751879699248,0.0150375939849624,0.0150375939849624,14906.392845018649,14209.400152655197,14398.035951300111,0.92,0.88,0.88,0.8628426628216331,0.8794983658474717,0.8794983658474717,217.40506329113924,44.0126582278481,43.39873417721519,19375.373046875,6160.4375,6149.4912109375,0.8846153846153846,0.8979591836734694,0.8979591836734694,0.8518518518518519,0.9166666666666666,0.9166666666666666
corridor,1005,162069.2658227848,30984.91139240506,29405.569620253165,0.0300751879699248,0.0150375939849624,0.0150375939849624,14898.013375667497,14198.139002090877,14424.43792320439,0.88,0.88,0.88,0.836570783400992,0.8794983658474717,0.8794983658474717,216.93037974683543,44.0126582278481,43.462025316455694,19522.2998046875,6146.015625,6142.4345703125,0.8627450980392156,0.8979591836734694,0.8979591836734694,0.8461538461538461,0.9166666666666666,0.9166666666666666
corridor,1006,162289.2658227848,30846.78481012658,29294.37974683544,0.0300751879699248,0.0150375939849624,0.0150375939849624,14897.501935066908,14195.899227756348,14389.089285513388,0.88,0.84,0.84,0.836570783400992,0.8536880074557871,0.8536880074557871,217.2405063291139,43.81645569620253,43.221518987341774,19501.7353515625,6201.4423828125,6179.150390625,0.8627450980392156,0.8749999999999999,0.8749999999999999,0.8461538461538461,0.9130434782608696,0.9130434782608696
corridor,1007,162247.79746835443,30877.974683544304,29205.46835443038,0.0300751879699248,0.0150375939849624,0.0150375939849624,14871.093421788437,14197.596819489898,14391.215227731776,0.96,0.8,0.8,0.888777330115168,0.8274921602653108,0.8274921602653108,217.3417721518988,43.86075949367088,43.050632911392405,19426.4111328125,6159.7451171875,6133.2275390625,0.9056603773584904,0.8510638297872342,0.8510638297872342,0.8571428571428571,0.9090909090909092,0.9090909090909092
corridor,1008,162404.91139240508,30860.151898734177,29367.49367088608,0.0300751879699248,0.0150375939849624,0.0150375939849624,14918.582685639894,14204.026546374922,14394.1671770709,0.96,0.88,0.88,0.888777330115168,0.8794983658474717,0.8794983658474717,217.5379746835443,43.83544303797469,43.40506329113924,19393.3388671875,6144.8134765625,6142.6845703125,0.9056603773584904,0.8979591836734694,0.8979591836734694,0.8571428571428571,0.9166666666666666,0.9166666666666666
corridor,1009,162114.07594936708,30873.518987341773,29445.67088607595,0.0300751879699248,0.0150375939849624,0.0150375939849624,14874.285928375031,14208.933446671252,14418.799546994664,0.96,0.88,0.88,0.888777330115168,0.8794983658474717,0.8794983658474717,217.1455696202532,43.85443037974684,43.48101265822785,19623.5625,6139.6240234375,6141.10546875,0.9056603773584904,0.8979591836734694,0.8979591836734694,0.8571428571428571,0.9166666666666666,0.9166666666666666
corridor,1010,162436.50632911394,30953.721518987342,29382.481012658227,0.037593984962406,0.0225563909774436,0.0225563909774436,14897.518879931647,14201.989491410244,14392.449303759851,0.92,0.88,0.88,0.8433611534792701,0.8574436090225563,0.8574436090225563,217.5506329113924,43.96835443037975,43.4746835443038,19477.8916015625,6211.7177734375,6193.607421875,0.8679245283018867,0.88,0.88,0.8214285714285714,0.88,0.88
grid,1001,82381.31428571428,27718.76056338028,26612.056338028167,0.0260869565217391,0.017094017094017,0.017094017094017,14500.38112583684,14159.602905301084,14351.44803208378,0.92,0.8,0.8,0.8803899964197276,0.824082295108704,0.824082295108704,111.6,39.37323943661972,39.5281690140845,8753.974609375,5005.576171875,5011.689453125,0.9019607843137256,0.8510638297872342,0.8510638297872342,0.8846153846153846,0.9090909090909092,0.9090909090909092
grid,1002,72086.8115942029,27535.323943661973,26682.591549295776,0.0267857142857142,0.0172413793103448,0.0172413793103448,14477.46252932097,14148.861429597337,14397.335254209738,0.8461538461538461,0.8461538461538461,0.8461538461538461,0.8318892801238078,0.8554166822375315,0.8554166822375315,97.8623188405797,39.11267605633803,39.76056338028169,7645.0703125,5074.5810546875,5031.8974609375,0.8627450980392156,0.8799999999999999,0.8799999999999999,0.88,0.9166666666666666,0.9166666666666666
grid,1003,68699.76642335767,27466.057142857146,26422.85714285714,0.0267857142857142,0.017391304347826,0.017391304347826,14480.13089839393,14137.725548276669,14371.715169716654,0.72,0.84,0.84,0.7432037250429142,0.8502670936332695,0.8502670936332695,93.007299270073,39.01428571428571,39.364285714285714,7234.693359375,4939.119140625,4953.130859375,0.782608695652174,0.8749999999999999,0.8749999999999999,0.8571428571428571,0.9130434782608696,0.9130434782608696
grid,1004,70685.17647058824,26907.88571428572,25821.94285714285,0.0272727272727272,0.0175438596491228,0.0175438596491228,14474.230098462329,14141.423928494456,14345.655636119694,0.8076923076923077,0.8076923076923077,0.8076923076923077,0.8050012254816592,0.8292604293282203,0.8292604293282203,95.9779411764706,38.22142857142857,38.50714285714286,7343.5927734375,4805.5380859375,4811.572265625,0.8400000000000001,0.8571428571428572,0.8571428571428572,0.875,0.9130434782608696,0.9130434782608696
grid,1005,78839.1884057971,27925.33333333333,26942.86524822695,0.0267857142857142,0.017391304347826,0.017391304347826,14511.914523166295,14172.36417972929,14399.369122199028,0.8076923076923077,0.8461538461538461,0.8461538461538461,0.8056320376240443,0.8551989444231628,0.8551989444231628,106.79710144927536,39.66666666666666,40.191489361702125,8268.0625,4994.7548828125,5027.1318359375,0.8400000000000001,0.8799999999999999,0.8799999999999999,0.875,0.9166666666666666,0.9166666666666666
grid,1006,75346.08823529411,27702.4,26599.314285714285,0.0267857142857142,0.0172413793103448,0.0172413793103448,14523.797734975467,14139.53362590559,14325.560765987357,1.0,0.7916666666666666,0.7916666666666666,0.930096427839267,0.8173931859663852,0.8173931859663852,102.41911764705884,39.35,39.457142857142856,7943.9833984375,4900.5771484375,4912.9755859375,0.9411764705882352,0.8444444444444444,0.8444444444444444,0.8888888888888888,0.9047619047619048,0.9047619047619048
grid,1007,72255.299270073,27055.88489208633,25959.827338129497,0.0267857142857142,0.0175438596491228,0.0175438596491228,14479.482890056608,14160.017527690909,14276.256246831945,0.92,0.72,0.72,0.8798051760515778,0.7686934219071898,0.7686934219071898,98.21897810218978,38.431654676258994,38.489208633093526,7615.9150390625,4826.1162109375,4822.4404296875,0.9019607843137256,0.7999999999999999,0.7999999999999999,0.8846153846153846,0.9,0.9
grid,1008,73044.11594202899,27381.106382978724,26493.7304964539,0.0265486725663716,0.0172413793103448,0.0172413793103448,14499.38049026018,14146.157025471552,14377.702088681664,0.84,0.88,0.88,0.8265759249244127,0.8767782234125103,0.8767782234125103,99.07971014492752,38.8936170212766,39.5177304964539,7712.564453125,4967.2939453125,4988.1611328125,0.8571428571428572,0.8979591836734694,0.8979591836734694,0.875,0.9166666666666666,0.9166666666666666
grid,1009,76551.17037037037,27476.405797101448,26511.07246376812,0.0272727272727272,0.0176991150442477,0.0176991150442477,14503.0858073051,14142.606917711457,14367.769508513647,1.0,0.84,0.84,0.931936957903534,0.8498203870615759,0.8498203870615759,104.14074074074074,39.028985507246375,39.5,7863.935546875,4815.09765625,4837.453125,0.9433962264150944,0.8749999999999999,0.8749999999999999,0.8928571428571429,0.9130434782608696,0.9130434782608696
grid,1010,77487.49295774648,27883.255172413792,26403.75172413793,0.0252100840336134,0.0163934426229508,0.0163934426229508,14509.509620959952,14145.331614591516,14342.404158292702,0.9130434782608696,0.8260869565217391,0.8260869565217391,0.872815098584963,0.8405121654674543,0.8405121654674543,104.943661971831,39.60689655172414,39.10344827586207,8345.3359375,5096.0322265625,5088.8173828125,0.8936170212765957,0.8636363636363636,0.8636363636363636,0.875,0.9047619047619048,0.9047619047619048
intersection,1001,126256.92307692308,52888.61538461538,46724.25174825175,0.0338983050847457,0.0169491525423728,0.0169491525423728,14579.587463428075,14224.054178117887,14370.752408039574,0.92,0.8,0.8,0.8599707868951425,0.8243221055778025,0.8243221055778025,169.6993006993007,75.12587412587412,68.07692307692308,13714.4716796875,9467.22265625,9233.251953125,0.8846153846153846,0.8510638297872342,0.8510638297872342,0.8518518518518519,0.9090909090909092,0.9090909090909092
intersection,1002,118575.43661971833,52550.66666666666,46167.55555555556,0.0427350427350427,0.0168067226890756,0.0168067226890756,14496.00329876035,14228.121513082831,14354.070445744625,0.92,0.76,0.76,0.8397737119755241,0.797596160087009,0.797596160087009,159.66901408450704,74.64583333333333,67.20138888888889,12845.2626953125,9440.537109375,9428.0048828125,0.8679245283018867,0.8260869565217391,0.8260869565217391,0.8214285714285714,0.9047619047619048,0.9047619047619048
intersection,1003,117193.97142857144,52676.05633802817,46433.57746478873,0.043859649122807,0.0172413793103448,0.0172413793103448,14553.969583444985,14215.72315332891,14360.170656655457,0.8461538461538461,0.8076923076923077,0.8076923076923077,0.7907726620184067,0.8297613157787037,0.8297613157787037,157.81428571428572,74.82394366197182,67.76760563380282,12491.291015625,9441.38671875,9201.4130859375,0.830188679245283,0.8571428571428572,0.8571428571428572,0.8148148148148148,0.9130434782608696,0.9130434782608696
intersection,1004,121111.54929577465,52775.38461538462,46446.545454545456,0.0344827586206896,0.017094017094017,0.017094017094017,14603.4018307857,14245.641750519007,14366.562128666988,0.9230769230769232,0.8076923076923077,0.8076923076923077,0.8637492516096532,0.8300054323396717,0.8300054323396717,163.0,74.96503496503496,67.76223776223776,13095.884765625,9437.439453125,9215.6171875,0.888888888888889,0.8571428571428572,0.8571428571428572,0.8571428571428571,0.9130434782608696,0.9130434782608696
intersection,1005,123196.22377622378,54657.77777777778,47836.66666666666,0.0338983050847457,0.0168067226890756,0.0168067226890756,14501.329284272852,14231.06991541038,14342.225647762149,0.88,0.76,0.76,0.8332090302772728,0.797596160087009,0.797596160087009,165.69230769230768,77.63888888888889,69.5625,13314.0244140625,9843.9052734375,9585.962890625,0.8627450980392156,0.8260869565217391,0.8260869565217391,0.8461538461538461,0.9047619047619048,0.9047619047619048
intersection,1006,118041.4857142857,52342.4,46155.65714285714,0.0347826086956521,0.017391304347826,0.017391304347826,14560.54209579851,14223.75579991954,14367.605113510912,0.84,0.8,0.8,0.8052173913043478,0.8235903503465148,0.8235903503465148,158.71428571428572,74.35,67.32142857142857,12621.7529296875,9136.2666015625,9104.9501953125,0.8399999999999999,0.8510638297872342,0.8510638297872342,0.84,0.9090909090909092,0.9090909090909092
intersection,1007,118195.80141843972,52295.716312056735,45917.04964539007,0.0344827586206896,0.0172413793103448,0.0172413793103448,14584.922704141574,14218.139408596642,14323.540756535112,0.88,0.72,0.72,0.8326948386223194,0.7693031270087366,0.7693031270087366,158.98581560283688,74.28368794326241,66.80851063829788,12744.9287109375,9298.0185546875,9045.974609375,0.8627450980392156,0.7999999999999999,0.7999999999999999,0.8461538461538461,0.9,0.9
intersection,1008,123245.21126760564,53196.0,46722.88888888889,0.0344827586206896,0.0169491525423728,0.0169491525423728,14592.25515032445,14223.061693115837,14342.330717180552,0.8846153846153846,0.7307692307692307,0.7307692307692307,0.8378601786224378,0.7779545659888272,0.7779545659888272,165.7887323943662,75.5625,67.98611111111111,13305.1201171875,9575.666015625,9332.982421875,0.8679245283018868,0.8085106382978723,0.8085106382978723,0.8518518518518519,0.9047619047619048,0.9047619047619048
intersection,1009,117983.82857142856,51829.485714285714,45590.857142857145,0.0350877192982456,0.0175438596491228,0.0175438596491228,14559.37600205006,14223.644629065644,14369.943250337785,0.8461538461538461,0.7307692307692307,0.7307692307692307,0.8110661268556005,0.776752670870107,0.776752670870107,158.7357142857143,73.62142857142857,66.44285714285714,12595.6201171875,9055.98046875,8830.76953125,0.8461538461538461,0.8085106382978723,0.8085106382978723,0.8461538461538461,0.9047619047619048,0.9047619047619048
intersection,1010,122323.83216783217,53833.84615384616,47268.6993006993,0.0341880341880341,0.017094017094017,0.017094017094017,14596.309285302792,14229.14442578657,14363.20618665824,0.8846153846153846,0.8076923076923077,0.8076923076923077,0.8381195037344543,0.8300054323396717,0.8300054323396717,164.51048951048952,76.46853146853147,68.93006993006993,13535.32421875,9587.2109375,9354.0751953125,0.8679245283018868,0.8571428571428572,0.8571428571428572,0.8518518518518519,0.9130434782608696,0.9130434782608696
smoke,1001,157603.67088607594,23815.69620253165,20399.79746835443,0.0300751879699248,0.0150375939849624,0.0150375939849624,14835.08871715971,14159.383495283775,14310.543026434343,0.88,0.76,0.76,0.836570783400992,0.8008667271573939,0.8008667271573939,209.83544303797467,33.82911392405063,30.4746835443038,19930.8251953125,4813.333984375,4672.26171875,0.8627450980392156,0.8260869565217391,0.8260869565217391,0.8461538461538461,0.9047619047619048,0.9047619047619048
smoke,1002,131150.45569620252,24154.32911392405,20830.37974683544,0.0300751879699248,0.0150375939849624,0.0150375939849624,14642.77179875191,14159.621110115537,14313.874651697804,0.96,0.76,0.76,0.888777330115168,0.8008667271573939,0.8008667271573939,175.03164556962025,34.31012658227848,31.06962025316456,16555.09765625,4869.8837890625,4744.2919921875,0.9056603773584904,0.8260869565217391,0.8260869565217391,0.8571428571428571,0.9047619047619048,0.9047619047619048
smoke,1003,138320.43037974683,24065.21518987342,20666.93670886076,0.0300751879699248,0.0150375939849624,0.0150375939849624,14726.89263630313,14160.959823064552,14323.052777611834,0.88,0.76,0.76,0.836570783400992,0.8008667271573939,0.8008667271573939,184.32911392405063,34.18354430379747,30.829113924050635,17396.2451171875,4835.634765625,4704.75390625,0.8627450980392156,0.8260869565217391,0.8260869565217391,0.8461538461538461,0.9047619047619048,0.9047619047619048
smoke,1004,142736.91139240508,24038.481012658227,20700.96202531645,0.0300751879699248,0.0150375939849624,0.0150375939849624,14771.873859738223,14153.414009115077,14295.757110628656,0.88,0.76,0.76,0.836570783400992,0.8008667271573939,0.8008667271573939,190.0759493670886,34.14556962025316,30.848101265822784,17942.8330078125,4802.0341796875,4690.8701171875,0.8627450980392156,0.8260869565217391,0.8260869565217391,0.8461538461538461,0.9047619047619048,0.9047619047619048
smoke,1005,138756.37974683545,24002.835443037973,20609.62025316456,0.0300751879699248,0.0150375939849624,0.0150375939849624,14690.099013553676,14157.992672600718,14298.90645953004,0.8,0.84,0.84,0.7828636358030346,0.8536880074557871,0.8536880074557871,184.5253164556962,34.09493670886076,30.89873417721519,17695.4775390625,4788.3994140625,4686.4638671875,0.816326530612245,0.8749999999999999,0.8749999999999999,0.8333333333333334,0.9130434782608696,0.9130434782608696
smoke,1006,142818.25316455695,24038.481012658227,21112.506329113923,0.0300751879699248,0.0150375939849624,0.0150375939849624,14843.746513509195,14158.638151527584,14323.849651513496,0.88,0.8,0.8,0.836570783400992,0.8274921602653108,0.8274921602653108,190.4177215189873,34.14556962025316,31.550632911392405,17952.4365234375,4857.384765625,4760.154296875,0.8627450980392156,0.8510638297872342,0.8510638297872342,0.8461538461538461,0.9090909090909092,0.9090909090909092
smoke,1007,146969.67088607594,23980.556962025315,21098.93670886076,0.0300751879699248,0.0150375939849624,0.0150375939849624,14830.56110628522,14164.63591399728,14321.571535518417,0.92,0.76,0.76,0.8628426628216331,0.8008667271573939,0.8008667271573939,196.03164556962025,34.063291139240505,31.46202531645569,18360.7939453125,4826.00390625,4725.1669921875,0.8846153846153846,0.8260869565217391,0.8260869565217391,0.8518518518518519,0.9047619047619048,0.9047619047619048
smoke,1008,144900.15189873418,23927.08860759494,20814.78481012658,0.0225563909774436,0.0150375939849624,0.0150375939849624,14849.510035239697,14151.951066149091,14322.346999918858,0.96,0.84,0.84,0.9089153700625314,0.8536880074557871,0.8536880074557871,193.0443037974684,33.9873417721519,31.20253164556962,18194.43359375,4792.654296875,4704.4072265625,0.923076923076923,0.8749999999999999,0.8749999999999999,0.8888888888888888,0.9130434782608696,0.9130434782608696
smoke,1009,145417.2658227848,23918.17721518988,21040.607594936708,0.0300751879699248,0.0150375939849624,0.0150375939849624,14805.44963500659,14149.455837228845,14297.070226790123,0.92,0.8,0.8,0.8628426628216331,0.8274921602653108,0.8274921602653108,193.90506329113924,33.9746835443038,31.449367088607595,18243.763671875,4781.41796875,4701.7841796875,0.8846153846153846,0.8510638297872342,0.8510638297872342,0.8518518518518519,0.9090909090909092,0.9090909090909092
smoke,1010,147076.78481012658,24100.86075949367,20637.77215189873,0.037593984962406,0.0225563909774436,0.0225563909774436,14785.818919255116,14168.100062627756,14297.570837461182,0.88,0.76,0.76,0.8167699555807348,0.7773987651228131,0.7773987651228131,195.95569620253164,34.234177215189874,30.85443037974684,18545.5341796875,4859.830078125,4734.970703125,0.8461538461538461,0.8085106382978724,0.8085106382978724,0.8148148148148148,0.8636363636363636,0.8636363636363636
