factor,delta,alpha_C,alpha_rho,alpha_F,alpha_Q,alpha_eta,TP,FP,TN,FN,recall,frr,precision,specificity,f1,mcc,balanced_accuracy
C,-0.15,0.21526738617532112,0.20022523742803586,0.07875998256560764,0.502056659536538,0.003690734294497358,329,47,1932,73,0.818407960199005,0.023749368367862556,0.875,0.9762506316321374,0.8457583547557841,0.8163293214245705,0.8973292959155712
C,-0.1,0.2652673861753211,0.18746769212530115,0.07374171384718761,0.4700676322747818,0.003455575577408411,333,47,1932,69,0.8283582089552238,0.023749368367862556,0.8763157894736842,0.9762506316321374,0.8516624040920715,0.823010509606513,0.9023044202936806
C,-0.05,0.31526738617532113,0.1747101468225664,0.06872344512876756,0.43807860501302553,0.0032204168603194635,333,47,1932,69,0.8283582089552238,0.023749368367862556,0.8763157894736842,0.9762506316321374,0.8516624040920715,0.823010509606513,0.9023044202936806
C,0.05,0.4152673861753211,0.1491950562170969,0.05868690769192747,0.374100550489513,0.0027500994261415684,337,47,1932,65,0.8383084577114428,0.023749368367862556,0.8776041666666666,0.9762506316321374,0.857506361323155,0.8296671085385663,0.9072795446717901
C,0.1,0.46526738617532115,0.13643751091436213,0.053668638973507425,0.34211152322775673,0.0025149407090526207,336,47,1932,66,0.835820895522388,0.023749368367862556,0.8772845953002611,0.9762506316321374,0.8560509554140127,0.8280052267183716,0.9060357635772627
C,0.15,0.5152673861753211,0.12367996561162739,0.04865037025508739,0.3101224959660005,0.002279781991963674,332,47,1932,70,0.8258706467661692,0.023749368367862556,0.8759894459102903,0.9762506316321374,0.8501920614596672,0.8213425446618425,0.9010606391991534
rho,-0.15,0.430645678650976,0.01195260151983163,0.07510760600905744,0.4787745318161101,0.003519582004024857,338,47,1932,64,0.8407960199004975,0.023749368367862556,0.8779220779220779,0.9762506316321374,0.8589580686149936,0.8313274959042976,0.9085233257663174
rho,-0.1,0.4088529144924244,0.06195260151983162,0.0713067961428208,0.45454621379449656,0.0033414740504267436,337,47,1932,65,0.8383084577114428,0.023749368367862556,0.8776041666666666,0.9762506316321374,0.857506361323155,0.8296671085385663,0.9072795446717901
rho,-0.05,0.38706015033387275,0.11195260151983162,0.06750598627658416,0.4303178957728829,0.0031633660968286297,337,47,1932,65,0.8383084577114428,0.023749368367862556,0.8776041666666666,0.9762506316321374,0.857506361323155,0.8296671085385663,0.9072795446717901
rho,0.05,0.3434746220167695,0.21195260151983164,0.059904366544110875,0.3818612597296557,0.0028071501896324022,333,47,1932,69,0.8283582089552238,0.023749368367862556,0.8763157894736842,0.9762506316321374,0.8516624040920715,0.823010509606513,0.9023044202936806
rho,0.1,0.32168185785821785,0.26195260151983163,0.05610355667787423,0.35763294170804205,0.0026290422360342883,333,47,1932,69,0.8283582089552238,0.023749368367862556,0.8763157894736842,0.9762506316321374,0.8516624040920715,0.823010509606513,0.9023044202936806
rho,0.15,0.2998890936996662,0.3119526015198316,0.05230274681163759,0.3334046236864285,0.002450934282436175,329,47,1932,73,0.818407960199005,0.023749368367862556,0.875,0.9762506316321374,0.8457583547557841,0.8163293214245705,0.8973292959155712
F,-0.15,0.3897299329180853,0.17279882878987202,0.001,0.43328605258990066,0.003185185702141955,335,47,1932,67,0.8333333333333334,0.023749368367862556,0.8769633507853403,0.9762506316321374,0.8545918367346937,0.8263418399892304,0.9047919824827354
F,-0.1,0.3897299329180853,0.17279882878987202,0.001,0.43328605258990066,0.003185185702141955,335,47,1932,67,0.8333333333333334,0.023749368367862556,0.8769633507853403,0.9762506316321374,0.8545918367346937,0.8263418399892304,0.9047919824827354
F,-0.05,0.3847733888238739,0.1706011915493547,0.013705176410347505,0.42777556636938235,0.0031446768470414243,335,47,1932,67,0.8333333333333334,0.023749368367862556,0.8769633507853403,0.9762506316321374,0.8545918367346937,0.8263418399892304,0.9047919824827354
F,0.05,0.3457613835267683,0.15330401149030848,0.11370517641034751,0.3844035891331561,0.002825839439419607,335,47,1932,67,0.8333333333333334,0.023749368367862556,0.8769633507853403,0.9762506316321374,0.8545918367346937,0.8263418399892304,0.9047919824827354
F,0.1,0.32625538087821543,0.14465542146078536,0.1637051764103475,0.3627176005150429,0.002666420735608698,335,47,1932,67,0.8333333333333334,0.023749368367862556,0.8769633507853403,0.9762506316321374,0.8545918367346937,0.8263418399892304,0.9047919824827354
F,0.15,0.30674937822966264,0.13600683143126224,0.2137051764103475,0.3410316118969298,0.0025070020317977896,334,47,1932,68,0.8308457711442786,0.023749368367862556,0.8766404199475065,0.9762506316321374,0.8531289910600255,0.8246769378208906,0.903548201388208
Q,-0.15,0.45752053727990305,0.2028558915075612,0.07979476855013681,0.2560895777512693,0.0037392249111298046,312,47,1932,90,0.7761194029850746,0.023749368367862556,0.8690807799442897,0.9762506316321374,0.8199737187910644,0.7876433558529283,0.8761850173086061
Q,-0.1,0.42676948691170913,0.18922146151165137,0.07443157117020706,0.3060895777512692,0.0034879026551633756,325,47,1932,77,0.8084577114427861,0.023749368367862556,0.8736559139784946,0.9762506316321374,0.8397932816537468,0.809622847472916,0.8923541715374618
Q,-0.05,0.39601843654351515,0.1755870315157415,0.06906837379027728,0.35608957775126926,0.0032365803991969457,335,47,1932,67,0.8333333333333334,0.023749368367862556,0.8769633507853403,0.9762506316321374,0.8545918367346937,0.8263418399892304,0.9047919824827354
Q,0.05,0.33451633580712725,0.1483181715239218,0.05834197903041774,0.45608957775126924,0.0027339358872640863,335,47,1932,67,0.8333333333333334,0.023749368367862556,0.8769633507853403,0.9762506316321374,0.8545918367346937,0.8263418399892304,0.9047919824827354
Q,0.1,0.3037652854389333,0.13468374152801194,0.05297878165048797,0.5060895777512693,0.0024826136312976568,335,47,1932,67,0.8333333333333334,0.023749368367862556,0.8769633507853403,0.9762506316321374,0.8545918367346937,0.8263418399892304,0.9047919824827354
Q,0.15,0.27301423507073935,0.12104931153210209,0.04761558427055821,0.5560895777512692,0.0022312913753312273,335,47,1932,67,0.8333333333333334,0.023749368367862556,0.8769633507853403,0.9762506316321374,0.8545918367346937,0.8263418399892304,0.9047919824827354
eta,-0.15,0.3659947074699999,0.16227508192808102,0.06383202631027883,0.4068981842916404,0.001,336,47,1932,66,0.835820895522388,0.023749368367862556,0.8772845953002611,0.9762506316321374,0.8560509554140127,0.8280052267183716,0.9060357635772627
eta,-0.1,0.3659947074699999,0.16227508192808102,0.06383202631027883,0.4068981842916404,0.001,336,47,1932,66,0.835820895522388,0.023749368367862556,0.8772845953002611,0.9762506316321374,0.8560509554140127,0.8280052267183716,0.9060357635772627
eta,-0.05,0.3659947074699999,0.16227508192808102,0.06383202631027883,0.4068981842916404,0.001,336,47,1932,66,0.835820895522388,0.023749368367862556,0.8772845953002611,0.9762506316321374,0.8560509554140127,0.8280052267183716,0.9060357635772627
eta,0.05,0.34694933274839423,0.15383072554745522,0.060510380298721946,0.3857243032621982,0.05298525814323052,263,47,1932,139,0.654228855721393,0.023749368367862556,0.8483870967741935,0.9762506316321374,0.7387640449438202,0.7018365615491885,0.8152397436767652
eta,0.1,0.3286312793214673,0.1457088495750788,0.057315584187096376,0.3653590287731271,0.10298525814323052,257,47,1932,145,0.6393034825870647,0.023749368367862556,0.8453947368421053,0.9762506316321374,0.7280453257790369,0.6909507967358369,0.807777057109601
eta,0.15,0.31031322589454036,0.13758697360270236,0.05412078807547081,0.34499375428405604,0.15298525814323052,256,47,1932,146,0.6368159203980099,0.023749368367862556,0.8448844884488449,0.9762506316321374,0.7262411347517731,0.6891273081652404,0.8065332760150736
